id,run_name,state,url,created_at,entity,project,seed,lmbda,training_mode,azimuth_buffer,model_target,model_name,model_short,activation,activation_short,data_target,data_name,dataset_short,criterion_target,criterion_short,run_output_dir,no_output_padding,non_square_kernels,wandb_group,tags,group_label,summary,config
bj4n6to3,SHP-gdn_s42_L100.0_rcmc_buf512_MSE_lr0.0001_b4,finished,https://wandb.ai/cedric-leonard/MAYA_DC/runs/bj4n6to3,2026-03-16T16:09:44Z,cedric-leonard,MAYA_DC,42.0,100.0,rcmc,512.0,,ScaleHyperprior,SHP,gdn,GDN,,,MAYA4,MSE,MSE,,,False,,"["" "", ""'"", "","", ""4"", ""BART"", ""["", ""]"", ""_"", ""a"", ""c"", ""e"", ""h"", ""i"", ""l"", ""m"", ""maya4"", ""n"", ""o"", ""p"", ""r"", ""rcmc_compression"", ""s"", ""scale_hyperprior"", ""y""]",SHP-GDN | MAYA4 | rcmc | sq,"{""_runtime"": 858, ""_wandb"": {""runtime"": 858}}","{""callbacks"": ""{'model_checkpoint': {'_target_': 'lightning.pytorch.callbacks.ModelCheckpoint', 'dirpath': '${paths.output_dir}/checkpoints', 'filename': 'epoch_{epoch:03d}_loss_{valid/loss:.4f}', 'monitor': 'valid/loss', 'verbose': False, 'save_last': True, 'save_top_k': 1, 'mode': 'min', 'auto_insert_metric_name': False, 'save_weights_only': False, 'every_n_train_steps': None, 'train_time_interval': None, 'every_n_epochs': None, 'save_on_train_epoch_end': None}, 'early_stopping': {'_target_': 'lightning.pytorch.callbacks.EarlyStopping', 'monitor': 'valid/loss', 'min_delta': 0.0, 'patience': 10, 'verbose': False, 'mode': 'min', 'strict': True, 'check_finite': True, 'stopping_threshold': None, 'divergence_threshold': None, 'check_on_train_epoch_end': False}, 'model_summary': {'_target_': 'lightning.pytorch.callbacks.RichModelSummary', 'max_depth': 2}, 'rich_progress_bar': {'_target_': 'lightning.pytorch.callbacks.RichProgressBar'}, 'monitor_val_recon': {'_target_': 'src.callbacks.monitor_val_reconstruction.MonitorValReconstruction', 'log_every_n_epochs': 1, 'num_images': 3, 'clip_factor': 3.0, 'verbose': False}, 'monitor_fixed_patch': {'_target_': 'src.callbacks.monitor_fixed_patch.MonitorFixedPatch', 'patch_json': 'data/fixed_patches/fogo_volcano_island_vh_20240502.json', 'log_every_n_epochs': 1, 'clip_factor': 3.0, 'verbose': False}}"", ""ckpt_path"": null, ""data"": ""{'_target_': 'src.data.maya4_datamodule.MAYA4DataModule', 'data_dir': '${paths.data_dir}', 'patch_size': '${patch_size}', 'azimuth_buffer': '${azimuth_buffer}', 'batch_size': 4, 'num_workers': 4, 'pin_memory': True, 'train_parts': ['PT2'], 'val_parts': ['PT1'], 'test_parts': ['PT4'], 'years': [2023, 2024, 2025], 'polarizations': ['hh', 'hv'], 'stripmap_modes': [1, 2, 3], 'max_products_train': 10, 'max_products_val': 2, 'max_products_test': 2, 'samples_per_prod': 0, 'online': True}"", ""extras"": ""{'ignore_warnings': False, 'enforce_tags': True, 'print_config': True}"", ""model"": ""{'_target_': 'src.models.rcmc_compress_module.RCMCDCmodule', 'net': {'_target_': 'src.models.components.scale_hyperprior.ScaleHyperprior', 'nb_input_channels': 2, 'nb_channels_main': 128, 'nb_channels_latent': 256, 'activation': 'gdn'}, 'criterion': {'lmbda': 100.0, 'patch_size': '${patch_size}', 'azimuth_buffer': '${azimuth_buffer}', '_target_': 'src.models.components.losses.SimpleMSELoss'}, 'azimuth_buffer': '${azimuth_buffer}', 'net_optimizer': {'_target_': 'torch.optim.Adam', '_partial_': True, 'lr': 0.0001, 'betas': [0.9, 0.999]}, 'aux_optimizer': {'_target_': 'torch.optim.Adam', '_partial_': True, 'lr': 0.001}, 'scheduler': {'_target_': 'torch.optim.lr_scheduler.ReduceLROnPlateau', '_partial_': True, 'mode': 'min', 'factor': 0.5, 'patience': 5}, 'training_mode': 'rcmc', 'gradient_clip_norm': 1.0, 'compile': False}"", ""model/params/non_trainable"": 0, ""model/params/total"": 5626626, ""model/params/trainable"": 5626626, ""seed"": 42, ""tags"": ""['rcmc_compression', 'scale_hyperprior', 'maya4']"", ""task_name"": ""default"", ""trainer"": ""{'_target_': 'lightning.pytorch.trainer.Trainer', 'default_root_dir': '${paths.output_dir}', 'min_epochs': 1, 'max_epochs': 500, 'accelerator': 'gpu', 'devices': 1, 'check_val_every_n_epoch': 1, 'deterministic': False, 'precision': '32-true'}""}"
ca5ri2wt,SHP-gdn_s42_L100.0_rcmc_buf512_MSE_lr0.0001_b4_10000p,finished,https://wandb.ai/cedric-leonard/MAYA_DC/runs/ca5ri2wt,2026-03-23T09:04:00Z,cedric-leonard,MAYA_DC,42.0,100.0,rcmc,512.0,,ScaleHyperprior,SHP,gdn,GDN,,,MAYA4,MSE,MSE,,,False,,"["" "", ""'"", "","", ""4"", ""["", ""]"", ""_"", ""a"", ""c"", ""e"", ""h"", ""i"", ""l"", ""m"", ""maya4"", ""n"", ""o"", ""p"", ""r"", ""rcmc_compression"", ""s"", ""scale_hyperprior"", ""y""]",SHP-GDN | MAYA4 | rcmc | sq,"{""_runtime"": 17}","{""callbacks"": ""{'model_checkpoint': {'_target_': 'lightning.pytorch.callbacks.ModelCheckpoint', 'dirpath': '${paths.output_dir}/checkpoints', 'filename': 'epoch_{epoch:03d}_loss_{valid/loss:.4f}', 'monitor': 'valid/loss', 'verbose': False, 'save_last': True, 'save_top_k': 1, 'mode': 'min', 'auto_insert_metric_name': False, 'save_weights_only': False, 'every_n_train_steps': None, 'train_time_interval': None, 'every_n_epochs': None, 'save_on_train_epoch_end': None}, 'early_stopping': {'_target_': 'lightning.pytorch.callbacks.EarlyStopping', 'monitor': 'valid/loss', 'min_delta': 0.0, 'patience': 10, 'verbose': False, 'mode': 'min', 'strict': True, 'check_finite': True, 'stopping_threshold': None, 'divergence_threshold': None, 'check_on_train_epoch_end': False}, 'model_summary': {'_target_': 'lightning.pytorch.callbacks.RichModelSummary', 'max_depth': 2}, 'rich_progress_bar': {'_target_': 'lightning.pytorch.callbacks.RichProgressBar'}, 'monitor_val_recon': {'_target_': 'src.callbacks.monitor_val_reconstruction.MonitorValReconstruction', 'log_every_n_epochs': 1, 'num_images': 3, 'clip_factor': 3.0, 'verbose': False}, 'monitor_fixed_patch': {'_target_': 'src.callbacks.monitor_fixed_patch.MonitorFixedPatch', 'patch_json': 'data/fixed_patches/fogo_volcano_island_vh_20240502.json', 'log_every_n_epochs': 1, 'clip_factor': 3.0, 'verbose': False}, 'wandb_osh': {'_target_': 'wandb_osh.lightning_hooks.TriggerWandbSyncLightningCallback'}}"", ""ckpt_path"": null, ""data"": ""{'_target_': 'src.data.maya4_dir_datamodule.MAYA4DirDataModule', 'train_dir': '/lustre/projects/1001/rdelprete/SSM/data/ssm_dataset/focused/PT1', 'val_dir': '/lustre/projects/1001/rdelprete/SSM/data/ssm_dataset/focused/PT2', 'test_dir': '/lustre/projects/1001/rdelprete/SSM/data/ssm_dataset/focused/PT3', 'patch_size': '${patch_size}', 'azimuth_buffer': '${azimuth_buffer}', 'batch_size': 4, 'num_workers': 4, 'pin_memory': True, 'max_products_train': 10, 'max_products_val': 2, 'max_products_test': 2, 'samples_per_prod': 1000, 'online': True}"", ""extras"": ""{'ignore_warnings': False, 'enforce_tags': True, 'print_config': True}"", ""model"": ""{'_target_': 'src.models.rcmc_compress_module.RCMCDCmodule', 'net': {'_target_': 'src.models.components.scale_hyperprior.ScaleHyperprior', 'nb_input_channels': 2, 'nb_channels_main': 128, 'nb_channels_latent': 256, 'activation': 'gdn'}, 'criterion': {'lmbda': 100.0, 'patch_size': '${patch_size}', 'azimuth_buffer': '${azimuth_buffer}', '_target_': 'src.models.components.losses.SimpleMSELoss'}, 'azimuth_buffer': '${azimuth_buffer}', 'net_optimizer': {'_target_': 'torch.optim.Adam', '_partial_': True, 'lr': 0.0001, 'betas': [0.9, 0.999]}, 'aux_optimizer': {'_target_': 'torch.optim.Adam', '_partial_': True, 'lr': 0.001}, 'scheduler': {'_target_': 'torch.optim.lr_scheduler.ReduceLROnPlateau', '_partial_': True, 'mode': 'min', 'factor': 0.5, 'patience': 5}, 'training_mode': 'rcmc', 'gradient_clip_norm': 1.0, 'compile': False}"", ""model/params/non_trainable"": 0, ""model/params/total"": 5626626, ""model/params/trainable"": 5626626, ""seed"": 42, ""tags"": ""['rcmc_compression', 'scale_hyperprior', 'maya4']"", ""task_name"": ""default"", ""trainer"": ""{'_target_': 'lightning.pytorch.trainer.Trainer', 'default_root_dir': '${paths.output_dir}', 'min_epochs': 1, 'max_epochs': 10, 'accelerator': 'gpu', 'devices': 4, 'check_val_every_n_epoch': 5, 'deterministic': False, 'precision': '32-true'}""}"
t8mbsbrs,SHP-gdn_s42_L100.0_rcmc_buf512_MSE_lr0.0001_b8_10000p,finished,https://wandb.ai/cedric-leonard/MAYA_DC/runs/t8mbsbrs,2026-03-23T09:04:09Z,cedric-leonard,MAYA_DC,42.0,100.0,rcmc,512.0,,ScaleHyperprior,SHP,gdn,GDN,,,MAYA4,MSE,MSE,,,False,,"[""maya4"", ""rcmc_compression"", ""scale_hyperprior""]",SHP-GDN | MAYA4 | rcmc | sq,{},{}
xv3wp3k4,SHP-gdn_s42_L100.0_rcmc_buf512_MSE_lr0.0001_b4_10000p,finished,https://wandb.ai/cedric-leonard/MAYA_DC/runs/xv3wp3k4,2026-03-23T09:04:31Z,cedric-leonard,MAYA_DC,42.0,100.0,rcmc,512.0,,ScaleHyperprior,SHP,gdn,GDN,,,MAYA4,MSE,MSE,,,False,,"["" "", ""'"", "","", ""4"", ""["", ""]"", ""_"", ""a"", ""c"", ""e"", ""h"", ""i"", ""l"", ""m"", ""maya4"", ""n"", ""o"", ""p"", ""r"", ""rcmc_compression"", ""s"", ""scale_hyperprior"", ""y""]",SHP-GDN | MAYA4 | rcmc | sq,"{""_runtime"": 113, ""_step"": 12, ""_timestamp"": 1773850372.1873865, ""epoch"": 0, ""fixed_patch/reconstruction"": {""_type"": ""image-file"", ""format"": ""png"", ""height"": 600, ""path"": ""media/images/fixed_patch/reconstruction_0_68d92b076060244406b5.png"", ""sha256"": ""68d92b076060244406b5387d88f46633b495c1135004144179992d599c99b582"", ""size"": 804473, ""width"": 1500}, ""train/aux"": 5092.85595703125, ""train/distortion"": 0.2906796932220459, ""train/grad_norm_g_a"": 5.282524108886719, ""train/grad_norm_g_s"": 11.916351318359377, ""train/grad_norm_h_a"": 0.13186460733413696, ""train/grad_norm_h_s"": 0.08842303603887558, ""train/loss"": 30.95061492919922, ""train/lr"": 9.999999747378752e-05, ""train/mse"": 0.2906796932220459, ""train/rate"": 1.882643222808838, ""trainer/global_step"": 649, ""val_batch/coherence_loss"": 0.037579894065856934, ""val_batch/correlation_metric_mean"": 0.9624201059341432, ""val_batch/correlation_metric_std"": ""NaN"", ""val_batch/kde_loss"": 1.039435863494873, ""val_batch/phase_error"": 0.019939005374908447, ""val_batch/psnr_slc"": 19.24770164489746, ""val_batch/reconstructions"": {""_type"": ""image-file"", ""format"": ""png"", ""height"": 1700, ""path"": ""media/images/val_batch/reconstructions_0_1506270743fb03dbb083.png"", ""sha256"": ""1506270743fb03dbb0837d14f5335eaac8b66929e7b2dc74be85b7bf8fab7621"", ""size"": 1233849, ""width"": 500}, ""val_batch/ssim_slc"": 0.10019124299287796, ""val_batch/x_hat_histogram"": {""_type"": ""histogram""}, ""valid/rd_scatter_table"": {""_latest_artifact_path"": ""wandb-client-artifact://nxsco3bfjpr7mq1uyph61c1gdjf2c5dbdiydykg19unf9550ke1y226fspfic57givnec9ws935s0cwj0sek52dsi0gezmiovfaacugmx7qm9xt1ypamlmq9hmw900vi:latest/valid/rd_scatter_table.table.json"", ""_type"": ""table-file"", ""artifact_path"": ""wandb-client-artifact://tzfqj4lqa1bozexwbavgale0k2z1g80mtmhovwpeeunjowi3yt7u6wcb9dcw32egwtzwzx93lrg80at1xrrrqlmren2jgfq74y10xwm0mgg6ujfe2n9qu0i24sm643ty/valid/rd_scatter_table.table.json"", ""log_mode"": ""IMMUTABLE"", ""ncols"": 3, ""nrows"": 1, ""path"": ""media/table/valid/rd_scatter_table_0_c743af639bbdd72469fb.table.json"", ""sha256"": ""c743af639bbdd72469fbb3494d584adc34b8819957091f0e8c05949b630af881"", ""size"": 104}}","{""callbacks"": ""{'model_checkpoint': {'_target_': 'lightning.pytorch.callbacks.ModelCheckpoint', 'dirpath': '${paths.output_dir}/checkpoints', 'filename': 'epoch_{epoch:03d}_loss_{valid/loss:.4f}', 'monitor': 'valid/loss', 'verbose': False, 'save_last': True, 'save_top_k': 1, 'mode': 'min', 'auto_insert_metric_name': False, 'save_weights_only': False, 'every_n_train_steps': None, 'train_time_interval': None, 'every_n_epochs': None, 'save_on_train_epoch_end': None}, 'early_stopping': {'_target_': 'lightning.pytorch.callbacks.EarlyStopping', 'monitor': 'valid/loss', 'min_delta': 0.0, 'patience': 10, 'verbose': False, 'mode': 'min', 'strict': True, 'check_finite': True, 'stopping_threshold': None, 'divergence_threshold': None, 'check_on_train_epoch_end': False}, 'model_summary': {'_target_': 'lightning.pytorch.callbacks.RichModelSummary', 'max_depth': 2}, 'rich_progress_bar': {'_target_': 'lightning.pytorch.callbacks.RichProgressBar'}, 'monitor_val_recon': {'_target_': 'src.callbacks.monitor_val_reconstruction.MonitorValReconstruction', 'log_every_n_epochs': 1, 'num_images': 3, 'clip_factor': 3.0, 'verbose': False}, 'monitor_fixed_patch': {'_target_': 'src.callbacks.monitor_fixed_patch.MonitorFixedPatch', 'patch_json': 'data/fixed_patches/fogo_volcano_island_vh_20240502.json', 'log_every_n_epochs': 1, 'clip_factor': 3.0, 'verbose': False}, 'wandb_osh': {'_target_': 'wandb_osh.lightning_hooks.TriggerWandbSyncLightningCallback'}}"", ""ckpt_path"": null, ""data"": ""{'_target_': 'src.data.maya4_dir_datamodule.MAYA4DirDataModule', 'train_dir': '/lustre/projects/1001/rdelprete/SSM/data/ssm_dataset/focused/PT1', 'val_dir': '/lustre/projects/1001/rdelprete/SSM/data/ssm_dataset/focused/PT2', 'test_dir': '/lustre/projects/1001/rdelprete/SSM/data/ssm_dataset/focused/PT3', 'patch_size': '${patch_size}', 'azimuth_buffer': '${azimuth_buffer}', 'batch_size': 4, 'num_workers': 64, 'pin_memory': True, 'max_products_train': 10, 'max_products_val': 2, 'max_products_test': 2, 'samples_per_prod': 1000, 'online': False}"", ""extras"": ""{'ignore_warnings': False, 'enforce_tags': True, 'print_config': True}"", ""model"": ""{'_target_': 'src.models.rcmc_compress_module.RCMCDCmodule', 'net': {'_target_': 'src.models.components.scale_hyperprior.ScaleHyperprior', 'nb_input_channels': 2, 'nb_channels_main': 128, 'nb_channels_latent': 256, 'activation': 'gdn'}, 'criterion': {'lmbda': 100.0, 'patch_size': '${patch_size}', 'azimuth_buffer': '${azimuth_buffer}', '_target_': 'src.models.components.losses.SimpleMSELoss'}, 'azimuth_buffer': '${azimuth_buffer}', 'net_optimizer': {'_target_': 'torch.optim.Adam', '_partial_': True, 'lr': 0.0001, 'betas': [0.9, 0.999]}, 'aux_optimizer': {'_target_': 'torch.optim.Adam', '_partial_': True, 'lr': 0.001}, 'scheduler': {'_target_': 'torch.optim.lr_scheduler.ReduceLROnPlateau', '_partial_': True, 'mode': 'min', 'factor': 0.5, 'patience': 5}, 'training_mode': 'rcmc', 'gradient_clip_norm': 1.0, 'compile': False}"", ""model/params/non_trainable"": 0, ""model/params/total"": 5626626, ""model/params/trainable"": 5626626, ""seed"": 42, ""tags"": ""['rcmc_compression', 'scale_hyperprior', 'maya4']"", ""task_name"": ""default"", ""trainer"": ""{'_target_': 'lightning.pytorch.trainer.Trainer', 'default_root_dir': '${paths.output_dir}', 'min_epochs': 1, 'max_epochs': 500, 'accelerator': 'gpu', 'devices': 4, 'check_val_every_n_epoch': 5, 'deterministic': False, 'strategy': 'ddp_find_unused_parameters_true', 'num_nodes': 1, 'sync_batchnorm': True, 'precision': '32-true'}""}"
nb5k66eb,SHP-gdn_s42_L100.0_rcmc_buf512_MSE_lr0.0001_b4_10000p,finished,https://wandb.ai/cedric-leonard/MAYA_DC/runs/nb5k66eb,2026-03-23T09:09:27Z,cedric-leonard,MAYA_DC,42.0,100.0,rcmc,512.0,,ScaleHyperprior,SHP,gdn,GDN,,,MAYA4,MSE,MSE,,,False,,"["" "", ""'"", "","", ""4"", ""["", ""]"", ""_"", ""a"", ""c"", ""e"", ""h"", ""i"", ""l"", ""m"", ""maya4"", ""n"", ""o"", ""p"", ""r"", ""rcmc_compression"", ""s"", ""scale_hyperprior"", ""y""]",SHP-GDN | MAYA4 | rcmc | sq,"{""_runtime"": 33}","{""callbacks"": ""{'model_checkpoint': {'_target_': 'lightning.pytorch.callbacks.ModelCheckpoint', 'dirpath': '${paths.output_dir}/checkpoints', 'filename': 'epoch_{epoch:03d}_loss_{valid/loss:.4f}', 'monitor': 'valid/loss', 'verbose': False, 'save_last': True, 'save_top_k': 1, 'mode': 'min', 'auto_insert_metric_name': False, 'save_weights_only': False, 'every_n_train_steps': None, 'train_time_interval': None, 'every_n_epochs': None, 'save_on_train_epoch_end': None}, 'early_stopping': {'_target_': 'lightning.pytorch.callbacks.EarlyStopping', 'monitor': 'valid/loss', 'min_delta': 0.0, 'patience': 10, 'verbose': False, 'mode': 'min', 'strict': True, 'check_finite': True, 'stopping_threshold': None, 'divergence_threshold': None, 'check_on_train_epoch_end': False}, 'model_summary': {'_target_': 'lightning.pytorch.callbacks.RichModelSummary', 'max_depth': 2}, 'rich_progress_bar': {'_target_': 'lightning.pytorch.callbacks.RichProgressBar'}, 'monitor_val_recon': {'_target_': 'src.callbacks.monitor_val_reconstruction.MonitorValReconstruction', 'log_every_n_epochs': 1, 'num_images': 3, 'clip_factor': 3.0, 'verbose': False}, 'monitor_fixed_patch': {'_target_': 'src.callbacks.monitor_fixed_patch.MonitorFixedPatch', 'patch_json': 'data/fixed_patches/fogo_volcano_island_vh_20240502.json', 'log_every_n_epochs': 1, 'clip_factor': 3.0, 'verbose': False}, 'wandb_osh': {'_target_': 'wandb_osh.lightning_hooks.TriggerWandbSyncLightningCallback'}}"", ""ckpt_path"": null, ""data"": ""{'_target_': 'src.data.maya4_dir_datamodule.MAYA4DirDataModule', 'train_dir': '/lustre/projects/1001/rdelprete/SSM/data/ssm_dataset/focused/PT1', 'val_dir': '/lustre/projects/1001/rdelprete/SSM/data/ssm_dataset/focused/PT2', 'test_dir': '/lustre/projects/1001/rdelprete/SSM/data/ssm_dataset/focused/PT3', 'patch_size': '${patch_size}', 'azimuth_buffer': '${azimuth_buffer}', 'batch_size': 4, 'num_workers': 4, 'pin_memory': True, 'max_products_train': 10, 'max_products_val': 2, 'max_products_test': 2, 'samples_per_prod': 1000, 'online': True}"", ""extras"": ""{'ignore_warnings': False, 'enforce_tags': True, 'print_config': True}"", ""model"": ""{'_target_': 'src.models.rcmc_compress_module.RCMCDCmodule', 'net': {'_target_': 'src.models.components.scale_hyperprior.ScaleHyperprior', 'nb_input_channels': 2, 'nb_channels_main': 128, 'nb_channels_latent': 256, 'activation': 'gdn'}, 'criterion': {'lmbda': 100.0, 'patch_size': '${patch_size}', 'azimuth_buffer': '${azimuth_buffer}', '_target_': 'src.models.components.losses.SimpleMSELoss'}, 'azimuth_buffer': '${azimuth_buffer}', 'net_optimizer': {'_target_': 'torch.optim.Adam', '_partial_': True, 'lr': 0.0001, 'betas': [0.9, 0.999]}, 'aux_optimizer': {'_target_': 'torch.optim.Adam', '_partial_': True, 'lr': 0.001}, 'scheduler': {'_target_': 'torch.optim.lr_scheduler.ReduceLROnPlateau', '_partial_': True, 'mode': 'min', 'factor': 0.5, 'patience': 5}, 'training_mode': 'rcmc', 'gradient_clip_norm': 1.0, 'compile': False}"", ""model/params/non_trainable"": 0, ""model/params/total"": 5626626, ""model/params/trainable"": 5626626, ""seed"": 42, ""tags"": ""['rcmc_compression', 'scale_hyperprior', 'maya4']"", ""task_name"": ""default"", ""trainer"": ""{'_target_': 'lightning.pytorch.trainer.Trainer', 'default_root_dir': '${paths.output_dir}', 'min_epochs': 1, 'max_epochs': 10, 'accelerator': 'gpu', 'devices': 4, 'check_val_every_n_epoch': 5, 'deterministic': False, 'strategy': 'ddp', 'num_nodes': 1, 'sync_batchnorm': True, 'precision': '32-true'}""}"
j0rt3sgg,SHP-gdn_s42_L100.0_rcmc_buf512_MSE_lr0.0001_b4_10000p,finished,https://wandb.ai/cedric-leonard/MAYA_DC/runs/j0rt3sgg,2026-03-23T09:09:36Z,cedric-leonard,MAYA_DC,42.0,100.0,rcmc,512.0,,ScaleHyperprior,SHP,gdn,GDN,,,MAYA4,MSE,MSE,,,False,,"["" "", ""'"", "","", ""4"", ""["", ""]"", ""_"", ""a"", ""c"", ""e"", ""h"", ""i"", ""l"", ""m"", ""maya4"", ""n"", ""o"", ""p"", ""r"", ""rcmc_compression"", ""s"", ""scale_hyperprior"", ""y""]",SHP-GDN | MAYA4 | rcmc | sq,"{""_runtime"": 13}","{""callbacks"": ""{'model_checkpoint': {'_target_': 'lightning.pytorch.callbacks.ModelCheckpoint', 'dirpath': '${paths.output_dir}/checkpoints', 'filename': 'epoch_{epoch:03d}_loss_{valid/loss:.4f}', 'monitor': 'valid/loss', 'verbose': False, 'save_last': True, 'save_top_k': 1, 'mode': 'min', 'auto_insert_metric_name': False, 'save_weights_only': False, 'every_n_train_steps': None, 'train_time_interval': None, 'every_n_epochs': None, 'save_on_train_epoch_end': None}, 'early_stopping': {'_target_': 'lightning.pytorch.callbacks.EarlyStopping', 'monitor': 'valid/loss', 'min_delta': 0.0, 'patience': 10, 'verbose': False, 'mode': 'min', 'strict': True, 'check_finite': True, 'stopping_threshold': None, 'divergence_threshold': None, 'check_on_train_epoch_end': False}, 'model_summary': {'_target_': 'lightning.pytorch.callbacks.RichModelSummary', 'max_depth': 2}, 'rich_progress_bar': {'_target_': 'lightning.pytorch.callbacks.RichProgressBar'}, 'monitor_val_recon': {'_target_': 'src.callbacks.monitor_val_reconstruction.MonitorValReconstruction', 'log_every_n_epochs': 1, 'num_images': 3, 'clip_factor': 3.0, 'verbose': False}, 'monitor_fixed_patch': {'_target_': 'src.callbacks.monitor_fixed_patch.MonitorFixedPatch', 'patch_json': 'data/fixed_patches/fogo_volcano_island_vh_20240502.json', 'log_every_n_epochs': 1, 'clip_factor': 3.0, 'verbose': False}, 'wandb_osh': {'_target_': 'wandb_osh.lightning_hooks.TriggerWandbSyncLightningCallback'}}"", ""ckpt_path"": null, ""data"": ""{'_target_': 'src.data.maya4_dir_datamodule.MAYA4DirDataModule', 'train_dir': '/lustre/projects/1001/rdelprete/SSM/data/ssm_dataset/focused/PT1', 'val_dir': '/lustre/projects/1001/rdelprete/SSM/data/ssm_dataset/focused/PT2', 'test_dir': '/lustre/projects/1001/rdelprete/SSM/data/ssm_dataset/focused/PT3', 'patch_size': '${patch_size}', 'azimuth_buffer': '${azimuth_buffer}', 'batch_size': 4, 'num_workers': 4, 'pin_memory': True, 'max_products_train': 10, 'max_products_val': 2, 'max_products_test': 2, 'samples_per_prod': 1000, 'online': True}"", ""extras"": ""{'ignore_warnings': False, 'enforce_tags': True, 'print_config': True}"", ""model"": ""{'_target_': 'src.models.rcmc_compress_module.RCMCDCmodule', 'net': {'_target_': 'src.models.components.scale_hyperprior.ScaleHyperprior', 'nb_input_channels': 2, 'nb_channels_main': 128, 'nb_channels_latent': 256, 'activation': 'gdn'}, 'criterion': {'lmbda': 100.0, 'patch_size': '${patch_size}', 'azimuth_buffer': '${azimuth_buffer}', '_target_': 'src.models.components.losses.SimpleMSELoss'}, 'azimuth_buffer': '${azimuth_buffer}', 'net_optimizer': {'_target_': 'torch.optim.Adam', '_partial_': True, 'lr': 0.0001, 'betas': [0.9, 0.999]}, 'aux_optimizer': {'_target_': 'torch.optim.Adam', '_partial_': True, 'lr': 0.001}, 'scheduler': {'_target_': 'torch.optim.lr_scheduler.ReduceLROnPlateau', '_partial_': True, 'mode': 'min', 'factor': 0.5, 'patience': 5}, 'training_mode': 'rcmc', 'gradient_clip_norm': 1.0, 'compile': False}"", ""model/params/non_trainable"": 0, ""model/params/total"": 5626626, ""model/params/trainable"": 5626626, ""seed"": 42, ""tags"": ""['rcmc_compression', 'scale_hyperprior', 'maya4']"", ""task_name"": ""default"", ""trainer"": ""{'_target_': 'lightning.pytorch.trainer.Trainer', 'default_root_dir': '${paths.output_dir}', 'min_epochs': 1, 'max_epochs': 10, 'accelerator': 'gpu', 'devices': 4, 'check_val_every_n_epoch': 5, 'deterministic': False, 'strategy': 'ddp', 'num_nodes': 1, 'sync_batchnorm': True, 'precision': '32-true'}""}"
10jiwfni,SHP-gdn_s42_L100.0_rcmc_buf512_MSE_lr0.0001_b4_10000p,finished,https://wandb.ai/cedric-leonard/MAYA_DC/runs/10jiwfni,2026-03-23T09:09:57Z,cedric-leonard,MAYA_DC,42.0,100.0,rcmc,512.0,,ScaleHyperprior,SHP,gdn,GDN,,,MAYA4,MSE,MSE,,,False,,"["" "", ""'"", "","", ""4"", ""["", ""]"", ""_"", ""a"", ""c"", ""e"", ""h"", ""i"", ""l"", ""m"", ""maya4"", ""n"", ""o"", ""p"", ""r"", ""rcmc_compression"", ""s"", ""scale_hyperprior"", ""y""]",SHP-GDN | MAYA4 | rcmc | sq,"{""_runtime"": 36}","{""callbacks"": ""{'model_checkpoint': {'_target_': 'lightning.pytorch.callbacks.ModelCheckpoint', 'dirpath': '${paths.output_dir}/checkpoints', 'filename': 'epoch_{epoch:03d}_loss_{valid/loss:.4f}', 'monitor': 'valid/loss', 'verbose': False, 'save_last': True, 'save_top_k': 1, 'mode': 'min', 'auto_insert_metric_name': False, 'save_weights_only': False, 'every_n_train_steps': None, 'train_time_interval': None, 'every_n_epochs': None, 'save_on_train_epoch_end': None}, 'early_stopping': {'_target_': 'lightning.pytorch.callbacks.EarlyStopping', 'monitor': 'valid/loss', 'min_delta': 0.0, 'patience': 10, 'verbose': False, 'mode': 'min', 'strict': True, 'check_finite': True, 'stopping_threshold': None, 'divergence_threshold': None, 'check_on_train_epoch_end': False}, 'model_summary': {'_target_': 'lightning.pytorch.callbacks.RichModelSummary', 'max_depth': 2}, 'rich_progress_bar': {'_target_': 'lightning.pytorch.callbacks.RichProgressBar'}, 'monitor_val_recon': {'_target_': 'src.callbacks.monitor_val_reconstruction.MonitorValReconstruction', 'log_every_n_epochs': 1, 'num_images': 3, 'clip_factor': 3.0, 'verbose': False}, 'monitor_fixed_patch': {'_target_': 'src.callbacks.monitor_fixed_patch.MonitorFixedPatch', 'patch_json': 'data/fixed_patches/fogo_volcano_island_vh_20240502.json', 'log_every_n_epochs': 1, 'clip_factor': 3.0, 'verbose': False}, 'wandb_osh': {'_target_': 'wandb_osh.lightning_hooks.TriggerWandbSyncLightningCallback'}}"", ""ckpt_path"": null, ""data"": ""{'_target_': 'src.data.maya4_dir_datamodule.MAYA4DirDataModule', 'train_dir': '/lustre/projects/1001/rdelprete/SSM/data/ssm_dataset/focused/PT1', 'val_dir': '/lustre/projects/1001/rdelprete/SSM/data/ssm_dataset/focused/PT2', 'test_dir': '/lustre/projects/1001/rdelprete/SSM/data/ssm_dataset/focused/PT3', 'patch_size': '${patch_size}', 'azimuth_buffer': '${azimuth_buffer}', 'batch_size': 4, 'num_workers': 4, 'pin_memory': True, 'max_products_train': 10, 'max_products_val': 2, 'max_products_test': 2, 'samples_per_prod': 1000, 'online': True}"", ""extras"": ""{'ignore_warnings': False, 'enforce_tags': True, 'print_config': True}"", ""model"": ""{'_target_': 'src.models.rcmc_compress_module.RCMCDCmodule', 'net': {'_target_': 'src.models.components.scale_hyperprior.ScaleHyperprior', 'nb_input_channels': 2, 'nb_channels_main': 128, 'nb_channels_latent': 256, 'activation': 'gdn'}, 'criterion': {'lmbda': 100.0, 'patch_size': '${patch_size}', 'azimuth_buffer': '${azimuth_buffer}', '_target_': 'src.models.components.losses.SimpleMSELoss'}, 'azimuth_buffer': '${azimuth_buffer}', 'net_optimizer': {'_target_': 'torch.optim.Adam', '_partial_': True, 'lr': 0.0001, 'betas': [0.9, 0.999]}, 'aux_optimizer': {'_target_': 'torch.optim.Adam', '_partial_': True, 'lr': 0.001}, 'scheduler': {'_target_': 'torch.optim.lr_scheduler.ReduceLROnPlateau', '_partial_': True, 'mode': 'min', 'factor': 0.5, 'patience': 5}, 'training_mode': 'rcmc', 'gradient_clip_norm': 1.0, 'compile': False}"", ""model/params/non_trainable"": 0, ""model/params/total"": 5626626, ""model/params/trainable"": 5626626, ""seed"": 42, ""tags"": ""['rcmc_compression', 'scale_hyperprior', 'maya4']"", ""task_name"": ""default"", ""trainer"": ""{'_target_': 'lightning.pytorch.trainer.Trainer', 'default_root_dir': '${paths.output_dir}', 'min_epochs': 1, 'max_epochs': 10, 'accelerator': 'gpu', 'devices': 4, 'check_val_every_n_epoch': 5, 'deterministic': False, 'strategy': 'ddp', 'num_nodes': 1, 'sync_batchnorm': True, 'precision': '32-true'}""}"
hkarq0ic,SHP-gdn_s42_L100.0_rcmc_buf512_MSE_lr0.0001_b4_10000p,finished,https://wandb.ai/cedric-leonard/MAYA_DC/runs/hkarq0ic,2026-03-23T09:10:19Z,cedric-leonard,MAYA_DC,42.0,100.0,rcmc,512.0,,ScaleHyperprior,SHP,gdn,GDN,,,MAYA4,MSE,MSE,,,False,,"["" "", ""'"", "","", ""4"", ""["", ""]"", ""_"", ""a"", ""c"", ""e"", ""h"", ""i"", ""l"", ""m"", ""maya4"", ""n"", ""o"", ""p"", ""r"", ""rcmc_compression"", ""s"", ""scale_hyperprior"", ""y""]",SHP-GDN | MAYA4 | rcmc | sq,"{""_runtime"": 72.074185401, ""_step"": 0, ""_timestamp"": 1773842250.5074146, ""fixed_patch/reconstruction"": {""_type"": ""image-file"", ""format"": ""png"", ""height"": 600, ""path"": ""media/images/fixed_patch/reconstruction_0_68d92b076060244406b5.png"", ""sha256"": ""68d92b076060244406b5387d88f46633b495c1135004144179992d599c99b582"", ""size"": 804473, ""width"": 1500}, ""val_batch/coherence_loss"": 0.037579894065856934, ""val_batch/correlation_metric_mean"": 0.9624201059341432, ""val_batch/correlation_metric_std"": ""NaN"", ""val_batch/kde_loss"": 1.039435863494873, ""val_batch/phase_error"": 0.019939005374908447, ""val_batch/psnr_slc"": 19.24770164489746, ""val_batch/reconstructions"": {""_type"": ""image-file"", ""format"": ""png"", ""height"": 1700, ""path"": ""media/images/val_batch/reconstructions_0_1506270743fb03dbb083.png"", ""sha256"": ""1506270743fb03dbb0837d14f5335eaac8b66929e7b2dc74be85b7bf8fab7621"", ""size"": 1233849, ""width"": 500}, ""val_batch/ssim_slc"": 0.10019124299287796, ""val_batch/x_hat_histogram"": {""_type"": ""histogram""}, ""valid/rd_scatter_table"": {""_latest_artifact_path"": ""wandb-client-artifact://wm0j0slqjhpp7fdkkji2z24uaj3dntzha3qmztfaxm1ns9zq1zsubmqzxvsdfs0soozpfwincgw45dt2z9wz079t7gpsl247ggw4naedeseawplsq3s4yjy6jdw1gp74:latest/valid/rd_scatter_table.table.json"", ""_type"": ""table-file"", ""artifact_path"": ""wandb-client-artifact://hq5rcwfqbal36yyqj0hiw9e7iqkgal4t5c0hock31qmik0ymbvtb4rpr9q2ghvtr99azwuy2o97wp8o4z30tgqup8dk6j8l3u2v2r1m17bx0cybah6omnp4607h6jawd/valid/rd_scatter_table.table.json"", ""log_mode"": ""IMMUTABLE"", ""ncols"": 3, ""nrows"": 1, ""path"": ""media/table/valid/rd_scatter_table_0_c743af639bbdd72469fb.table.json"", ""sha256"": ""c743af639bbdd72469fbb3494d584adc34b8819957091f0e8c05949b630af881"", ""size"": 104}}","{""callbacks"": ""{'model_checkpoint': {'_target_': 'lightning.pytorch.callbacks.ModelCheckpoint', 'dirpath': '${paths.output_dir}/checkpoints', 'filename': 'epoch_{epoch:03d}_loss_{valid/loss:.4f}', 'monitor': 'valid/loss', 'verbose': False, 'save_last': True, 'save_top_k': 1, 'mode': 'min', 'auto_insert_metric_name': False, 'save_weights_only': False, 'every_n_train_steps': None, 'train_time_interval': None, 'every_n_epochs': None, 'save_on_train_epoch_end': None}, 'early_stopping': {'_target_': 'lightning.pytorch.callbacks.EarlyStopping', 'monitor': 'valid/loss', 'min_delta': 0.0, 'patience': 10, 'verbose': False, 'mode': 'min', 'strict': True, 'check_finite': True, 'stopping_threshold': None, 'divergence_threshold': None, 'check_on_train_epoch_end': False}, 'model_summary': {'_target_': 'lightning.pytorch.callbacks.RichModelSummary', 'max_depth': 2}, 'rich_progress_bar': {'_target_': 'lightning.pytorch.callbacks.RichProgressBar'}, 'monitor_val_recon': {'_target_': 'src.callbacks.monitor_val_reconstruction.MonitorValReconstruction', 'log_every_n_epochs': 1, 'num_images': 3, 'clip_factor': 3.0, 'verbose': False}, 'monitor_fixed_patch': {'_target_': 'src.callbacks.monitor_fixed_patch.MonitorFixedPatch', 'patch_json': 'data/fixed_patches/fogo_volcano_island_vh_20240502.json', 'log_every_n_epochs': 1, 'clip_factor': 3.0, 'verbose': False}, 'wandb_osh': {'_target_': 'wandb_osh.lightning_hooks.TriggerWandbSyncLightningCallback'}}"", ""ckpt_path"": null, ""data"": ""{'_target_': 'src.data.maya4_dir_datamodule.MAYA4DirDataModule', 'train_dir': '/lustre/projects/1001/rdelprete/SSM/data/ssm_dataset/focused/PT1', 'val_dir': '/lustre/projects/1001/rdelprete/SSM/data/ssm_dataset/focused/PT2', 'test_dir': '/lustre/projects/1001/rdelprete/SSM/data/ssm_dataset/focused/PT3', 'patch_size': '${patch_size}', 'azimuth_buffer': '${azimuth_buffer}', 'batch_size': 4, 'num_workers': 4, 'pin_memory': True, 'max_products_train': 10, 'max_products_val': 2, 'max_products_test': 2, 'samples_per_prod': 1000, 'online': False}"", ""extras"": ""{'ignore_warnings': False, 'enforce_tags': True, 'print_config': True}"", ""model"": ""{'_target_': 'src.models.rcmc_compress_module.RCMCDCmodule', 'net': {'_target_': 'src.models.components.scale_hyperprior.ScaleHyperprior', 'nb_input_channels': 2, 'nb_channels_main': 128, 'nb_channels_latent': 256, 'activation': 'gdn'}, 'criterion': {'lmbda': 100.0, 'patch_size': '${patch_size}', 'azimuth_buffer': '${azimuth_buffer}', '_target_': 'src.models.components.losses.SimpleMSELoss'}, 'azimuth_buffer': '${azimuth_buffer}', 'net_optimizer': {'_target_': 'torch.optim.Adam', '_partial_': True, 'lr': 0.0001, 'betas': [0.9, 0.999]}, 'aux_optimizer': {'_target_': 'torch.optim.Adam', '_partial_': True, 'lr': 0.001}, 'scheduler': {'_target_': 'torch.optim.lr_scheduler.ReduceLROnPlateau', '_partial_': True, 'mode': 'min', 'factor': 0.5, 'patience': 5}, 'training_mode': 'rcmc', 'gradient_clip_norm': 1.0, 'compile': False}"", ""model/params/non_trainable"": 0, ""model/params/total"": 5626626, ""model/params/trainable"": 5626626, ""seed"": 42, ""tags"": ""['rcmc_compression', 'scale_hyperprior', 'maya4']"", ""task_name"": ""default"", ""trainer"": ""{'_target_': 'lightning.pytorch.trainer.Trainer', 'default_root_dir': '${paths.output_dir}', 'min_epochs': 1, 'max_epochs': 10, 'accelerator': 'gpu', 'devices': 4, 'check_val_every_n_epoch': 5, 'deterministic': False, 'strategy': 'ddp', 'num_nodes': 1, 'sync_batchnorm': True, 'precision': '32-true'}""}"
w2voe8hj,SHP-gdn_s42_L100.0_rcmc_buf512_MSE_lr0.0001_b4_10000p,finished,https://wandb.ai/cedric-leonard/MAYA_DC/runs/w2voe8hj,2026-03-23T09:18:47Z,cedric-leonard,MAYA_DC,42.0,100.0,rcmc,512.0,,ScaleHyperprior,SHP,gdn,GDN,,,MAYA4,MSE,MSE,,,False,,"["" "", ""'"", "","", ""4"", ""["", ""]"", ""_"", ""a"", ""c"", ""e"", ""h"", ""i"", ""l"", ""m"", ""maya4"", ""n"", ""o"", ""p"", ""r"", ""rcmc_compression"", ""s"", ""scale_hyperprior"", ""y""]",SHP-GDN | MAYA4 | rcmc | sq,"{""_runtime"": 22}","{""callbacks"": ""{'model_checkpoint': {'_target_': 'lightning.pytorch.callbacks.ModelCheckpoint', 'dirpath': '${paths.output_dir}/checkpoints', 'filename': 'epoch_{epoch:03d}_loss_{valid/loss:.4f}', 'monitor': 'valid/loss', 'verbose': False, 'save_last': True, 'save_top_k': 1, 'mode': 'min', 'auto_insert_metric_name': False, 'save_weights_only': False, 'every_n_train_steps': None, 'train_time_interval': None, 'every_n_epochs': None, 'save_on_train_epoch_end': None}, 'early_stopping': {'_target_': 'lightning.pytorch.callbacks.EarlyStopping', 'monitor': 'valid/loss', 'min_delta': 0.0, 'patience': 10, 'verbose': False, 'mode': 'min', 'strict': True, 'check_finite': True, 'stopping_threshold': None, 'divergence_threshold': None, 'check_on_train_epoch_end': False}, 'model_summary': {'_target_': 'lightning.pytorch.callbacks.RichModelSummary', 'max_depth': 2}, 'rich_progress_bar': {'_target_': 'lightning.pytorch.callbacks.RichProgressBar'}, 'monitor_val_recon': {'_target_': 'src.callbacks.monitor_val_reconstruction.MonitorValReconstruction', 'log_every_n_epochs': 1, 'num_images': 3, 'clip_factor': 3.0, 'verbose': False}, 'monitor_fixed_patch': {'_target_': 'src.callbacks.monitor_fixed_patch.MonitorFixedPatch', 'patch_json': 'data/fixed_patches/fogo_volcano_island_vh_20240502.json', 'log_every_n_epochs': 1, 'clip_factor': 3.0, 'verbose': False}, 'wandb_osh': {'_target_': 'wandb_osh.lightning_hooks.TriggerWandbSyncLightningCallback'}}"", ""ckpt_path"": null, ""data"": ""{'_target_': 'src.data.maya4_dir_datamodule.MAYA4DirDataModule', 'train_dir': '/lustre/projects/1001/rdelprete/SSM/data/ssm_dataset/focused/PT1', 'val_dir': '/lustre/projects/1001/rdelprete/SSM/data/ssm_dataset/focused/PT2', 'test_dir': '/lustre/projects/1001/rdelprete/SSM/data/ssm_dataset/focused/PT3', 'patch_size': '${patch_size}', 'azimuth_buffer': '${azimuth_buffer}', 'batch_size': 4, 'num_workers': 4, 'pin_memory': True, 'max_products_train': 10, 'max_products_val': 2, 'max_products_test': 2, 'samples_per_prod': 1000, 'online': True}"", ""extras"": ""{'ignore_warnings': False, 'enforce_tags': True, 'print_config': True}"", ""model"": ""{'_target_': 'src.models.rcmc_compress_module.RCMCDCmodule', 'net': {'_target_': 'src.models.components.scale_hyperprior.ScaleHyperprior', 'nb_input_channels': 2, 'nb_channels_main': 128, 'nb_channels_latent': 256, 'activation': 'gdn'}, 'criterion': {'lmbda': 100.0, 'patch_size': '${patch_size}', 'azimuth_buffer': '${azimuth_buffer}', '_target_': 'src.models.components.losses.SimpleMSELoss'}, 'azimuth_buffer': '${azimuth_buffer}', 'net_optimizer': {'_target_': 'torch.optim.Adam', '_partial_': True, 'lr': 0.0001, 'betas': [0.9, 0.999]}, 'aux_optimizer': {'_target_': 'torch.optim.Adam', '_partial_': True, 'lr': 0.001}, 'scheduler': {'_target_': 'torch.optim.lr_scheduler.ReduceLROnPlateau', '_partial_': True, 'mode': 'min', 'factor': 0.5, 'patience': 5}, 'training_mode': 'rcmc', 'gradient_clip_norm': 1.0, 'compile': False}"", ""model/params/non_trainable"": 0, ""model/params/total"": 5626626, ""model/params/trainable"": 5626626, ""seed"": 42, ""tags"": ""['rcmc_compression', 'scale_hyperprior', 'maya4']"", ""task_name"": ""default"", ""trainer"": ""{'_target_': 'lightning.pytorch.trainer.Trainer', 'default_root_dir': '${paths.output_dir}', 'min_epochs': 1, 'max_epochs': 10, 'accelerator': 'gpu', 'devices': 4, 'check_val_every_n_epoch': 5, 'deterministic': False, 'strategy': 'ddp', 'num_nodes': 1, 'sync_batchnorm': True, 'precision': '32-true'}""}"
r0oxu6h9,SHP-gdn_s42_L100.0_rcmc_buf512_MSE_lr0.0001_b12_10000p,finished,https://wandb.ai/cedric-leonard/MAYA_DC/runs/r0oxu6h9,2026-03-23T09:21:08Z,cedric-leonard,MAYA_DC,42.0,100.0,rcmc,512.0,,ScaleHyperprior,SHP,gdn,GDN,,,MAYA4,MSE,MSE,,,False,,"[""maya4"", ""rcmc_compression"", ""scale_hyperprior""]",SHP-GDN | MAYA4 | rcmc | sq,{},{}
c4lpvxqo,SHP-gdn_s42_L100.0_rcmc_buf512_MSE_lr0.0001_b4_10000p,finished,https://wandb.ai/cedric-leonard/MAYA_DC/runs/c4lpvxqo,2026-03-23T09:23:48Z,cedric-leonard,MAYA_DC,42.0,100.0,rcmc,512.0,,ScaleHyperprior,SHP,gdn,GDN,,,MAYA4,MSE,MSE,,,False,,"["" "", ""'"", "","", ""4"", ""["", ""]"", ""_"", ""a"", ""c"", ""e"", ""h"", ""i"", ""l"", ""m"", ""maya4"", ""n"", ""o"", ""p"", ""r"", ""rcmc_compression"", ""s"", ""scale_hyperprior"", ""y""]",SHP-GDN | MAYA4 | rcmc | sq,"{""_runtime"": 17}","{""callbacks"": ""{'model_checkpoint': {'_target_': 'lightning.pytorch.callbacks.ModelCheckpoint', 'dirpath': '${paths.output_dir}/checkpoints', 'filename': 'epoch_{epoch:03d}_loss_{valid/loss:.4f}', 'monitor': 'valid/loss', 'verbose': False, 'save_last': True, 'save_top_k': 1, 'mode': 'min', 'auto_insert_metric_name': False, 'save_weights_only': False, 'every_n_train_steps': None, 'train_time_interval': None, 'every_n_epochs': None, 'save_on_train_epoch_end': None}, 'early_stopping': {'_target_': 'lightning.pytorch.callbacks.EarlyStopping', 'monitor': 'valid/loss', 'min_delta': 0.0, 'patience': 10, 'verbose': False, 'mode': 'min', 'strict': True, 'check_finite': True, 'stopping_threshold': None, 'divergence_threshold': None, 'check_on_train_epoch_end': False}, 'model_summary': {'_target_': 'lightning.pytorch.callbacks.RichModelSummary', 'max_depth': 2}, 'rich_progress_bar': {'_target_': 'lightning.pytorch.callbacks.RichProgressBar'}, 'monitor_val_recon': {'_target_': 'src.callbacks.monitor_val_reconstruction.MonitorValReconstruction', 'log_every_n_epochs': 1, 'num_images': 3, 'clip_factor': 3.0, 'verbose': False}, 'monitor_fixed_patch': {'_target_': 'src.callbacks.monitor_fixed_patch.MonitorFixedPatch', 'patch_json': 'data/fixed_patches/fogo_volcano_island_vh_20240502.json', 'log_every_n_epochs': 1, 'clip_factor': 3.0, 'verbose': False}, 'wandb_osh': {'_target_': 'wandb_osh.lightning_hooks.TriggerWandbSyncLightningCallback'}}"", ""ckpt_path"": null, ""data"": ""{'_target_': 'src.data.maya4_dir_datamodule.MAYA4DirDataModule', 'train_dir': '/lustre/projects/1001/rdelprete/SSM/data/ssm_dataset/focused/PT1', 'val_dir': '/lustre/projects/1001/rdelprete/SSM/data/ssm_dataset/focused/PT2', 'test_dir': '/lustre/projects/1001/rdelprete/SSM/data/ssm_dataset/focused/PT3', 'patch_size': '${patch_size}', 'azimuth_buffer': '${azimuth_buffer}', 'batch_size': 4, 'num_workers': 4, 'pin_memory': True, 'max_products_train': 10, 'max_products_val': 2, 'max_products_test': 2, 'samples_per_prod': 1000, 'online': True}"", ""extras"": ""{'ignore_warnings': False, 'enforce_tags': True, 'print_config': True}"", ""model"": ""{'_target_': 'src.models.rcmc_compress_module.RCMCDCmodule', 'net': {'_target_': 'src.models.components.scale_hyperprior.ScaleHyperprior', 'nb_input_channels': 2, 'nb_channels_main': 128, 'nb_channels_latent': 256, 'activation': 'gdn'}, 'criterion': {'lmbda': 100.0, 'patch_size': '${patch_size}', 'azimuth_buffer': '${azimuth_buffer}', '_target_': 'src.models.components.losses.SimpleMSELoss'}, 'azimuth_buffer': '${azimuth_buffer}', 'net_optimizer': {'_target_': 'torch.optim.Adam', '_partial_': True, 'lr': 0.0001, 'betas': [0.9, 0.999]}, 'aux_optimizer': {'_target_': 'torch.optim.Adam', '_partial_': True, 'lr': 0.001}, 'scheduler': {'_target_': 'torch.optim.lr_scheduler.ReduceLROnPlateau', '_partial_': True, 'mode': 'min', 'factor': 0.5, 'patience': 5}, 'training_mode': 'rcmc', 'gradient_clip_norm': 1.0, 'compile': False}"", ""model/params/non_trainable"": 0, ""model/params/total"": 5626626, ""model/params/trainable"": 5626626, ""seed"": 42, ""tags"": ""['rcmc_compression', 'scale_hyperprior', 'maya4']"", ""task_name"": ""default"", ""trainer"": ""{'_target_': 'lightning.pytorch.trainer.Trainer', 'default_root_dir': '${paths.output_dir}', 'min_epochs': 1, 'max_epochs': 10, 'accelerator': 'gpu', 'devices': 4, 'check_val_every_n_epoch': 5, 'deterministic': False, 'precision': '32-true'}""}"
ui02q790,SHP-gdn_s42_L100.0_rcmc_buf512_MSE_lr0.0001_b4_10000p,finished,https://wandb.ai/cedric-leonard/MAYA_DC/runs/ui02q790,2026-03-23T09:23:56Z,cedric-leonard,MAYA_DC,42.0,100.0,rcmc,512.0,,ScaleHyperprior,SHP,gdn,GDN,,,MAYA4,MSE,MSE,,,False,,"["" "", ""'"", "","", ""4"", ""["", ""]"", ""_"", ""a"", ""c"", ""e"", ""h"", ""i"", ""l"", ""m"", ""maya4"", ""n"", ""o"", ""p"", ""r"", ""rcmc_compression"", ""s"", ""scale_hyperprior"", ""y""]",SHP-GDN | MAYA4 | rcmc | sq,"{""_runtime"": 43}","{""callbacks"": ""{'model_checkpoint': {'_target_': 'lightning.pytorch.callbacks.ModelCheckpoint', 'dirpath': '${paths.output_dir}/checkpoints', 'filename': 'epoch_{epoch:03d}_loss_{valid/loss:.4f}', 'monitor': 'valid/loss', 'verbose': False, 'save_last': True, 'save_top_k': 1, 'mode': 'min', 'auto_insert_metric_name': False, 'save_weights_only': False, 'every_n_train_steps': None, 'train_time_interval': None, 'every_n_epochs': None, 'save_on_train_epoch_end': None}, 'early_stopping': {'_target_': 'lightning.pytorch.callbacks.EarlyStopping', 'monitor': 'valid/loss', 'min_delta': 0.0, 'patience': 10, 'verbose': False, 'mode': 'min', 'strict': True, 'check_finite': True, 'stopping_threshold': None, 'divergence_threshold': None, 'check_on_train_epoch_end': False}, 'model_summary': {'_target_': 'lightning.pytorch.callbacks.RichModelSummary', 'max_depth': 2}, 'rich_progress_bar': {'_target_': 'lightning.pytorch.callbacks.RichProgressBar'}, 'monitor_val_recon': {'_target_': 'src.callbacks.monitor_val_reconstruction.MonitorValReconstruction', 'log_every_n_epochs': 1, 'num_images': 3, 'clip_factor': 3.0, 'verbose': False}, 'monitor_fixed_patch': {'_target_': 'src.callbacks.monitor_fixed_patch.MonitorFixedPatch', 'patch_json': 'data/fixed_patches/fogo_volcano_island_vh_20240502.json', 'log_every_n_epochs': 1, 'clip_factor': 3.0, 'verbose': False}, 'wandb_osh': {'_target_': 'wandb_osh.lightning_hooks.TriggerWandbSyncLightningCallback'}}"", ""ckpt_path"": null, ""data"": ""{'_target_': 'src.data.maya4_dir_datamodule.MAYA4DirDataModule', 'train_dir': '/lustre/projects/1001/rdelprete/SSM/data/ssm_dataset/focused/PT1', 'val_dir': '/lustre/projects/1001/rdelprete/SSM/data/ssm_dataset/focused/PT2', 'test_dir': '/lustre/projects/1001/rdelprete/SSM/data/ssm_dataset/focused/PT3', 'patch_size': '${patch_size}', 'azimuth_buffer': '${azimuth_buffer}', 'batch_size': 4, 'num_workers': 4, 'pin_memory': True, 'max_products_train': 10, 'max_products_val': 2, 'max_products_test': 2, 'samples_per_prod': 1000, 'online': True}"", ""extras"": ""{'ignore_warnings': False, 'enforce_tags': True, 'print_config': True}"", ""model"": ""{'_target_': 'src.models.rcmc_compress_module.RCMCDCmodule', 'net': {'_target_': 'src.models.components.scale_hyperprior.ScaleHyperprior', 'nb_input_channels': 2, 'nb_channels_main': 128, 'nb_channels_latent': 256, 'activation': 'gdn'}, 'criterion': {'lmbda': 100.0, 'patch_size': '${patch_size}', 'azimuth_buffer': '${azimuth_buffer}', '_target_': 'src.models.components.losses.SimpleMSELoss'}, 'azimuth_buffer': '${azimuth_buffer}', 'net_optimizer': {'_target_': 'torch.optim.Adam', '_partial_': True, 'lr': 0.0001, 'betas': [0.9, 0.999]}, 'aux_optimizer': {'_target_': 'torch.optim.Adam', '_partial_': True, 'lr': 0.001}, 'scheduler': {'_target_': 'torch.optim.lr_scheduler.ReduceLROnPlateau', '_partial_': True, 'mode': 'min', 'factor': 0.5, 'patience': 5}, 'training_mode': 'rcmc', 'gradient_clip_norm': 1.0, 'compile': False}"", ""model/params/non_trainable"": 0, ""model/params/total"": 5626626, ""model/params/trainable"": 5626626, ""seed"": 42, ""tags"": ""['rcmc_compression', 'scale_hyperprior', 'maya4']"", ""task_name"": ""default"", ""trainer"": ""{'_target_': 'lightning.pytorch.trainer.Trainer', 'default_root_dir': '${paths.output_dir}', 'min_epochs': 1, 'max_epochs': 10, 'accelerator': 'gpu', 'devices': 4, 'check_val_every_n_epoch': 5, 'deterministic': False, 'strategy': 'ddp', 'num_nodes': 1, 'sync_batchnorm': True, 'precision': '32-true'}""}"
c6rvaicg,SHP-gdn_s42_L100.0_rcmc_buf512_MSE_lr0.0001_b4_10000p,finished,https://wandb.ai/cedric-leonard/MAYA_DC/runs/c6rvaicg,2026-03-23T09:26:55Z,cedric-leonard,MAYA_DC,42.0,100.0,rcmc,512.0,,ScaleHyperprior,SHP,gdn,GDN,,,MAYA4,MSE,MSE,,,False,,"["" "", ""'"", "","", ""4"", ""["", ""]"", ""_"", ""a"", ""c"", ""e"", ""h"", ""i"", ""l"", ""m"", ""maya4"", ""n"", ""o"", ""p"", ""r"", ""rcmc_compression"", ""s"", ""scale_hyperprior"", ""y""]",SHP-GDN | MAYA4 | rcmc | sq,"{""_runtime"": 15}","{""callbacks"": ""{'model_checkpoint': {'_target_': 'lightning.pytorch.callbacks.ModelCheckpoint', 'dirpath': '${paths.output_dir}/checkpoints', 'filename': 'epoch_{epoch:03d}_loss_{valid/loss:.4f}', 'monitor': 'valid/loss', 'verbose': False, 'save_last': True, 'save_top_k': 1, 'mode': 'min', 'auto_insert_metric_name': False, 'save_weights_only': False, 'every_n_train_steps': None, 'train_time_interval': None, 'every_n_epochs': None, 'save_on_train_epoch_end': None}, 'early_stopping': {'_target_': 'lightning.pytorch.callbacks.EarlyStopping', 'monitor': 'valid/loss', 'min_delta': 0.0, 'patience': 10, 'verbose': False, 'mode': 'min', 'strict': True, 'check_finite': True, 'stopping_threshold': None, 'divergence_threshold': None, 'check_on_train_epoch_end': False}, 'model_summary': {'_target_': 'lightning.pytorch.callbacks.RichModelSummary', 'max_depth': 2}, 'rich_progress_bar': {'_target_': 'lightning.pytorch.callbacks.RichProgressBar'}, 'monitor_val_recon': {'_target_': 'src.callbacks.monitor_val_reconstruction.MonitorValReconstruction', 'log_every_n_epochs': 1, 'num_images': 3, 'clip_factor': 3.0, 'verbose': False}, 'monitor_fixed_patch': {'_target_': 'src.callbacks.monitor_fixed_patch.MonitorFixedPatch', 'patch_json': 'data/fixed_patches/fogo_volcano_island_vh_20240502.json', 'log_every_n_epochs': 1, 'clip_factor': 3.0, 'verbose': False}, 'wandb_osh': {'_target_': 'wandb_osh.lightning_hooks.TriggerWandbSyncLightningCallback'}}"", ""ckpt_path"": null, ""data"": ""{'_target_': 'src.data.maya4_dir_datamodule.MAYA4DirDataModule', 'train_dir': '/lustre/projects/1001/rdelprete/SSM/data/ssm_dataset/focused/PT1', 'val_dir': '/lustre/projects/1001/rdelprete/SSM/data/ssm_dataset/focused/PT2', 'test_dir': '/lustre/projects/1001/rdelprete/SSM/data/ssm_dataset/focused/PT3', 'patch_size': '${patch_size}', 'azimuth_buffer': '${azimuth_buffer}', 'batch_size': 4, 'num_workers': 4, 'pin_memory': True, 'max_products_train': 10, 'max_products_val': 2, 'max_products_test': 2, 'samples_per_prod': 1000, 'online': True}"", ""extras"": ""{'ignore_warnings': False, 'enforce_tags': True, 'print_config': True}"", ""model"": ""{'_target_': 'src.models.rcmc_compress_module.RCMCDCmodule', 'net': {'_target_': 'src.models.components.scale_hyperprior.ScaleHyperprior', 'nb_input_channels': 2, 'nb_channels_main': 128, 'nb_channels_latent': 256, 'activation': 'gdn'}, 'criterion': {'lmbda': 100.0, 'patch_size': '${patch_size}', 'azimuth_buffer': '${azimuth_buffer}', '_target_': 'src.models.components.losses.SimpleMSELoss'}, 'azimuth_buffer': '${azimuth_buffer}', 'net_optimizer': {'_target_': 'torch.optim.Adam', '_partial_': True, 'lr': 0.0001, 'betas': [0.9, 0.999]}, 'aux_optimizer': {'_target_': 'torch.optim.Adam', '_partial_': True, 'lr': 0.001}, 'scheduler': {'_target_': 'torch.optim.lr_scheduler.ReduceLROnPlateau', '_partial_': True, 'mode': 'min', 'factor': 0.5, 'patience': 5}, 'training_mode': 'rcmc', 'gradient_clip_norm': 1.0, 'compile': False}"", ""model/params/non_trainable"": 0, ""model/params/total"": 5626626, ""model/params/trainable"": 5626626, ""seed"": 42, ""tags"": ""['rcmc_compression', 'scale_hyperprior', 'maya4']"", ""task_name"": ""default"", ""trainer"": ""{'_target_': 'lightning.pytorch.trainer.Trainer', 'default_root_dir': '${paths.output_dir}', 'min_epochs': 1, 'max_epochs': 500, 'accelerator': 'gpu', 'devices': 4, 'check_val_every_n_epoch': 5, 'deterministic': False, 'strategy': 'ddp', 'num_nodes': 1, 'sync_batchnorm': True, 'precision': '32-true'}""}"
zvur72q3,SHP-gdn_s42_L0.01_slc_buf512_Compound_lr0.0001_b4_10000p,finished,https://wandb.ai/cedric-leonard/MAYA_DC/runs/zvur72q3,2026-03-23T09:15:57Z,cedric-leonard,MAYA_DC,42.0,0.01,slc,512.0,,ScaleHyperprior,SHP,gdn,GDN,,,MAYA4,Compound,Compound,/lustre/projects/1001/rdelprete/MAYA_DC/logs/default/runs/2026-03-19_17-19-53,,False,,"["" "", ""'"", "","", ""4"", ""["", ""]"", ""_"", ""a"", ""c"", ""e"", ""h"", ""i"", ""l"", ""m"", ""maya4"", ""n"", ""o"", ""p"", ""r"", ""rcmc_compression"", ""s"", ""scale_hyperprior"", ""y""]",SHP-GDN | MAYA4 | slc | sq,"{""_runtime"": 219.420187342, ""_step"": 21, ""_timestamp"": 1773937413.4752562, ""epoch"": 0, ""fixed_patch/reconstruction"": {""_type"": ""image-file"", ""format"": ""png"", ""height"": 600, ""path"": ""media/images/fixed_patch/reconstruction_0_041e4581343f85474c95.png"", ""sha256"": ""041e4581343f85474c95afa7640425c87022ef53f7fb31c8e80cc946b95ddb8d"", ""size"": 975609, ""width"": 2000}, ""train/aux"": 4906.72607421875, ""train/coherence"": 0.12270350754261015, ""train/distortion"": 0.661361813545227, ""train/grad_norm_g_a"": 0.06794258207082748, ""train/grad_norm_g_s"": 0.013839635998010635, ""train/grad_norm_h_a"": 0.00021719408687204125, ""train/grad_norm_h_s"": 0.0011209481162950397, ""train/kde"": 0.46520304679870605, ""train/loss"": 0.2858826518058777, ""train/lr"": 9.999999747378752e-05, ""train/mse"": 0.07345523685216904, ""train/rate"": 0.2792690396308899, ""trainer/global_step"": 1099, ""val_batch/coherence_loss"": 0.037579894065856934, ""val_batch/correlation_metric_mean"": 0.9624201059341432, ""val_batch/correlation_metric_std"": ""NaN"", ""val_batch/kde_loss"": 1.039435863494873, ""val_batch/phase_error"": 0.019939005374908447, ""val_batch/psnr_slc"": 19.24770164489746, ""val_batch/reconstructions"": {""_type"": ""image-file"", ""format"": ""png"", ""height"": 1700, ""path"": ""media/images/val_batch/reconstructions_0_1506270743fb03dbb083.png"", ""sha256"": ""1506270743fb03dbb0837d14f5335eaac8b66929e7b2dc74be85b7bf8fab7621"", ""size"": 1233849, ""width"": 500}, ""val_batch/ssim_slc"": 0.10019124299287796, ""val_batch/x_hat_histogram"": {""_type"": ""histogram""}, ""valid/rd_scatter_table"": {""_latest_artifact_path"": ""wandb-client-artifact://ubfezu6osol2x02v0ul11ue19twqhn9beg2r4gm4wbmmymyoxbnyjgfz6zcdmcb6zamy2ju1d9lbbsd77dwvdu7ums70ubz7c5ab94ziigmlzw71x785ic1gube6pqqm:latest/valid/rd_scatter_table.table.json"", ""_type"": ""table-file"", ""artifact_path"": ""wandb-client-artifact://5d5czhdpewygphlazzoqkpjoxerbutiexzwahegv4jyvz823re65yo628ppstpbtjiv06m1s5ium49sx2qejg9jc43jcazerp0uv0pb0oglbqh63db52chqd0nbtmo4n/valid/rd_scatter_table.table.json"", ""log_mode"": ""IMMUTABLE"", ""ncols"": 3, ""nrows"": 1, ""path"": ""media/table/valid/rd_scatter_table_0_7ab2d43929db23ad5da5.table.json"", ""sha256"": ""7ab2d43929db23ad5da53a178b2f46e34e1c063056afce6cf3e27872f4b038af"", ""size"": 104}}","{""azimuth_buffer"": 512, ""callbacks"": ""{'model_checkpoint': {'_target_': 'lightning.pytorch.callbacks.ModelCheckpoint', 'dirpath': '${paths.output_dir}/checkpoints', 'filename': 'epoch_{epoch:03d}_loss_{valid/loss:.4f}', 'monitor': 'valid/loss', 'verbose': False, 'save_last': True, 'save_top_k': 1, 'mode': 'min', 'auto_insert_metric_name': False, 'save_weights_only': False, 'every_n_train_steps': None, 'train_time_interval': None, 'every_n_epochs': None, 'save_on_train_epoch_end': None}, 'early_stopping': {'_target_': 'lightning.pytorch.callbacks.EarlyStopping', 'monitor': 'valid/loss', 'min_delta': 0.0, 'patience': 10, 'verbose': False, 'mode': 'min', 'strict': True, 'check_finite': True, 'stopping_threshold': None, 'divergence_threshold': None, 'check_on_train_epoch_end': False}, 'model_summary': {'_target_': 'lightning.pytorch.callbacks.RichModelSummary', 'max_depth': 2}, 'rich_progress_bar': {'_target_': 'lightning.pytorch.callbacks.RichProgressBar'}, 'monitor_val_recon': {'_target_': 'src.callbacks.monitor_val_reconstruction.MonitorValReconstruction', 'log_every_n_epochs': 1, 'num_images': 3, 'clip_factor': 3.0, 'verbose': False}, 'monitor_fixed_patch': {'_target_': 'src.callbacks.monitor_fixed_patch.MonitorFixedPatch', 'patch_json': 'data/fixed_patches/s1c-s6-raw-s-vv-20250422t061414-20250422t061446-002002-0040d4.json', 'log_every_n_epochs': 1, 'clip_factor': 3.0, 'verbose': False}, 'wandb_osh': {'_target_': 'wandb_osh.lightning_hooks.TriggerWandbSyncLightningCallback'}}"", ""ckpt_path"": null, ""data"": ""{'_target_': 'src.data.maya4_dir_datamodule.MAYA4DirDataModule', 'train_dir': '/lustre/projects/1001/rdelprete/SSM/data/ssm_dataset/focused/PT1', 'val_dir': '/lustre/projects/1001/rdelprete/SSM/data/ssm_dataset/focused/PT2', 'test_dir': '/lustre/projects/1001/rdelprete/SSM/data/ssm_dataset/focused/PT3', 'patch_size': '${patch_size}', 'azimuth_buffer': '${azimuth_buffer}', 'batch_size': 4, 'num_workers': 64, 'pin_memory': True, 'max_products_train': 10, 'max_products_val': 2, 'max_products_test': 2, 'samples_per_prod': 1000, 'online': False}"", ""determinism"": true, ""experiment_name"": ""rcmc_compress_baseline"", ""extras"": ""{'ignore_warnings': False, 'enforce_tags': True, 'print_config': True}"", ""logger"": {""wandb"": {""_target_"": ""lightning.pytorch.loggers.wandb.WandbLogger"", ""anonymous"": null, ""entity"": ""cedric-leonard"", ""group"": """", ""id"": null, ""job_type"": """", ""log_model"": false, ""offline"": true, ""prefix"": """", ""project"": ""MAYA_DC"", ""save_dir"": ""/lustre/projects/1001/rdelprete/MAYA_DC/logs/default/runs/2026-03-19_17-19-53"", ""tags"": []}}, ""model"": ""{'_target_': 'src.models.rcmc_compress_module.RCMCDCmodule', 'net': {'_target_': 'src.models.components.scale_hyperprior.ScaleHyperprior', 'nb_input_channels': 2, 'nb_channels_main': 128, 'nb_channels_latent': 256, 'activation': 'gdn'}, 'criterion': {'lmbda': 0.01, 'patch_size': '${patch_size}', 'azimuth_buffer': '${azimuth_buffer}', '_target_': 'src.models.components.losses.CompoundCompressionLoss', 'delta_kde': 1.0, 'delta_coherence': 1.0, 'num_kde_bins': 100}, 'azimuth_buffer': '${azimuth_buffer}', 'net_optimizer': {'_target_': 'torch.optim.Adam', '_partial_': True, 'lr': 0.0001, 'betas': [0.9, 0.999]}, 'aux_optimizer': {'_target_': 'torch.optim.Adam', '_partial_': True, 'lr': 0.001}, 'scheduler': {'_target_': 'torch.optim.lr_scheduler.ReduceLROnPlateau', '_partial_': True, 'mode': 'min', 'factor': 0.5, 'patience': 5}, 'training_mode': 'slc', 'gradient_clip_norm': 1.0, 'compile': False}"", ""model/params/non_trainable"": 0, ""model/params/total"": 5626626, ""model/params/trainable"": 5626626, ""patch_size"": [512, 512], ""paths"": {""data_dir"": ""/lustre/projects/1001/rdelprete/MAYA_DC/data/"", ""log_dir"": ""/lustre/projects/1001/rdelprete/MAYA_DC/logs/"", ""output_dir"": ""/lustre/projects/1001/rdelprete/MAYA_DC/logs/default/runs/2026-03-19_17-19-53"", ""root_dir"": ""/lustre/projects/1001/rdelprete/MAYA_DC"", ""work_dir"": ""/lustre/home/u10010007""}, ""seed"": 42, ""tags"": ""['rcmc_compression', 'scale_hyperprior', 'maya4']"", ""task_name"": ""default"", ""test"": true, ""train"": true, ""trainer"": ""{'_target_': 'lightning.pytorch.trainer.Trainer', 'default_root_dir': '${paths.output_dir}', 'min_epochs': 1, 'max_epochs': 50, 'accelerator': 'gpu', 'devices': 4, 'check_val_every_n_epoch': 2, 'deterministic': False, 'strategy': 'ddp_find_unused_parameters_true', 'num_nodes': 1, 'sync_batchnorm': True, 'precision': '32-true'}""}"
e8nqi2t7,SHP-gdn_s42_L10_slc_buf512_Compound_lr0.0001_b4_700p,finished,https://wandb.ai/cedric-leonard/MAYA_DC/runs/e8nqi2t7,2026-03-13T19:03:25Z,cedric-leonard,MAYA_DC,42.0,10.0,slc,512.0,,ScaleHyperprior,SHP,gdn,GDN,,,MAYA4,Compound,Compound,,,False,,"["" "", ""'"", "","", ""4"", ""BART"", ""["", ""]"", ""_"", ""a"", ""c"", ""e"", ""h"", ""i"", ""l"", ""m"", ""maya4"", ""n"", ""o"", ""p"", ""r"", ""rcmc_compression"", ""s"", ""scale_hyperprior"", ""y""]",SHP-GDN | MAYA4 | slc | sq,"{""_runtime"": 3691, ""_step"": 17501, ""_timestamp"": 1773432297.2621963, ""_wandb"": {""runtime"": 3691}, ""epoch"": 50, ""test/aux"": 1237.9569091796875, ""test/coherence"": 0.03158772364258766, ""test/complex_corr_mean"": 0.9684881567955016, ""test/complex_corr_std"": 0.007539079058915377, ""test/distortion"": 0.2386670708656311, ""test/kde"": 0.19067735970020297, ""test/loss"": 2.485107183456421, ""test/mse"": 0.01640198938548565, ""test/phase_err_mean"": 0.015808207914233208, ""test/phase_err_std"": 0.003770463867112994, ""test/psnr_amp"": 17.078828811645508, ""test/rate"": 0.09843689203262328, ""test/ssim_amp"": 0.15279953181743622, ""train/aux"": 1335.1578369140625, ""train/coherence"": 0.04831552505493164, ""train/distortion"": 0.12075656652450562, ""train/grad_norm_g_a"": 13.170567512512209, ""train/grad_norm_g_s"": 24.413898468017575, ""train/grad_norm_h_a"": 0.030249906703829765, ""train/grad_norm_h_s"": 0.029791589826345444, ""train/kde"": 0.04705648496747017, ""train/loss"": 1.4848403930664062, ""train/lr"": 4.999999873689376e-05, ""train/mse"": 0.02538455650210381, ""train/rate"": 0.2772746980190277, ""trainer/global_step"": 8750, ""val_batch/coherence_loss"": 0.035747408866882324, ""val_batch/correlation_metric_mean"": 0.9642540216445924, ""val_batch/correlation_metric_std"": 0.0011344589293003082, ""val_batch/kde_loss"": 0.03690570592880249, ""val_batch/phase_error"": 0.017838478088378906, ""val_batch/psnr_slc"": 17.02606201171875, ""val_batch/ssim_slc"": 0.0992022380232811, ""val_batch/x_hat_histogram"": {""_type"": ""histogram""}, ""val_reconstructions"": {""_type"": ""image-file"", ""format"": ""png"", ""height"": 1700, ""path"": ""media/images/val_reconstructions_17155_e6632fafe6d7e0f0579c.png"", ""sha256"": ""e6632fafe6d7e0f0579c13353dd7f57ad7fd705b96542c50cb9dd4a3e9e30ec8"", ""size"": 3634602, ""width"": 1500}, ""valid/aux"": 1334.7947998046875, ""valid/coherence"": 0.06951344758272171, ""valid/complex_corr_mean"": 0.9308651089668274, ""valid/complex_corr_std"": 0.015233026817440988, ""valid/distortion"": 0.2897046208381653, ""valid/kde"": 0.18261507153511047, ""valid/loss"": 3.011181116104126, ""valid/mse"": 0.03757608309388161, ""valid/phase_err_mean"": 0.03742958977818489, ""valid/phase_err_std"": 0.008316867984831333, ""valid/psnr_amp"": 16.414878845214844, ""valid/rate"": 0.11413464695215224, ""valid/rd_scatter_table"": {""_latest_artifact_path"": ""wandb-client-artifact://0rxpbd6fge7x1mixjm5zp1pq3yewdvs6bypahhm0spehm3ucfyyo37hgli06nkqe229b8pfk5rpi1ey062926q8d9pe0qvqdqd1gzkock41lobojwjulxhr93p2lsf5o:latest/valid/rd_scatter_table.table.json"", ""_type"": ""table-file"", ""artifact_path"": ""wandb-client-artifact://gi1dgj9pzpg3a0wptvkp5zcjrd5y7jcq5qi73dgqzalmhqzx9npc4vp78hxgfh2434ied2a6ay1qurhlk97i6cuakrohrsnl1apxop1vxuhgnnsrw8m13fxx8qsxjtia/valid/rd_scatter_table.table.json"", ""log_mode"": ""IMMUTABLE"", ""ncols"": 3, ""nrows"": 51, ""path"": ""media/table/valid/rd_scatter_table_17500_707ed4125a0ce62befcd.table.json"", ""sha256"": ""707ed4125a0ce62befcd99faa81325917ff4ac6410e49f9c517deaf57007c99e"", ""size"": 2440}, ""valid/ssim_amp"": 0.08410748839378357}","{""callbacks"": ""{'model_checkpoint': {'_target_': 'lightning.pytorch.callbacks.ModelCheckpoint', 'dirpath': '${paths.output_dir}/checkpoints', 'filename': 'epoch_{epoch:03d}_loss_{valid/loss:.4f}', 'monitor': 'valid/loss', 'verbose': False, 'save_last': True, 'save_top_k': 1, 'mode': 'min', 'auto_insert_metric_name': False, 'save_weights_only': False, 'every_n_train_steps': None, 'train_time_interval': None, 'every_n_epochs': None, 'save_on_train_epoch_end': None}, 'early_stopping': {'_target_': 'lightning.pytorch.callbacks.EarlyStopping', 'monitor': 'valid/loss', 'min_delta': 0.0, 'patience': 10, 'verbose': False, 'mode': 'min', 'strict': True, 'check_finite': True, 'stopping_threshold': None, 'divergence_threshold': None, 'check_on_train_epoch_end': False}, 'model_summary': {'_target_': 'lightning.pytorch.callbacks.RichModelSummary', 'max_depth': 2}, 'rich_progress_bar': {'_target_': 'lightning.pytorch.callbacks.RichProgressBar'}, 'monitor_val_recon': {'_target_': 'src.callbacks.monitor_val_reconstruction.MonitorValReconstruction', 'log_every_n_epochs': 1, 'num_images': 3, 'clip_factor': 3.0, 'verbose': False}}"", ""ckpt_path"": null, ""data"": ""{'_target_': 'src.data.maya4_datamodule.MAYA4DataModule', 'data_dir': '${paths.data_dir}', 'patch_size': '${patch_size}', 'azimuth_buffer': '${azimuth_buffer}', 'batch_size': 4, 'num_workers': 4, 'pin_memory': True, 'train_parts': ['PT2'], 'val_parts': ['PT1'], 'test_parts': ['PT4'], 'years': [2023, 2024], 'polarizations': ['hh'], 'stripmap_modes': [1, 2, 3], 'max_products_train': 7, 'max_products_val': 1, 'max_products_test': 2, 'samples_per_prod': 100, 'online': False}"", ""extras"": ""{'ignore_warnings': False, 'enforce_tags': True, 'print_config': True}"", ""model"": ""{'_target_': 'src.models.rcmc_compress_module.RCMCDCmodule', 'net': {'_target_': 'src.models.components.scale_hyperprior.ScaleHyperprior', 'nb_input_channels': 2, 'nb_channels_main': 128, 'nb_channels_latent': 256, 'activation': 'gdn'}, 'criterion': {'_target_': 'src.models.components.losses.CompoundCompressionLoss', 'lmbda': 10, 'patch_size': '${patch_size}', 'azimuth_buffer': '${azimuth_buffer}', 'delta_kde': 1, 'delta_coherence': 1, 'num_kde_bins': 100}, 'azimuth_buffer': '${azimuth_buffer}', 'net_optimizer': {'_target_': 'torch.optim.Adam', '_partial_': True, 'lr': 0.0001, 'betas': [0.9, 0.999]}, 'aux_optimizer': {'_target_': 'torch.optim.Adam', '_partial_': True, 'lr': 0.001}, 'scheduler': {'_target_': 'torch.optim.lr_scheduler.ReduceLROnPlateau', '_partial_': True, 'mode': 'min', 'factor': 0.5, 'patience': 5}, 'training_mode': 'slc', 'gradient_clip_norm': 1.0, 'compile': False}"", ""model/params/non_trainable"": 0, ""model/params/total"": 5626626, ""model/params/trainable"": 5626626, ""seed"": 42, ""tags"": ""['rcmc_compression', 'scale_hyperprior', 'maya4']"", ""task_name"": ""default"", ""trainer"": ""{'_target_': 'lightning.pytorch.trainer.Trainer', 'default_root_dir': '${paths.output_dir}', 'min_epochs': 1, 'max_epochs': 50, 'accelerator': 'gpu', 'devices': 1, 'check_val_every_n_epoch': 1, 'deterministic': False, 'precision': '32-true'}""}"
4iwo7o2q,SHP-gdn_s42_L10_slc_buf512_Compound_lr0.0001_b4_700p,finished,https://wandb.ai/cedric-leonard/MAYA_DC/runs/4iwo7o2q,2026-03-15T11:03:38Z,cedric-leonard,MAYA_DC,42.0,10.0,slc,512.0,,ScaleHyperprior,SHP,gdn,GDN,,,MAYA4,Compound,Compound,,,False,,"["" "", ""'"", "","", ""4"", ""BART"", ""["", ""]"", ""_"", ""a"", ""c"", ""e"", ""h"", ""i"", ""l"", ""m"", ""maya4"", ""n"", ""o"", ""p"", ""r"", ""rcmc_compression"", ""s"", ""scale_hyperprior"", ""y""]",SHP-GDN | MAYA4 | slc | sq,"{""_runtime"": 2291, ""_step"": 9450, ""_timestamp"": 1773574898.6570334, ""_wandb"": {""runtime"": 2291}, ""epoch"": 26, ""fixed_patch/reconstruction"": {""_type"": ""image-file"", ""format"": ""png"", ""height"": 600, ""path"": ""media/images/fixed_patch/reconstruction_9450_27faf8dfa78a4814409f.png"", ""sha256"": ""27faf8dfa78a4814409fd900c09af3d10aa460703c50f579076e79ac20f81641"", ""size"": 1293310, ""width"": 2000}, ""train/aux"": 2058.42724609375, ""train/coherence"": 0.0021954774856567383, ""train/distortion"": 0.1672525852918625, ""train/grad_norm_g_a"": 6.483030319213867, ""train/grad_norm_g_s"": 27.241552352905273, ""train/grad_norm_h_a"": 0.01151127927005291, ""train/grad_norm_h_s"": 0.01600659266114235, ""train/kde"": 0.16395005583763125, ""train/loss"": 1.8666088581085205, ""train/lr"": 9.999999747378752e-05, ""train/mse"": 0.00110704789403826, ""train/rate"": 0.19408294558525083, ""trainer/global_step"": 4724, ""val_batch/coherence_loss"": 0.031825125217437744, ""val_batch/correlation_metric_mean"": 0.968175172805786, ""val_batch/correlation_metric_std"": 0.0008697560988366604, ""val_batch/kde_loss"": 0.0956839770078659, ""val_batch/phase_error"": 0.015602807514369488, ""val_batch/psnr_slc"": 17.321805953979492, ""val_batch/reconstructions"": {""_type"": ""image-file"", ""format"": ""png"", ""height"": 1700, ""path"": ""media/images/val_batch/reconstructions_9104_4522b9fc601a18612695.png"", ""sha256"": ""4522b9fc601a186126958ae89e9c863a9a99d870170124ce4875ba03465c5e29"", ""size"": 5154694, ""width"": 1500}, ""val_batch/ssim_slc"": 0.10993002355098724, ""val_batch/x_hat_histogram"": {""_type"": ""histogram""}, ""valid/aux"": 2028.3321533203125, ""valid/coherence"": 0.06297867000102997, ""valid/complex_corr_mean"": 0.9373544454574584, ""valid/complex_corr_std"": 0.013653358444571497, ""valid/distortion"": 0.3822234272956848, ""valid/kde"": 0.28538811206817627, ""valid/loss"": 3.977710247039795, ""valid/mse"": 0.0338565930724144, ""valid/phase_err_mean"": 0.03283407539129257, ""valid/phase_err_std"": 0.007180476561188698, ""valid/psnr_amp"": 16.676067352294922, ""valid/rate"": 0.15547573566436768, ""valid/rd_scatter_table"": {""_latest_artifact_path"": ""wandb-client-artifact://hcrl0a34rx2rn5n3zqlhh8yh0u2zb3hyq7a70px3wkblngp2v6xt709nzhacuz8opr473i0j5pot995wg2qnq1ng216iuiv66if97cs9quwxjjpk5yqjkrr6s16kr87c:latest/valid/rd_scatter_table.table.json"", ""_type"": ""table-file"", ""artifact_path"": ""wandb-client-artifact://31musfyz5heic29nes9fl48kyjsj2dk09mclmboyi7cyfpchza6l862l7leqcdzdz4eluhro88jc54k5b523itycp63f0ln5sb9oav3g72u1lnd7qv1fywgaqik5jocd/valid/rd_scatter_table.table.json"", ""log_mode"": ""IMMUTABLE"", ""ncols"": 3, ""nrows"": 28, ""path"": ""media/table/valid/rd_scatter_table_9450_131310c38b703eac2a1f.table.json"", ""sha256"": ""131310c38b703eac2a1f810a11228a9a83ee1ce374626f27a021506b30f747e8"", ""size"": 1359}, ""valid/ssim_amp"": 0.08871091902256012}","{""callbacks"": ""{'model_checkpoint': {'_target_': 'lightning.pytorch.callbacks.ModelCheckpoint', 'dirpath': '${paths.output_dir}/checkpoints', 'filename': 'epoch_{epoch:03d}_loss_{valid/loss:.4f}', 'monitor': 'valid/loss', 'verbose': False, 'save_last': True, 'save_top_k': 1, 'mode': 'min', 'auto_insert_metric_name': False, 'save_weights_only': False, 'every_n_train_steps': None, 'train_time_interval': None, 'every_n_epochs': None, 'save_on_train_epoch_end': None}, 'early_stopping': {'_target_': 'lightning.pytorch.callbacks.EarlyStopping', 'monitor': 'valid/loss', 'min_delta': 0.0, 'patience': 10, 'verbose': False, 'mode': 'min', 'strict': True, 'check_finite': True, 'stopping_threshold': None, 'divergence_threshold': None, 'check_on_train_epoch_end': False}, 'model_summary': {'_target_': 'lightning.pytorch.callbacks.RichModelSummary', 'max_depth': 2}, 'rich_progress_bar': {'_target_': 'lightning.pytorch.callbacks.RichProgressBar'}, 'monitor_val_recon': {'_target_': 'src.callbacks.monitor_val_reconstruction.MonitorValReconstruction', 'log_every_n_epochs': 1, 'num_images': 3, 'clip_factor': 3.0, 'verbose': False}, 'monitor_fixed_patch': {'_target_': 'src.callbacks.monitor_fixed_patch.MonitorFixedPatch', 'patch_json': 'data/fixed_patches/fogo_volcano_island_vh_20240502.json', 'log_every_n_epochs': 1, 'clip_factor': 3.0, 'verbose': True}}"", ""ckpt_path"": null, ""data"": ""{'_target_': 'src.data.maya4_datamodule.MAYA4DataModule', 'data_dir': '${paths.data_dir}', 'patch_size': '${patch_size}', 'azimuth_buffer': '${azimuth_buffer}', 'batch_size': 4, 'num_workers': 4, 'pin_memory': True, 'train_parts': ['PT2'], 'val_parts': ['PT1'], 'test_parts': ['PT4'], 'years': [2023, 2024], 'polarizations': ['hh'], 'stripmap_modes': [1, 2, 3], 'max_products_train': 7, 'max_products_val': 1, 'max_products_test': 2, 'samples_per_prod': 100, 'online': False}"", ""extras"": ""{'ignore_warnings': False, 'enforce_tags': True, 'print_config': True}"", ""model"": ""{'_target_': 'src.models.rcmc_compress_module.RCMCDCmodule', 'net': {'_target_': 'src.models.components.scale_hyperprior.ScaleHyperprior', 'nb_input_channels': 2, 'nb_channels_main': 128, 'nb_channels_latent': 256, 'activation': 'gdn'}, 'criterion': {'_target_': 'src.models.components.losses.CompoundCompressionLoss', 'lmbda': 10, 'patch_size': '${patch_size}', 'azimuth_buffer': '${azimuth_buffer}', 'delta_kde': 1, 'delta_coherence': 1, 'num_kde_bins': 100}, 'azimuth_buffer': '${azimuth_buffer}', 'net_optimizer': {'_target_': 'torch.optim.Adam', '_partial_': True, 'lr': 0.0001, 'betas': [0.9, 0.999]}, 'aux_optimizer': {'_target_': 'torch.optim.Adam', '_partial_': True, 'lr': 0.001}, 'scheduler': {'_target_': 'torch.optim.lr_scheduler.ReduceLROnPlateau', '_partial_': True, 'mode': 'min', 'factor': 0.5, 'patience': 5}, 'training_mode': 'slc', 'gradient_clip_norm': 1.0, 'compile': False}"", ""model/params/non_trainable"": 0, ""model/params/total"": 5626626, ""model/params/trainable"": 5626626, ""seed"": 42, ""tags"": ""['rcmc_compression', 'scale_hyperprior', 'maya4']"", ""task_name"": ""default"", ""trainer"": ""{'_target_': 'lightning.pytorch.trainer.Trainer', 'default_root_dir': '${paths.output_dir}', 'min_epochs': 1, 'max_epochs': 100, 'accelerator': 'gpu', 'devices': 1, 'check_val_every_n_epoch': 1, 'deterministic': False, 'precision': '32-true'}""}"
zf73l7bs,SHP-gdn_s42_L10_slc_buf512_Compound_lr0.0001_b4_10000p,finished,https://wandb.ai/cedric-leonard/MAYA_DC/runs/zf73l7bs,2026-03-23T09:04:18Z,cedric-leonard,MAYA_DC,42.0,10.0,slc,512.0,,ScaleHyperprior,SHP,gdn,GDN,,,MAYA4,Compound,Compound,/lustre/projects/1001/rdelprete/MAYA_DC/logs/default/runs/2026-03-20_14-23-58,,False,,"["" "", ""'"", "","", ""4"", ""["", ""]"", ""_"", ""a"", ""c"", ""e"", ""h"", ""i"", ""l"", ""m"", ""maya4"", ""n"", ""o"", ""p"", ""r"", ""rcmc_compression"", ""s"", ""scale_hyperprior"", ""y""]",SHP-GDN | MAYA4 | slc | sq,"{""_runtime"": 315, ""_step"": 50, ""_timestamp"": 1774013350.7254298, ""epoch"": 1, ""fixed_patch/reconstruction"": {""_type"": ""image-file"", ""format"": ""png"", ""height"": 600, ""path"": ""media/images/fixed_patch/reconstruction_0_041e4581343f85474c95.png"", ""sha256"": ""041e4581343f85474c95afa7640425c87022ef53f7fb31c8e80cc946b95ddb8d"", ""size"": 975609, ""width"": 2000}, ""test/aux"": 4189.751953125, ""test/coherence"": 0.1870490312576294, ""test/complex_corr_mean"": 0.8129507899284363, ""test/complex_corr_std"": ""NaN"", ""test/distortion"": 0.515399694442749, ""test/kde"": 0.2010576128959656, ""test/loss"": 5.334202766418457, ""test/mse"": 0.12729313969612122, ""test/phase_err_mean"": 0.1263476461172104, ""test/phase_err_std"": ""NaN"", ""test/psnr_amp"": 22.110435485839844, ""test/rate"": 0.18020464479923248, ""test/ssim_amp"": 0.0743919387459755, ""train/aux"": 4189.8876953125, ""train/coherence"": 0.20361082255840304, ""train/distortion"": 0.5064421892166138, ""train/grad_norm_g_a"": 4.174302577972412, ""train/grad_norm_g_s"": 6.568728923797607, ""train/grad_norm_h_a"": 0.078202985227108, ""train/grad_norm_h_s"": 0.23855708539485931, ""train/kde"": 0.11498786509037018, ""train/loss"": 5.449697494506836, ""train/lr"": 9.999999747378752e-05, ""train/mse"": 0.1878434717655182, ""train/rate"": 0.3852757215499878, ""trainer/global_step"": 2500, ""val_batch/coherence_loss"": 0.037579894065856934, ""val_batch/correlation_metric_mean"": 0.9624201059341432, ""val_batch/correlation_metric_std"": ""NaN"", ""val_batch/kde_loss"": 1.039435863494873, ""val_batch/phase_error"": 0.019939005374908447, ""val_batch/psnr_slc"": 19.24770164489746, ""val_batch/reconstructions"": {""_type"": ""image-file"", ""format"": ""png"", ""height"": 1700, ""path"": ""media/images/val_batch/reconstructions_0_1506270743fb03dbb083.png"", ""sha256"": ""1506270743fb03dbb0837d14f5335eaac8b66929e7b2dc74be85b7bf8fab7621"", ""size"": 1233849, ""width"": 500}, ""val_batch/ssim_slc"": 0.10019124299287796, ""val_batch/x_hat_histogram"": {""_type"": ""histogram""}, ""valid/rd_scatter_table"": {""_latest_artifact_path"": ""wandb-client-artifact://u9miriimxsmvw5ryazhvnu458snc5kgmx89xippjtxpa50y8chpjn2zx1ru0dm5j9z27vaf90ympdzjif1kk6d27sdvouyojrbw2vnx38t9ei01oecielpkkwdyu9bpn:latest/valid/rd_scatter_table.table.json"", ""_type"": ""table-file"", ""artifact_path"": ""wandb-client-artifact://5yeklxtz9d6ji5zvdjpxrkm25gn7sdw8j6t3e42p91qxe86qgbfduvsdiby0qduykqtyga4ydd7x8blot5tv3j7zu3b19qd1h8mmoc1jvwmfx1ms8xjzksyw29zw6p7t/valid/rd_scatter_table.table.json"", ""log_mode"": ""IMMUTABLE"", ""ncols"": 3, ""nrows"": 1, ""path"": ""media/table/valid/rd_scatter_table_0_7ab2d43929db23ad5da5.table.json"", ""sha256"": ""7ab2d43929db23ad5da53a178b2f46e34e1c063056afce6cf3e27872f4b038af"", ""size"": 104}}","{""azimuth_buffer"": 512, ""callbacks"": ""{'model_checkpoint': {'_target_': 'lightning.pytorch.callbacks.ModelCheckpoint', 'dirpath': '${paths.output_dir}/checkpoints', 'filename': 'epoch_{epoch:03d}_loss_{valid/loss:.4f}', 'monitor': 'valid/loss', 'verbose': False, 'save_last': True, 'save_top_k': 1, 'mode': 'min', 'auto_insert_metric_name': False, 'save_weights_only': False, 'every_n_train_steps': None, 'train_time_interval': None, 'every_n_epochs': None, 'save_on_train_epoch_end': None}, 'early_stopping': {'_target_': 'lightning.pytorch.callbacks.EarlyStopping', 'monitor': 'valid/loss', 'min_delta': 0.0, 'patience': 10, 'verbose': False, 'mode': 'min', 'strict': True, 'check_finite': True, 'stopping_threshold': None, 'divergence_threshold': None, 'check_on_train_epoch_end': False}, 'model_summary': {'_target_': 'lightning.pytorch.callbacks.RichModelSummary', 'max_depth': 2}, 'rich_progress_bar': {'_target_': 'lightning.pytorch.callbacks.RichProgressBar'}, 'monitor_val_recon': {'_target_': 'src.callbacks.monitor_val_reconstruction.MonitorValReconstruction', 'log_every_n_epochs': 1, 'num_images': 3, 'clip_factor': 3.0, 'verbose': True}, 'monitor_fixed_patch': {'_target_': 'src.callbacks.monitor_fixed_patch.MonitorFixedPatch', 'patch_json': 'data/fixed_patches/s1c-s6-raw-s-vv-20250422t061414-20250422t061446-002002-0040d4.json', 'log_every_n_epochs': 1, 'clip_factor': 3.0, 'verbose': False}, 'monitor_fix_patch': {'verbose': True}, 'wandb_osh': {'_target_': 'wandb_osh.lightning_hooks.TriggerWandbSyncLightningCallback'}}"", ""ckpt_path"": null, ""data"": ""{'_target_': 'src.data.maya4_dir_datamodule.MAYA4DirDataModule', 'train_dir': '/lustre/projects/1001/rdelprete/SSM/data/ssm_dataset/focused/PT1', 'val_dir': '/lustre/projects/1001/rdelprete/SSM/data/ssm_dataset/focused/PT2', 'test_dir': '/lustre/projects/1001/rdelprete/SSM/data/ssm_dataset/focused/PT3', 'patch_size': '${patch_size}', 'azimuth_buffer': '${azimuth_buffer}', 'batch_size': 4, 'num_workers': 32, 'pin_memory': True, 'max_products_train': 10, 'max_products_val': 2, 'max_products_test': 2, 'samples_per_prod': 1000, 'online': False}"", ""determinism"": true, ""experiment_name"": ""rcmc_compress_baseline"", ""extras"": ""{'ignore_warnings': False, 'enforce_tags': True, 'print_config': True}"", ""logger"": {""wandb"": {""_target_"": ""lightning.pytorch.loggers.wandb.WandbLogger"", ""anonymous"": null, ""entity"": ""cedric-leonard"", ""group"": """", ""id"": null, ""job_type"": """", ""log_model"": false, ""offline"": true, ""prefix"": """", ""project"": ""MAYA_DC"", ""save_dir"": ""/lustre/projects/1001/rdelprete/MAYA_DC/logs/default/runs/2026-03-20_14-23-58"", ""tags"": []}}, ""model"": ""{'_target_': 'src.models.rcmc_compress_module.RCMCDCmodule', 'net': {'_target_': 'src.models.components.scale_hyperprior.ScaleHyperprior', 'nb_input_channels': 2, 'nb_channels_main': 128, 'nb_channels_latent': 256, 'activation': 'gdn'}, 'criterion': {'lmbda': 10, 'patch_size': '${patch_size}', 'azimuth_buffer': '${azimuth_buffer}', '_target_': 'src.models.components.losses.CompoundCompressionLoss', 'delta_kde': 1.0, 'delta_coherence': 1.0, 'num_kde_bins': 100}, 'azimuth_buffer': '${azimuth_buffer}', 'net_optimizer': {'_target_': 'torch.optim.Adam', '_partial_': True, 'lr': 0.0001, 'betas': [0.9, 0.999]}, 'aux_optimizer': {'_target_': 'torch.optim.Adam', '_partial_': True, 'lr': 0.001}, 'scheduler': {'_target_': 'torch.optim.lr_scheduler.ReduceLROnPlateau', '_partial_': True, 'mode': 'min', 'factor': 0.5, 'patience': 5}, 'training_mode': 'slc', 'gradient_clip_norm': 1.0, 'compile': False}"", ""model/params/non_trainable"": 0, ""model/params/total"": 5626626, ""model/params/trainable"": 5626626, ""patch_size"": [512, 512], ""paths"": {""data_dir"": ""/lustre/projects/1001/rdelprete/MAYA_DC/data/"", ""log_dir"": ""/lustre/projects/1001/rdelprete/MAYA_DC/logs/"", ""output_dir"": ""/lustre/projects/1001/rdelprete/MAYA_DC/logs/default/runs/2026-03-20_14-23-58"", ""root_dir"": ""/lustre/projects/1001/rdelprete/MAYA_DC"", ""work_dir"": ""/lustre/home/u10010007""}, ""seed"": 42, ""tags"": ""['rcmc_compression', 'scale_hyperprior', 'maya4']"", ""task_name"": ""default"", ""test"": true, ""train"": true, ""trainer"": ""{'_target_': 'lightning.pytorch.trainer.Trainer', 'default_root_dir': '${paths.output_dir}', 'min_epochs': 1, 'max_epochs': 1, 'accelerator': 'gpu', 'devices': 4, 'check_val_every_n_epoch': 2, 'deterministic': False, 'strategy': 'ddp_find_unused_parameters_true', 'num_nodes': 1, 'sync_batchnorm': True, 'precision': '32-true'}""}"
x1l0iww7,SHP-gdn_s42_L10_slc_buf512_Compound_lr0.0001_b4_10000p,finished,https://wandb.ai/cedric-leonard/MAYA_DC/runs/x1l0iww7,2026-03-23T09:26:46Z,cedric-leonard,MAYA_DC,42.0,10.0,slc,512.0,,ScaleHyperprior,SHP,gdn,GDN,,,MAYA4,Compound,Compound,/lustre/projects/1001/rdelprete/MAYA_DC/logs/default/runs/2026-03-20_14-22-19,,False,,"["" "", ""'"", "","", ""4"", ""["", ""]"", ""_"", ""a"", ""c"", ""e"", ""h"", ""i"", ""l"", ""m"", ""maya4"", ""n"", ""o"", ""p"", ""r"", ""rcmc_compression"", ""s"", ""scale_hyperprior"", ""y""]",SHP-GDN | MAYA4 | slc | sq,"{""_runtime"": 76, ""_step"": 0, ""_timestamp"": 1774013016.024968, ""epoch"": 0, ""test/aux"": 13038.62109375, ""test/coherence"": 0.1658390611410141, ""test/complex_corr_mean"": 0.8370929956436157, ""test/complex_corr_std"": 0.024976639077067375, ""test/distortion"": 0.808532178401947, ""test/kde"": 0.5348637700080872, ""test/loss"": 8.08532428741455, ""test/mse"": 0.10782939195632936, ""test/phase_err_mean"": 0.1052992045879364, ""test/phase_err_std"": 0.014498772099614143, ""test/psnr_amp"": 22.498781204223633, ""test/rate"": 7.911821739980951e-06, ""test/ssim_amp"": 0.022111183032393456, ""trainer/global_step"": 0}","{""azimuth_buffer"": 512, ""callbacks"": ""{'model_checkpoint': {'_target_': 'lightning.pytorch.callbacks.ModelCheckpoint', 'dirpath': '${paths.output_dir}/checkpoints', 'filename': 'epoch_{epoch:03d}_loss_{valid/loss:.4f}', 'monitor': 'valid/loss', 'verbose': False, 'save_last': True, 'save_top_k': 1, 'mode': 'min', 'auto_insert_metric_name': False, 'save_weights_only': False, 'every_n_train_steps': None, 'train_time_interval': None, 'every_n_epochs': None, 'save_on_train_epoch_end': None}, 'early_stopping': {'_target_': 'lightning.pytorch.callbacks.EarlyStopping', 'monitor': 'valid/loss', 'min_delta': 0.0, 'patience': 10, 'verbose': False, 'mode': 'min', 'strict': True, 'check_finite': True, 'stopping_threshold': None, 'divergence_threshold': None, 'check_on_train_epoch_end': False}, 'model_summary': {'_target_': 'lightning.pytorch.callbacks.RichModelSummary', 'max_depth': 2}, 'rich_progress_bar': {'_target_': 'lightning.pytorch.callbacks.RichProgressBar'}, 'monitor_val_recon': {'_target_': 'src.callbacks.monitor_val_reconstruction.MonitorValReconstruction', 'log_every_n_epochs': 1, 'num_images': 3, 'clip_factor': 3.0, 'verbose': True}, 'monitor_fixed_patch': {'_target_': 'src.callbacks.monitor_fixed_patch.MonitorFixedPatch', 'patch_json': 'data/fixed_patches/s1c-s6-raw-s-vv-20250422t061414-20250422t061446-002002-0040d4.json', 'log_every_n_epochs': 1, 'clip_factor': 3.0, 'verbose': False}, 'monitor_fix_patch': {'verbose': True}, 'wandb_osh': {'_target_': 'wandb_osh.lightning_hooks.TriggerWandbSyncLightningCallback'}}"", ""ckpt_path"": ""/lustre/projects/1001/rdelprete/MAYA_DC/logs/default/runs/2026-03-19_19-25-49/checkpoints/epoch_005_loss_0.0102.ckpt"", ""data"": ""{'_target_': 'src.data.maya4_dir_datamodule.MAYA4DirDataModule', 'train_dir': '/lustre/projects/1001/rdelprete/SSM/data/ssm_dataset/focused/PT1', 'val_dir': '/lustre/projects/1001/rdelprete/SSM/data/ssm_dataset/focused/PT2', 'test_dir': '/lustre/projects/1001/rdelprete/SSM/data/ssm_dataset/focused/PT3', 'patch_size': '${patch_size}', 'azimuth_buffer': '${azimuth_buffer}', 'batch_size': 4, 'num_workers': 32, 'pin_memory': True, 'max_products_train': 10, 'max_products_val': 2, 'max_products_test': 2, 'samples_per_prod': 1000, 'online': False}"", ""determinism"": true, ""experiment_name"": ""rcmc_compress_baseline"", ""extras"": ""{'ignore_warnings': False, 'enforce_tags': True, 'print_config': True}"", ""logger"": {""wandb"": {""_target_"": ""lightning.pytorch.loggers.wandb.WandbLogger"", ""anonymous"": null, ""entity"": ""cedric-leonard"", ""group"": """", ""id"": null, ""job_type"": """", ""log_model"": false, ""offline"": true, ""prefix"": """", ""project"": ""MAYA_DC"", ""save_dir"": ""/lustre/projects/1001/rdelprete/MAYA_DC/logs/default/runs/2026-03-20_14-22-19"", ""tags"": []}}, ""model"": ""{'_target_': 'src.models.rcmc_compress_module.RCMCDCmodule', 'net': {'_target_': 'src.models.components.scale_hyperprior.ScaleHyperprior', 'nb_input_channels': 2, 'nb_channels_main': 128, 'nb_channels_latent': 256, 'activation': 'gdn'}, 'criterion': {'lmbda': 10, 'patch_size': '${patch_size}', 'azimuth_buffer': '${azimuth_buffer}', '_target_': 'src.models.components.losses.CompoundCompressionLoss', 'delta_kde': 1.0, 'delta_coherence': 1.0, 'num_kde_bins': 100}, 'azimuth_buffer': '${azimuth_buffer}', 'net_optimizer': {'_target_': 'torch.optim.Adam', '_partial_': True, 'lr': 0.0001, 'betas': [0.9, 0.999]}, 'aux_optimizer': {'_target_': 'torch.optim.Adam', '_partial_': True, 'lr': 0.001}, 'scheduler': {'_target_': 'torch.optim.lr_scheduler.ReduceLROnPlateau', '_partial_': True, 'mode': 'min', 'factor': 0.5, 'patience': 5}, 'training_mode': 'slc', 'gradient_clip_norm': 1.0, 'compile': False}"", ""model/params/non_trainable"": 0, ""model/params/total"": 5626626, ""model/params/trainable"": 5626626, ""patch_size"": [512, 512], ""paths"": {""data_dir"": ""/lustre/projects/1001/rdelprete/MAYA_DC/data/"", ""log_dir"": ""/lustre/projects/1001/rdelprete/MAYA_DC/logs/"", ""output_dir"": ""/lustre/projects/1001/rdelprete/MAYA_DC/logs/default/runs/2026-03-20_14-22-19"", ""root_dir"": ""/lustre/projects/1001/rdelprete/MAYA_DC"", ""work_dir"": ""/lustre/home/u10010007""}, ""seed"": 42, ""tags"": ""['rcmc_compression', 'scale_hyperprior', 'maya4']"", ""task_name"": ""default"", ""test"": true, ""train"": false, ""trainer"": ""{'_target_': 'lightning.pytorch.trainer.Trainer', 'default_root_dir': '${paths.output_dir}', 'min_epochs': 1, 'max_epochs': 1, 'accelerator': 'gpu', 'devices': 1, 'check_val_every_n_epoch': 2, 'deterministic': False, 'strategy': 'auto', 'num_nodes': 1, 'sync_batchnorm': True, 'precision': '32-true'}""}"
9w971gs6,SHP-gdn_s0_L1_slc_buf512_Compound_lr0.0001_b4_10000p,finished,https://wandb.ai/cedric-leonard/MAYA_DC/runs/9w971gs6,2026-03-23T10:32:56Z,cedric-leonard,MAYA_DC,0.0,1.0,slc,512.0,src.models.components.scale_hyperprior.ScaleHyperprior,ScaleHyperprior,SHyp,gdn,GDN,src.data.maya4_dir_datamodule.MAYA4DirDataModule,MAYA4DirDataModule,MAYA4DirDataModule,src.models.components.losses.CompoundCompressionLoss,Compound,/lustre/projects/1001/rdelprete/MAYA_DC/logs/default/multiruns/2026-03-23_11-27-57/0,,False,rcmc_grid,"[""maya4"", ""rcmc_compression"", ""scale_hyperprior""]",SHyp-GDN | MAYA4DirDataModule | slc | sq,"{""_runtime"": 4864, ""_step"": 150001, ""_timestamp"": 1774266543.4262788, ""epoch"": 30, ""fixed_patch/reconstruction"": {""_type"": ""image-file"", ""format"": ""png"", ""height"": 600, ""path"": ""media/images/fixed_patch/reconstruction_150000_154805066413fc9c2ac1.png"", ""sha256"": ""154805066413fc9c2ac1a34d696fa62311f85df874ccf731dceca23c71673c3d"", ""size"": 1459309, ""width"": 2000}, ""test/aux"": 114.58509063720705, ""test/coherence"": 0.20987600088119507, ""test/complex_corr_mean"": 0.7901239395141602, ""test/complex_corr_std"": ""NaN"", ""test/distortion"": 0.42003387212753296, ""test/kde"": 0.066034696996212, ""test/loss"": 0.43225210905075073, ""test/mse"": 0.14412324130535126, ""test/phase_err_mean"": 0.14625917375087738, ""test/phase_err_std"": ""NaN"", ""test/psnr_amp"": 21.492923736572266, ""test/rate"": 0.012218078598380089, ""test/ssim_amp"": 0.05424023047089577, ""train/aux"": 121.94634246826172, ""train/coherence"": 0.1411350965499878, ""train/distortion"": 0.26749294996261597, ""train/grad_norm_g_a"": 2.24640154838562, ""train/grad_norm_g_s"": 0.8030554056167603, ""train/grad_norm_h_a"": 0.01775284670293331, ""train/grad_norm_h_s"": 0.0029385448433458805, ""train/kde"": 0.038034044206142426, ""train/loss"": 0.4295404553413391, ""train/lr"": 4.999999873689376e-05, ""train/mse"": 0.08832380175590515, ""train/rate"": 0.16204750537872314, ""trainer/global_step"": 75000, ""val_batch/coherence_loss"": 0.059133946895599365, ""val_batch/correlation_metric_mean"": 0.9408661723136902, ""val_batch/correlation_metric_std"": ""NaN"", ""val_batch/kde_loss"": 0.09819319099187852, ""val_batch/phase_error"": 0.03236895799636841, ""val_batch/psnr_slc"": 18.850616455078125, ""val_batch/reconstructions"": {""_type"": ""image-file"", ""format"": ""png"", ""height"": 1700, ""path"": ""media/images/val_batch/reconstructions_145051_0eb29eb2e32643efa976.png"", ""sha256"": ""0eb29eb2e32643efa97649e4fbf90d771d04552e238ebfce3cd8de009975deba"", ""size"": 1514667, ""width"": 500}, ""val_batch/ssim_slc"": 0.08808796107769012, ""val_batch/x_hat_histogram"": {""_type"": ""histogram""}, ""valid/aux"": 117.47649383544922, ""valid/coherence"": 0.268341064453125, ""valid/complex_corr_mean"": 0.7316588759422302, ""valid/complex_corr_std"": ""NaN"", ""valid/distortion"": 0.5930909514427185, ""valid/kde"": 0.07195468246936798, ""valid/loss"": 0.6058255434036255, ""valid/mse"": 0.2527950704097748, ""valid/phase_err_mean"": 0.19423459470272064, ""valid/phase_err_std"": ""NaN"", ""valid/psnr_amp"": 24.303789138793945, ""valid/rate"": 0.012734662741422651, ""valid/rd_scatter_table"": {""_latest_artifact_path"": ""wandb-client-artifact://1sucm8swf0rpiy8du6ye8vf3k6x2s5inho6zq6a0c7o1fkiusb3abepajkpg5myttfi1l8cdyc7b6y14y9ix05g3q5hyfbdpeu3o989vsj5rhwfptpg2n92cqifdjbc9:latest/valid/rd_scatter_table.table.json"", ""_type"": ""table-file"", ""artifact_path"": ""wandb-client-artifact://ygn2ey14im0g68fh2ujahe5vp9c9nrm715fr852v7ij3i72cozmhvlzz1ej5hp7y0q3edao8lyinz5q48x3t9aqxx00gc35gw7eriqvk3k9wv8pz7cqrlp9hf6zj9rwt/valid/rd_scatter_table.table.json"", ""log_mode"": ""IMMUTABLE"", ""ncols"": 3, ""nrows"": 31, ""path"": ""media/table/valid/rd_scatter_table_150000_b8984be4e89470171ce0.table.json"", ""sha256"": ""b8984be4e89470171ce02cae637d29efdd0be4adf85a65cc400d72a9f746bc6f"", ""size"": 1524}, ""valid/ssim_amp"": 0.05079841986298561}","{""azimuth_buffer"": 512, ""callbacks"": {""early_stopping"": {""_target_"": ""lightning.pytorch.callbacks.EarlyStopping"", ""check_finite"": true, ""check_on_train_epoch_end"": false, ""divergence_threshold"": null, ""min_delta"": 0, ""mode"": ""min"", ""monitor"": ""valid/loss"", ""patience"": 10, ""stopping_threshold"": null, ""strict"": true, ""verbose"": false}, ""model_checkpoint"": {""_target_"": ""lightning.pytorch.callbacks.ModelCheckpoint"", ""auto_insert_metric_name"": false, ""dirpath"": ""/lustre/projects/1001/rdelprete/MAYA_DC/logs/default/multiruns/2026-03-23_11-27-57/0/checkpoints"", ""every_n_epochs"": null, ""every_n_train_steps"": null, ""filename"": ""epoch_{epoch:03d}_loss_{valid/loss:.4f}"", ""mode"": ""min"", ""monitor"": ""valid/loss"", ""save_last"": true, ""save_on_train_epoch_end"": null, ""save_top_k"": 1, ""save_weights_only"": false, ""train_time_interval"": null, ""verbose"": false}, ""model_summary"": {""_target_"": ""lightning.pytorch.callbacks.RichModelSummary"", ""max_depth"": 2}, ""monitor_fix_patch"": {""verbose"": true}, ""monitor_fixed_patch"": {""_target_"": ""src.callbacks.monitor_fixed_patch.MonitorFixedPatch"", ""clip_factor"": 3, ""log_every_n_epochs"": 1, ""patch_json"": ""data/fixed_patches/s1c-s6-raw-s-vv-20250422t061414-20250422t061446-002002-0040d4.json"", ""verbose"": false}, ""monitor_val_recon"": {""_target_"": ""src.callbacks.monitor_val_reconstruction.MonitorValReconstruction"", ""clip_factor"": 3, ""log_every_n_epochs"": 1, ""num_images"": 3, ""verbose"": true}, ""rich_progress_bar"": {""_target_"": ""lightning.pytorch.callbacks.RichProgressBar""}, ""wandb_osh"": {""_target_"": ""wandb_osh.lightning_hooks.TriggerWandbSyncLightningCallback""}}, ""ckpt_path"": null, ""data"": {""_target_"": ""src.data.maya4_dir_datamodule.MAYA4DirDataModule"", ""azimuth_buffer"": 512, ""batch_size"": 4, ""max_products_test"": 2, ""max_products_train"": 10, ""max_products_val"": 2, ""num_workers"": 4, ""online"": false, ""patch_size"": [512, 512], ""pin_memory"": true, ""samples_per_prod"": 1000, ""test_dir"": ""/lustre/projects/1001/rdelprete/SSM/data/ssm_dataset/focused/PT3"", ""train_dir"": ""/lustre/projects/1001/rdelprete/SSM/data/ssm_dataset/focused/PT1"", ""val_dir"": ""/lustre/projects/1001/rdelprete/SSM/data/ssm_dataset/focused/PT2""}, ""determinism"": true, ""experiment_name"": ""rcmc_compress_baseline"", ""extras"": {""enforce_tags"": true, ""ignore_warnings"": false, ""print_config"": true}, ""lambda"": 1, ""logger"": {""wandb"": {""_target_"": ""lightning.pytorch.loggers.wandb.WandbLogger"", ""anonymous"": null, ""entity"": ""cedric-leonard"", ""group"": ""rcmc_grid"", ""id"": null, ""job_type"": """", ""log_model"": false, ""offline"": true, ""prefix"": """", ""project"": ""MAYA_DC"", ""save_dir"": ""/lustre/projects/1001/rdelprete/MAYA_DC/logs/default/multiruns/2026-03-23_11-27-57/0"", ""tags"": []}}, ""model"": {""_target_"": ""src.models.rcmc_compress_module.RCMCDCmodule"", ""aux_optimizer"": {""_partial_"": true, ""_target_"": ""torch.optim.Adam"", ""lr"": 0.001}, ""azimuth_buffer"": 512, ""compile"": false, ""criterion"": {""_target_"": ""src.models.components.losses.CompoundCompressionLoss"", ""azimuth_buffer"": 512, ""delta_coherence"": 1, ""delta_kde"": 1, ""lmbda"": 1, ""num_kde_bins"": 100, ""patch_size"": [512, 512]}, ""gradient_clip_norm"": 1, ""net"": {""_target_"": ""src.models.components.scale_hyperprior.ScaleHyperprior"", ""activation"": ""gdn"", ""nb_channels_latent"": 256, ""nb_channels_main"": 128, ""nb_input_channels"": 2}, ""net_optimizer"": {""_partial_"": true, ""_target_"": ""torch.optim.Adam"", ""betas"": [0.9, 0.999], ""lr"": 0.0001}, ""scheduler"": {""_partial_"": true, ""_target_"": ""torch.optim.lr_scheduler.ReduceLROnPlateau"", ""factor"": 0.5, ""mode"": ""min"", ""patience"": 5}, ""training_mode"": ""slc""}, ""model/params/non_trainable"": 0, ""model/params/total"": 5626626, ""model/params/trainable"": 5626626, ""patch_size"": [512, 512], ""paths"": {""data_dir"": ""/lustre/projects/1001/rdelprete/MAYA_DC/data/"", ""log_dir"": ""/lustre/projects/1001/rdelprete/MAYA_DC/logs/"", ""output_dir"": ""/lustre/projects/1001/rdelprete/MAYA_DC/logs/default/multiruns/2026-03-23_11-27-57/0"", ""root_dir"": ""/lustre/projects/1001/rdelprete/MAYA_DC"", ""work_dir"": ""/lustre/home/u10010007""}, ""seed"": 0, ""tags"": [""rcmc_compression"", ""scale_hyperprior"", ""maya4""], ""task_name"": ""default"", ""test"": true, ""train"": true, ""trainer"": {""_target_"": ""lightning.pytorch.trainer.Trainer"", ""accelerator"": ""gpu"", ""check_val_every_n_epoch"": 1, ""default_root_dir"": ""/lustre/projects/1001/rdelprete/MAYA_DC/logs/default/multiruns/2026-03-23_11-27-57/0"", ""deterministic"": false, ""devices"": 4, ""max_epochs"": 30, ""min_epochs"": 1, ""num_nodes"": 1, ""precision"": ""32-true"", ""strategy"": ""ddp_find_unused_parameters_true"", ""sync_batchnorm"": true}}"
hh94scy5,SHP-gdn_s0_L1_slc_buf512_Compound_lr0.0001_b4_10000p,finished,https://wandb.ai/cedric-leonard/MAYA_DC/runs/hh94scy5,2026-03-25T08:59:44Z,cedric-leonard,MAYA_DC,0.0,1.0,slc,512.0,src.models.components.scale_hyperprior.ScaleHyperprior,ScaleHyperprior,SHyp,gdn,GDN,src.data.maya4_dir_datamodule.MAYA4DirDataModule,MAYA4DirDataModule,MAYA4DirDataModule,src.models.components.losses.CompoundCompressionLoss,Compound,/lustre/projects/1001/rdelprete/MAYA_DC/logs/default/multiruns/2026-03-24_17-14-16_non_square/lmbda_1_seed_0,,True,rcmc_grid_non_square,"[""maya4"", ""rcmc_compression"", ""scale_hyperprior""]",SHyp-GDN | MAYA4DirDataModule | slc | nsk,"{""_runtime"": 5335, ""_step"": 150001, ""_timestamp"": 1774389738.6219454, ""epoch"": 30, ""fixed_patch/reconstruction"": {""_type"": ""image-file"", ""format"": ""png"", ""height"": 600, ""path"": ""media/images/fixed_patch/reconstruction_150000_f9e64db287c43210778c.png"", ""sha256"": ""f9e64db287c43210778cefa8dec573e67fbf6f94082c601377b6ddf14457aae5"", ""size"": 1418595, ""width"": 2000}, ""test/aux"": 140.76202392578125, ""test/coherence"": 0.207048237323761, ""test/complex_corr_mean"": 0.792951762676239, ""test/complex_corr_std"": ""NaN"", ""test/distortion"": 0.4099354147911072, ""test/kde"": 0.06053134426474571, ""test/loss"": 0.4214175343513489, ""test/mse"": 0.14235588908195496, ""test/phase_err_mean"": 0.14358839392662048, ""test/phase_err_std"": ""NaN"", ""test/psnr_amp"": 21.587846755981445, ""test/rate"": 0.011482044123113155, ""test/ssim_amp"": 0.06415068358182907, ""train/aux"": 143.82791137695312, ""train/coherence"": 0.14045891165733335, ""train/distortion"": 0.26170966029167175, ""train/grad_norm_g_a"": 1.0465750694274902, ""train/grad_norm_g_s"": 0.5322338938713074, ""train/grad_norm_h_a"": 0.012174202129244804, ""train/grad_norm_h_s"": 0.0047913528978824615, ""train/kde"": 0.033071309328079224, ""train/loss"": 0.42325299978256226, ""train/lr"": 4.999999873689376e-05, ""train/mse"": 0.08817943930625916, ""train/rate"": 0.1615433394908905, ""trainer/global_step"": 75000, ""val_batch/coherence_loss"": 0.06002718210220337, ""val_batch/correlation_metric_mean"": 0.9399728775024414, ""val_batch/correlation_metric_std"": ""NaN"", ""val_batch/kde_loss"": 0.09429695457220078, ""val_batch/phase_error"": 0.033237993717193604, ""val_batch/psnr_slc"": 18.819007873535156, ""val_batch/reconstructions"": {""_type"": ""image-file"", ""format"": ""png"", ""height"": 1700, ""path"": ""media/images/val_batch/reconstructions_145051_f775b0134404cabf1d1b.png"", ""sha256"": ""f775b0134404cabf1d1b0e35bc8d059a32539ba37420561827738fdcf3d1c018"", ""size"": 1479107, ""width"": 500}, ""val_batch/ssim_slc"": 0.10065945982933044, ""val_batch/x_hat_histogram"": {""_type"": ""histogram""}, ""valid/aux"": 140.76202392578125, ""valid/coherence"": 0.2652272880077362, ""valid/complex_corr_mean"": 0.7347725629806519, ""valid/complex_corr_std"": ""NaN"", ""valid/distortion"": 0.587011456489563, ""valid/kde"": 0.07199936360120773, ""valid/loss"": 0.5991808176040649, ""valid/mse"": 0.24978482723236084, ""valid/phase_err_mean"": 0.1908393353223801, ""valid/phase_err_std"": ""NaN"", ""valid/psnr_amp"": 24.39986991882324, ""valid/rate"": 0.01216934435069561, ""valid/rd_scatter_table"": {""_latest_artifact_path"": ""wandb-client-artifact://h318ctop3dbxlf16iy45jzt4hkd79cmn80j63xgeg0wyyju7wsp1eanvisdfs4700k19fbh616eknh2hnm47bg6qir1hzq08cfv8le2hb7s7lpul8n59ltqkciz5j063:latest/valid/rd_scatter_table.table.json"", ""_type"": ""table-file"", ""artifact_path"": ""wandb-client-artifact://7m8opcp5ceemfhd7xyivh1crs9h41zmiq27o7nsss6e02zd2e8mb3u0vf12lbfqu3dra06ob0ujqohd7xcr1aegumcq47f9aqeurhsne7bb51sfrak8wk202mdv7dt4j/valid/rd_scatter_table.table.json"", ""log_mode"": ""IMMUTABLE"", ""ncols"": 3, ""nrows"": 31, ""path"": ""media/table/valid/rd_scatter_table_150000_4e0dd277830bd7dbe7bc.table.json"", ""sha256"": ""4e0dd277830bd7dbe7bc6a7aa41350cd36fca804827584160ca470902a934fb1"", ""size"": 1516}, ""valid/ssim_amp"": 0.05884489417076111}","{""azimuth_buffer"": 512, ""callbacks"": {""early_stopping"": {""_target_"": ""lightning.pytorch.callbacks.EarlyStopping"", ""check_finite"": true, ""check_on_train_epoch_end"": false, ""divergence_threshold"": null, ""min_delta"": 0, ""mode"": ""min"", ""monitor"": ""valid/loss"", ""patience"": 10, ""stopping_threshold"": null, ""strict"": true, ""verbose"": false}, ""model_checkpoint"": {""_target_"": ""lightning.pytorch.callbacks.ModelCheckpoint"", ""auto_insert_metric_name"": false, ""dirpath"": ""/lustre/projects/1001/rdelprete/MAYA_DC/logs/default/multiruns/2026-03-24_17-14-16_non_square/lmbda_1_seed_0/checkpoints"", ""every_n_epochs"": null, ""every_n_train_steps"": null, ""filename"": ""epoch_{epoch:03d}_loss_{valid/loss:.4f}"", ""mode"": ""min"", ""monitor"": ""valid/loss"", ""save_last"": true, ""save_on_train_epoch_end"": null, ""save_top_k"": 1, ""save_weights_only"": false, ""train_time_interval"": null, ""verbose"": false}, ""model_summary"": {""_target_"": ""lightning.pytorch.callbacks.RichModelSummary"", ""max_depth"": 2}, ""monitor_fix_patch"": {""verbose"": true}, ""monitor_fixed_patch"": {""_target_"": ""src.callbacks.monitor_fixed_patch.MonitorFixedPatch"", ""clip_factor"": 3, ""log_every_n_epochs"": 1, ""patch_json"": ""data/fixed_patches/s1c-s6-raw-s-vv-20250422t061414-20250422t061446-002002-0040d4.json"", ""verbose"": false}, ""monitor_val_recon"": {""_target_"": ""src.callbacks.monitor_val_reconstruction.MonitorValReconstruction"", ""clip_factor"": 3, ""log_every_n_epochs"": 1, ""num_images"": 3, ""verbose"": true}, ""rich_progress_bar"": {""_target_"": ""lightning.pytorch.callbacks.RichProgressBar""}, ""wandb_osh"": {""_target_"": ""wandb_osh.lightning_hooks.TriggerWandbSyncLightningCallback""}}, ""ckpt_path"": null, ""data"": {""_target_"": ""src.data.maya4_dir_datamodule.MAYA4DirDataModule"", ""azimuth_buffer"": 512, ""batch_size"": 4, ""max_products_test"": 2, ""max_products_train"": 10, ""max_products_val"": 2, ""num_workers"": 4, ""online"": false, ""patch_size"": [512, 512], ""pin_memory"": true, ""samples_per_prod"": 1000, ""test_dir"": ""/lustre/projects/1001/rdelprete/SSM/data/ssm_dataset/focused/PT3"", ""train_dir"": ""/lustre/projects/1001/rdelprete/SSM/data/ssm_dataset/focused/PT1"", ""val_dir"": ""/lustre/projects/1001/rdelprete/SSM/data/ssm_dataset/focused/PT2""}, ""determinism"": true, ""experiment_name"": ""rcmc_compress_baseline"", ""extras"": {""enforce_tags"": true, ""ignore_warnings"": false, ""print_config"": true}, ""lambda"": 1, ""logger"": {""wandb"": {""_target_"": ""lightning.pytorch.loggers.wandb.WandbLogger"", ""anonymous"": null, ""entity"": ""cedric-leonard"", ""group"": ""rcmc_grid_non_square"", ""id"": null, ""job_type"": """", ""log_model"": false, ""offline"": true, ""prefix"": """", ""project"": ""MAYA_DC"", ""save_dir"": ""/lustre/projects/1001/rdelprete/MAYA_DC/logs/default/multiruns/2026-03-24_17-14-16_non_square/lmbda_1_seed_0"", ""tags"": []}}, ""model"": {""_target_"": ""src.models.rcmc_compress_module.RCMCDCmodule"", ""aux_optimizer"": {""_partial_"": true, ""_target_"": ""torch.optim.Adam"", ""lr"": 0.001}, ""azimuth_buffer"": 512, ""compile"": false, ""criterion"": {""_target_"": ""src.models.components.losses.CompoundCompressionLoss"", ""azimuth_buffer"": 512, ""delta_coherence"": 1, ""delta_kde"": 1, ""lmbda"": 1, ""num_kde_bins"": 100, ""patch_size"": [512, 512]}, ""gradient_clip_norm"": 1, ""net"": {""_target_"": ""src.models.components.scale_hyperprior.ScaleHyperprior"", ""activation"": ""gdn"", ""nb_channels_latent"": 256, ""nb_channels_main"": 128, ""nb_input_channels"": 2, ""non_square_kernels"": true}, ""net_optimizer"": {""_partial_"": true, ""_target_"": ""torch.optim.Adam"", ""betas"": [0.9, 0.999], ""lr"": 0.0001}, ""scheduler"": {""_partial_"": true, ""_target_"": ""torch.optim.lr_scheduler.ReduceLROnPlateau"", ""factor"": 0.5, ""mode"": ""min"", ""patience"": 5}, ""training_mode"": ""slc""}, ""model/params/non_trainable"": 0, ""model/params/total"": 16662274, ""model/params/trainable"": 16662274, ""patch_size"": [512, 512], ""paths"": {""data_dir"": ""/lustre/projects/1001/rdelprete/MAYA_DC/data/"", ""log_dir"": ""/lustre/projects/1001/rdelprete/MAYA_DC/logs/"", ""output_dir"": ""/lustre/projects/1001/rdelprete/MAYA_DC/logs/default/multiruns/2026-03-24_17-14-16_non_square/lmbda_1_seed_0"", ""root_dir"": ""/lustre/projects/1001/rdelprete/MAYA_DC"", ""work_dir"": ""/lustre/home/u10010007""}, ""seed"": 0, ""tags"": [""rcmc_compression"", ""scale_hyperprior"", ""maya4""], ""task_name"": ""default"", ""test"": true, ""train"": true, ""trainer"": {""_target_"": ""lightning.pytorch.trainer.Trainer"", ""accelerator"": ""gpu"", ""check_val_every_n_epoch"": 1, ""default_root_dir"": ""/lustre/projects/1001/rdelprete/MAYA_DC/logs/default/multiruns/2026-03-24_17-14-16_non_square/lmbda_1_seed_0"", ""deterministic"": false, ""devices"": 4, ""max_epochs"": 30, ""min_epochs"": 1, ""num_nodes"": 1, ""precision"": ""32-true"", ""strategy"": ""ddp_find_unused_parameters_true"", ""sync_batchnorm"": true}}"
bh95j6hd,SHP-gdn_s1_L1_slc_buf512_Compound_lr0.0001_b4_10000p,finished,https://wandb.ai/cedric-leonard/MAYA_DC/runs/bh95j6hd,2026-03-23T11:52:31Z,cedric-leonard,MAYA_DC,1.0,1.0,slc,512.0,src.models.components.scale_hyperprior.ScaleHyperprior,ScaleHyperprior,SHyp,gdn,GDN,src.data.maya4_dir_datamodule.MAYA4DirDataModule,MAYA4DirDataModule,MAYA4DirDataModule,src.models.components.losses.CompoundCompressionLoss,Compound,/lustre/projects/1001/rdelprete/MAYA_DC/logs/default/multiruns/2026-03-23_11-27-57/1,,False,rcmc_grid,"[""maya4"", ""rcmc_compression"", ""scale_hyperprior""]",SHyp-GDN | MAYA4DirDataModule | slc | sq,"{""_runtime"": 4753, ""_step"": 150001, ""_timestamp"": 1774271296.6506388, ""epoch"": 30, ""fixed_patch/reconstruction"": {""_type"": ""image-file"", ""format"": ""png"", ""height"": 600, ""path"": ""media/images/fixed_patch/reconstruction_150000_8ed926ce95d75bfba165.png"", ""sha256"": ""8ed926ce95d75bfba165fdea8301cd02c1323c4042396ce2121d6bdc53c456a5"", ""size"": 1467550, ""width"": 2000}, ""test/aux"": 75.63672637939453, ""test/coherence"": 0.20741964876651764, ""test/complex_corr_mean"": 0.7925804257392883, ""test/complex_corr_std"": ""NaN"", ""test/distortion"": 0.42158472537994385, ""test/kde"": 0.07144778221845627, ""test/loss"": 0.43482935428619385, ""test/mse"": 0.1427173912525177, ""test/phase_err_mean"": 0.1440325230360031, ""test/phase_err_std"": ""NaN"", ""test/psnr_amp"": 21.583330154418945, ""test/rate"": 0.013244564644992352, ""test/ssim_amp"": 0.06289680302143097, ""train/aux"": 79.7702865600586, ""train/coherence"": 0.26383423805236816, ""train/distortion"": 0.5719411969184875, ""train/grad_norm_g_a"": 0.9732586741447448, ""train/grad_norm_g_s"": 0.5223867297172546, ""train/grad_norm_h_a"": 0.013635125942528248, ""train/grad_norm_h_s"": 0.0026669418439269066, ""train/kde"": 0.07157585024833679, ""train/loss"": 0.7362985610961914, ""train/lr"": 9.999999747378752e-05, ""train/mse"": 0.2365310788154602, ""train/rate"": 0.16435739398002625, ""trainer/global_step"": 75000, ""val_batch/coherence_loss"": 0.05758655071258545, ""val_batch/correlation_metric_mean"": 0.9424134492874146, ""val_batch/correlation_metric_std"": ""NaN"", ""val_batch/kde_loss"": 0.12950006127357483, ""val_batch/phase_error"": 0.032012879848480225, ""val_batch/psnr_slc"": 18.98527717590332, ""val_batch/reconstructions"": {""_type"": ""image-file"", ""format"": ""png"", ""height"": 1700, ""path"": ""media/images/val_batch/reconstructions_145051_86e8d734af655fe43b54.png"", ""sha256"": ""86e8d734af655fe43b5499e1f2b4ee8a8d34a214b15bf272727f0aa7312439ec"", ""size"": 1479004, ""width"": 500}, ""val_batch/ssim_slc"": 0.0988311693072319, ""val_batch/x_hat_histogram"": {""_type"": ""histogram""}, ""valid/aux"": 77.39413452148438, ""valid/coherence"": 0.2615174651145935, ""valid/complex_corr_mean"": 0.7384827136993408, ""valid/complex_corr_std"": ""NaN"", ""valid/distortion"": 0.5896495580673218, ""valid/kde"": 0.08170564472675323, ""valid/loss"": 0.6032794713973999, ""valid/mse"": 0.24642640352249143, ""valid/phase_err_mean"": 0.18743975460529327, ""valid/phase_err_std"": ""NaN"", ""valid/psnr_amp"": 24.497095108032227, ""valid/rate"": 0.0136300940066576, ""valid/rd_scatter_table"": {""_latest_artifact_path"": ""wandb-client-artifact://6oja3xoyfes9uyihs4w1afw56q456i180dql4uhwbzo4t3si9vs4wnijmamqaa8p94dmsyo7j58hjaq17m7mpnallfbkf05hblq0z97fwmc4lwksdlay8s08k9gt1wel:latest/valid/rd_scatter_table.table.json"", ""_type"": ""table-file"", ""artifact_path"": ""wandb-client-artifact://h97kak3erfvaf2u1bu0wx6ky5h4ravxcz3yc885f2s97auwd0zpy7puc50umzbu8ww4zye3ova8jsyxasrs7ei7ytarccils0hdwijm5xt8kbihx590zrhhjztbtabxh/valid/rd_scatter_table.table.json"", ""log_mode"": ""IMMUTABLE"", ""ncols"": 3, ""nrows"": 31, ""path"": ""media/table/valid/rd_scatter_table_150000_8fa1245ca45615a19db7.table.json"", ""sha256"": ""8fa1245ca45615a19db70e05009a8b526f2dbe94a2b69f136e1314decd4de008"", ""size"": 1520}, ""valid/ssim_amp"": 0.05844338983297348}","{""azimuth_buffer"": 512, ""callbacks"": {""early_stopping"": {""_target_"": ""lightning.pytorch.callbacks.EarlyStopping"", ""check_finite"": true, ""check_on_train_epoch_end"": false, ""divergence_threshold"": null, ""min_delta"": 0, ""mode"": ""min"", ""monitor"": ""valid/loss"", ""patience"": 10, ""stopping_threshold"": null, ""strict"": true, ""verbose"": false}, ""model_checkpoint"": {""_target_"": ""lightning.pytorch.callbacks.ModelCheckpoint"", ""auto_insert_metric_name"": false, ""dirpath"": ""/lustre/projects/1001/rdelprete/MAYA_DC/logs/default/multiruns/2026-03-23_11-27-57/1/checkpoints"", ""every_n_epochs"": null, ""every_n_train_steps"": null, ""filename"": ""epoch_{epoch:03d}_loss_{valid/loss:.4f}"", ""mode"": ""min"", ""monitor"": ""valid/loss"", ""save_last"": true, ""save_on_train_epoch_end"": null, ""save_top_k"": 1, ""save_weights_only"": false, ""train_time_interval"": null, ""verbose"": false}, ""model_summary"": {""_target_"": ""lightning.pytorch.callbacks.RichModelSummary"", ""max_depth"": 2}, ""monitor_fix_patch"": {""verbose"": true}, ""monitor_fixed_patch"": {""_target_"": ""src.callbacks.monitor_fixed_patch.MonitorFixedPatch"", ""clip_factor"": 3, ""log_every_n_epochs"": 1, ""patch_json"": ""data/fixed_patches/s1c-s6-raw-s-vv-20250422t061414-20250422t061446-002002-0040d4.json"", ""verbose"": false}, ""monitor_val_recon"": {""_target_"": ""src.callbacks.monitor_val_reconstruction.MonitorValReconstruction"", ""clip_factor"": 3, ""log_every_n_epochs"": 1, ""num_images"": 3, ""verbose"": true}, ""rich_progress_bar"": {""_target_"": ""lightning.pytorch.callbacks.RichProgressBar""}, ""wandb_osh"": {""_target_"": ""wandb_osh.lightning_hooks.TriggerWandbSyncLightningCallback""}}, ""ckpt_path"": null, ""data"": {""_target_"": ""src.data.maya4_dir_datamodule.MAYA4DirDataModule"", ""azimuth_buffer"": 512, ""batch_size"": 4, ""max_products_test"": 2, ""max_products_train"": 10, ""max_products_val"": 2, ""num_workers"": 4, ""online"": false, ""patch_size"": [512, 512], ""pin_memory"": true, ""samples_per_prod"": 1000, ""test_dir"": ""/lustre/projects/1001/rdelprete/SSM/data/ssm_dataset/focused/PT3"", ""train_dir"": ""/lustre/projects/1001/rdelprete/SSM/data/ssm_dataset/focused/PT1"", ""val_dir"": ""/lustre/projects/1001/rdelprete/SSM/data/ssm_dataset/focused/PT2""}, ""determinism"": true, ""experiment_name"": ""rcmc_compress_baseline"", ""extras"": {""enforce_tags"": true, ""ignore_warnings"": false, ""print_config"": true}, ""lambda"": 1, ""logger"": {""wandb"": {""_target_"": ""lightning.pytorch.loggers.wandb.WandbLogger"", ""anonymous"": null, ""entity"": ""cedric-leonard"", ""group"": ""rcmc_grid"", ""id"": null, ""job_type"": """", ""log_model"": false, ""offline"": true, ""prefix"": """", ""project"": ""MAYA_DC"", ""save_dir"": ""/lustre/projects/1001/rdelprete/MAYA_DC/logs/default/multiruns/2026-03-23_11-27-57/1"", ""tags"": []}}, ""model"": {""_target_"": ""src.models.rcmc_compress_module.RCMCDCmodule"", ""aux_optimizer"": {""_partial_"": true, ""_target_"": ""torch.optim.Adam"", ""lr"": 0.001}, ""azimuth_buffer"": 512, ""compile"": false, ""criterion"": {""_target_"": ""src.models.components.losses.CompoundCompressionLoss"", ""azimuth_buffer"": 512, ""delta_coherence"": 1, ""delta_kde"": 1, ""lmbda"": 1, ""num_kde_bins"": 100, ""patch_size"": [512, 512]}, ""gradient_clip_norm"": 1, ""net"": {""_target_"": ""src.models.components.scale_hyperprior.ScaleHyperprior"", ""activation"": ""gdn"", ""nb_channels_latent"": 256, ""nb_channels_main"": 128, ""nb_input_channels"": 2}, ""net_optimizer"": {""_partial_"": true, ""_target_"": ""torch.optim.Adam"", ""betas"": [0.9, 0.999], ""lr"": 0.0001}, ""scheduler"": {""_partial_"": true, ""_target_"": ""torch.optim.lr_scheduler.ReduceLROnPlateau"", ""factor"": 0.5, ""mode"": ""min"", ""patience"": 5}, ""training_mode"": ""slc""}, ""model/params/non_trainable"": 0, ""model/params/total"": 5626626, ""model/params/trainable"": 5626626, ""patch_size"": [512, 512], ""paths"": {""data_dir"": ""/lustre/projects/1001/rdelprete/MAYA_DC/data/"", ""log_dir"": ""/lustre/projects/1001/rdelprete/MAYA_DC/logs/"", ""output_dir"": ""/lustre/projects/1001/rdelprete/MAYA_DC/logs/default/multiruns/2026-03-23_11-27-57/1"", ""root_dir"": ""/lustre/projects/1001/rdelprete/MAYA_DC"", ""work_dir"": ""/lustre/home/u10010007""}, ""seed"": 1, ""tags"": [""rcmc_compression"", ""scale_hyperprior"", ""maya4""], ""task_name"": ""default"", ""test"": true, ""train"": true, ""trainer"": {""_target_"": ""lightning.pytorch.trainer.Trainer"", ""accelerator"": ""gpu"", ""check_val_every_n_epoch"": 1, ""default_root_dir"": ""/lustre/projects/1001/rdelprete/MAYA_DC/logs/default/multiruns/2026-03-23_11-27-57/1"", ""deterministic"": false, ""devices"": 4, ""max_epochs"": 30, ""min_epochs"": 1, ""num_nodes"": 1, ""precision"": ""32-true"", ""strategy"": ""ddp_find_unused_parameters_true"", ""sync_batchnorm"": true}}"
3r231xsj,SHP-gdn_s1_L1_slc_buf512_Compound_lr0.0001_b4_10000p,finished,https://wandb.ai/cedric-leonard/MAYA_DC/runs/3r231xsj,2026-03-25T08:47:47Z,cedric-leonard,MAYA_DC,1.0,1.0,slc,512.0,src.models.components.scale_hyperprior.ScaleHyperprior,ScaleHyperprior,SHyp,gdn,GDN,src.data.maya4_dir_datamodule.MAYA4DirDataModule,MAYA4DirDataModule,MAYA4DirDataModule,src.models.components.losses.CompoundCompressionLoss,Compound,/lustre/projects/1001/rdelprete/MAYA_DC/logs/default/multiruns/2026-03-24_17-14-16_non_square/lmbda_1_seed_1,,True,rcmc_grid_non_square,"[""maya4"", ""rcmc_compression"", ""scale_hyperprior""]",SHyp-GDN | MAYA4DirDataModule | slc | nsk,"{""_runtime"": 5342, ""_step"": 150001, ""_timestamp"": 1774393104.6500633, ""epoch"": 30, ""fixed_patch/reconstruction"": {""_type"": ""image-file"", ""format"": ""png"", ""height"": 600, ""path"": ""media/images/fixed_patch/reconstruction_150000_8beedab35a393baa6c19.png"", ""sha256"": ""8beedab35a393baa6c19116c0b5e753240e0589871925ea694ae1f31e5d99bfb"", ""size"": 1445489, ""width"": 2000}, ""test/aux"": 72.0368423461914, ""test/coherence"": 0.20556285977363584, ""test/complex_corr_mean"": 0.794437050819397, ""test/complex_corr_std"": ""NaN"", ""test/distortion"": 0.4247424900531769, ""test/kde"": 0.07848595082759857, ""test/loss"": 0.4364814758300781, ""test/mse"": 0.14069363474845886, ""test/phase_err_mean"": 0.1409973502159119, ""test/phase_err_std"": ""NaN"", ""test/psnr_amp"": 21.567113876342773, ""test/rate"": 0.01173905562609434, ""test/ssim_amp"": 0.05461660027503967, ""train/aux"": 100.2464599609375, ""train/coherence"": 0.2558077871799469, ""train/distortion"": 0.5547916889190674, ""train/grad_norm_g_a"": 1.7835568189620972, ""train/grad_norm_g_s"": 0.6581296920776367, ""train/grad_norm_h_a"": 0.01704876497387886, ""train/grad_norm_h_s"": 0.02439750544726849, ""train/kde"": 0.07108039408922195, ""train/loss"": 0.717892587184906, ""train/lr"": 4.999999873689376e-05, ""train/mse"": 0.22790350019931793, ""train/rate"": 0.16310088336467743, ""trainer/global_step"": 75000, ""val_batch/coherence_loss"": 0.05842411518096924, ""val_batch/correlation_metric_mean"": 0.9415758848190308, ""val_batch/correlation_metric_std"": ""NaN"", ""val_batch/kde_loss"": 0.14211595058441162, ""val_batch/phase_error"": 0.03208857774734497, ""val_batch/psnr_slc"": 18.897987365722656, ""val_batch/reconstructions"": {""_type"": ""image-file"", ""format"": ""png"", ""height"": 1700, ""path"": ""media/images/val_batch/reconstructions_145051_559d60a2fe76441852b7.png"", ""sha256"": ""559d60a2fe76441852b7063c5c2e03018609b65197e78faeb8b9ab92f69956ff"", ""size"": 1485940, ""width"": 500}, ""val_batch/ssim_slc"": 0.09183473885059357, ""val_batch/x_hat_histogram"": {""_type"": ""histogram""}, ""valid/aux"": 99.02465057373048, ""valid/coherence"": 0.2590455412864685, ""valid/complex_corr_mean"": 0.7409544587135315, ""valid/complex_corr_std"": ""NaN"", ""valid/distortion"": 0.5976762771606445, ""valid/kde"": 0.09585196524858476, ""valid/loss"": 0.6091324090957642, ""valid/mse"": 0.24277877807617188, ""valid/phase_err_mean"": 0.18388687074184415, ""valid/phase_err_std"": ""NaN"", ""valid/psnr_amp"": 24.472415924072266, ""valid/rate"": 0.011455989442765713, ""valid/rd_scatter_table"": {""_latest_artifact_path"": ""wandb-client-artifact://45njq5jktr0myuyxa4xa03retglyol7yw00wdyoroznat7kfpklzlhcup4hkg201w4gk4rt4z78yqfqlg28s7kv9h7tb4yhti9h23o2k7jfpqx7vbpalbud5e2zli0cv:latest/valid/rd_scatter_table.table.json"", ""_type"": ""table-file"", ""artifact_path"": ""wandb-client-artifact://u0g7bvrtkxwl6zht61qt3jibxl7dp8hdrsxvgt1t3frnth7cn5u8wc5ih9yecf9i1wcl4iznj974atyfsmg5230ts0uhx1uh30trwnwk5muh7rlk5j565fch80hltqx0/valid/rd_scatter_table.table.json"", ""log_mode"": ""IMMUTABLE"", ""ncols"": 3, ""nrows"": 31, ""path"": ""media/table/valid/rd_scatter_table_150000_1358e3525656a1a3f340.table.json"", ""sha256"": ""1358e3525656a1a3f3405ee025d7c3c6e128d8d45482c7d4459b36e1e49b6fc2"", ""size"": 1523}, ""valid/ssim_amp"": 0.05441257357597351}","{""azimuth_buffer"": 512, ""callbacks"": {""early_stopping"": {""_target_"": ""lightning.pytorch.callbacks.EarlyStopping"", ""check_finite"": true, ""check_on_train_epoch_end"": false, ""divergence_threshold"": null, ""min_delta"": 0, ""mode"": ""min"", ""monitor"": ""valid/loss"", ""patience"": 10, ""stopping_threshold"": null, ""strict"": true, ""verbose"": false}, ""model_checkpoint"": {""_target_"": ""lightning.pytorch.callbacks.ModelCheckpoint"", ""auto_insert_metric_name"": false, ""dirpath"": ""/lustre/projects/1001/rdelprete/MAYA_DC/logs/default/multiruns/2026-03-24_17-14-16_non_square/lmbda_1_seed_1/checkpoints"", ""every_n_epochs"": null, ""every_n_train_steps"": null, ""filename"": ""epoch_{epoch:03d}_loss_{valid/loss:.4f}"", ""mode"": ""min"", ""monitor"": ""valid/loss"", ""save_last"": true, ""save_on_train_epoch_end"": null, ""save_top_k"": 1, ""save_weights_only"": false, ""train_time_interval"": null, ""verbose"": false}, ""model_summary"": {""_target_"": ""lightning.pytorch.callbacks.RichModelSummary"", ""max_depth"": 2}, ""monitor_fix_patch"": {""verbose"": true}, ""monitor_fixed_patch"": {""_target_"": ""src.callbacks.monitor_fixed_patch.MonitorFixedPatch"", ""clip_factor"": 3, ""log_every_n_epochs"": 1, ""patch_json"": ""data/fixed_patches/s1c-s6-raw-s-vv-20250422t061414-20250422t061446-002002-0040d4.json"", ""verbose"": false}, ""monitor_val_recon"": {""_target_"": ""src.callbacks.monitor_val_reconstruction.MonitorValReconstruction"", ""clip_factor"": 3, ""log_every_n_epochs"": 1, ""num_images"": 3, ""verbose"": true}, ""rich_progress_bar"": {""_target_"": ""lightning.pytorch.callbacks.RichProgressBar""}, ""wandb_osh"": {""_target_"": ""wandb_osh.lightning_hooks.TriggerWandbSyncLightningCallback""}}, ""ckpt_path"": null, ""data"": {""_target_"": ""src.data.maya4_dir_datamodule.MAYA4DirDataModule"", ""azimuth_buffer"": 512, ""batch_size"": 4, ""max_products_test"": 2, ""max_products_train"": 10, ""max_products_val"": 2, ""num_workers"": 4, ""online"": false, ""patch_size"": [512, 512], ""pin_memory"": true, ""samples_per_prod"": 1000, ""test_dir"": ""/lustre/projects/1001/rdelprete/SSM/data/ssm_dataset/focused/PT3"", ""train_dir"": ""/lustre/projects/1001/rdelprete/SSM/data/ssm_dataset/focused/PT1"", ""val_dir"": ""/lustre/projects/1001/rdelprete/SSM/data/ssm_dataset/focused/PT2""}, ""determinism"": true, ""experiment_name"": ""rcmc_compress_baseline"", ""extras"": {""enforce_tags"": true, ""ignore_warnings"": false, ""print_config"": true}, ""lambda"": 1, ""logger"": {""wandb"": {""_target_"": ""lightning.pytorch.loggers.wandb.WandbLogger"", ""anonymous"": null, ""entity"": ""cedric-leonard"", ""group"": ""rcmc_grid_non_square"", ""id"": null, ""job_type"": """", ""log_model"": false, ""offline"": true, ""prefix"": """", ""project"": ""MAYA_DC"", ""save_dir"": ""/lustre/projects/1001/rdelprete/MAYA_DC/logs/default/multiruns/2026-03-24_17-14-16_non_square/lmbda_1_seed_1"", ""tags"": []}}, ""model"": {""_target_"": ""src.models.rcmc_compress_module.RCMCDCmodule"", ""aux_optimizer"": {""_partial_"": true, ""_target_"": ""torch.optim.Adam"", ""lr"": 0.001}, ""azimuth_buffer"": 512, ""compile"": false, ""criterion"": {""_target_"": ""src.models.components.losses.CompoundCompressionLoss"", ""azimuth_buffer"": 512, ""delta_coherence"": 1, ""delta_kde"": 1, ""lmbda"": 1, ""num_kde_bins"": 100, ""patch_size"": [512, 512]}, ""gradient_clip_norm"": 1, ""net"": {""_target_"": ""src.models.components.scale_hyperprior.ScaleHyperprior"", ""activation"": ""gdn"", ""nb_channels_latent"": 256, ""nb_channels_main"": 128, ""nb_input_channels"": 2, ""non_square_kernels"": true}, ""net_optimizer"": {""_partial_"": true, ""_target_"": ""torch.optim.Adam"", ""betas"": [0.9, 0.999], ""lr"": 0.0001}, ""scheduler"": {""_partial_"": true, ""_target_"": ""torch.optim.lr_scheduler.ReduceLROnPlateau"", ""factor"": 0.5, ""mode"": ""min"", ""patience"": 5}, ""training_mode"": ""slc""}, ""model/params/non_trainable"": 0, ""model/params/total"": 16662274, ""model/params/trainable"": 16662274, ""patch_size"": [512, 512], ""paths"": {""data_dir"": ""/lustre/projects/1001/rdelprete/MAYA_DC/data/"", ""log_dir"": ""/lustre/projects/1001/rdelprete/MAYA_DC/logs/"", ""output_dir"": ""/lustre/projects/1001/rdelprete/MAYA_DC/logs/default/multiruns/2026-03-24_17-14-16_non_square/lmbda_1_seed_1"", ""root_dir"": ""/lustre/projects/1001/rdelprete/MAYA_DC"", ""work_dir"": ""/lustre/home/u10010007""}, ""seed"": 1, ""tags"": [""rcmc_compression"", ""scale_hyperprior"", ""maya4""], ""task_name"": ""default"", ""test"": true, ""train"": true, ""trainer"": {""_target_"": ""lightning.pytorch.trainer.Trainer"", ""accelerator"": ""gpu"", ""check_val_every_n_epoch"": 1, ""default_root_dir"": ""/lustre/projects/1001/rdelprete/MAYA_DC/logs/default/multiruns/2026-03-24_17-14-16_non_square/lmbda_1_seed_1"", ""deterministic"": false, ""devices"": 4, ""max_epochs"": 30, ""min_epochs"": 1, ""num_nodes"": 1, ""precision"": ""32-true"", ""strategy"": ""ddp_find_unused_parameters_true"", ""sync_batchnorm"": true}}"
bgzmj3zd,SHP-gdn_s2_L1_slc_buf512_Compound_lr0.0001_b4_10000p,finished,https://wandb.ai/cedric-leonard/MAYA_DC/runs/bgzmj3zd,2026-03-23T13:11:41Z,cedric-leonard,MAYA_DC,2.0,1.0,slc,512.0,src.models.components.scale_hyperprior.ScaleHyperprior,ScaleHyperprior,SHyp,gdn,GDN,src.data.maya4_dir_datamodule.MAYA4DirDataModule,MAYA4DirDataModule,MAYA4DirDataModule,src.models.components.losses.CompoundCompressionLoss,Compound,/lustre/projects/1001/rdelprete/MAYA_DC/logs/default/multiruns/2026-03-23_11-27-57/2,,False,rcmc_grid,"[""maya4"", ""rcmc_compression"", ""scale_hyperprior""]",SHyp-GDN | MAYA4DirDataModule | slc | sq,"{""_runtime"": 4764, ""_step"": 150001, ""_timestamp"": 1774276061.3181288, ""epoch"": 30, ""fixed_patch/reconstruction"": {""_type"": ""image-file"", ""format"": ""png"", ""height"": 600, ""path"": ""media/images/fixed_patch/reconstruction_150000_d673a13a4a4468ef95b0.png"", ""sha256"": ""d673a13a4a4468ef95b041f3691cd8d5c56614863a39f75034cab299f21d8239"", ""size"": 1460680, ""width"": 2000}, ""test/aux"": 68.5429916381836, ""test/coherence"": 0.2069372534751892, ""test/complex_corr_mean"": 0.7930628657341003, ""test/complex_corr_std"": ""NaN"", ""test/distortion"": 0.41650936007499695, ""test/kde"": 0.06726568192243576, ""test/loss"": 0.4292610287666321, ""test/mse"": 0.1423063576221466, ""test/phase_err_mean"": 0.1437111347913742, ""test/phase_err_std"": ""NaN"", ""test/psnr_amp"": 21.586624145507812, ""test/rate"": 0.012751552276313303, ""test/ssim_amp"": 0.06326064467430115, ""train/aux"": 81.54110717773438, ""train/coherence"": 0.25690239667892456, ""train/distortion"": 0.571505606174469, ""train/grad_norm_g_a"": 1.5023552179336548, ""train/grad_norm_g_s"": 0.6542103290557861, ""train/grad_norm_h_a"": 0.016265032812952995, ""train/grad_norm_h_s"": 0.004592969082295895, ""train/kde"": 0.07718443125486374, ""train/loss"": 0.7365851402282715, ""train/lr"": 4.999999873689376e-05, ""train/mse"": 0.23741881549358368, ""train/rate"": 0.16507944464683533, ""trainer/global_step"": 75000, ""val_batch/coherence_loss"": 0.061464905738830566, ""val_batch/correlation_metric_mean"": 0.9385350942611694, ""val_batch/correlation_metric_std"": ""NaN"", ""val_batch/kde_loss"": 0.05780559778213501, ""val_batch/phase_error"": 0.03396332263946533, ""val_batch/psnr_slc"": 18.72932243347168, ""val_batch/reconstructions"": {""_type"": ""image-file"", ""format"": ""png"", ""height"": 1700, ""path"": ""media/images/val_batch/reconstructions_145051_f92780cadb620c301e63.png"", ""sha256"": ""f92780cadb620c301e639843d4caac82727f373751ee9e5acc6fa3ef9440f5e1"", ""size"": 1461372, ""width"": 500}, ""val_batch/ssim_slc"": 0.093080073595047, ""val_batch/x_hat_histogram"": {""_type"": ""histogram""}, ""valid/aux"": 82.16376495361328, ""valid/coherence"": 0.27065008878707886, ""valid/complex_corr_mean"": 0.7293498516082764, ""valid/complex_corr_std"": ""NaN"", ""valid/distortion"": 0.6014631390571594, ""valid/kde"": 0.07474113255739212, ""valid/loss"": 0.6148937940597534, ""valid/mse"": 0.2560719847679138, ""valid/phase_err_mean"": 0.19696085155010223, ""valid/phase_err_std"": ""NaN"", ""valid/psnr_amp"": 24.29500389099121, ""valid/rate"": 0.01343072485178709, ""valid/rd_scatter_table"": {""_latest_artifact_path"": ""wandb-client-artifact://fngmrfru72plz03kj02vuj0ulhmwfp3gb4x8z83lx114abscgzfkt1kbl99iuxz13zoz194h24lmp61y1am13e9mf8mxr27xdlu0pu113rb0b04lnfu5xn64ubnskub5:latest/valid/rd_scatter_table.table.json"", ""_type"": ""table-file"", ""artifact_path"": ""wandb-client-artifact://m1tid20wodwy8ap8vhhrfcp00wd56y4ko6oj1v1ktg25qa9nru37cb5bm63qyi2oq0aou7u5gm2f9wglp54oa4ea4msls1vocetscl2gdh4jkrp4tt3jq0442lao7dav/valid/rd_scatter_table.table.json"", ""log_mode"": ""IMMUTABLE"", ""ncols"": 3, ""nrows"": 31, ""path"": ""media/table/valid/rd_scatter_table_150000_dbd32127b988383fbdb0.table.json"", ""sha256"": ""dbd32127b988383fbdb0529e04ef0f6856767b56da51cd1edc88879b08ebc797"", ""size"": 1527}, ""valid/ssim_amp"": 0.0571453720331192}","{""azimuth_buffer"": 512, ""callbacks"": {""early_stopping"": {""_target_"": ""lightning.pytorch.callbacks.EarlyStopping"", ""check_finite"": true, ""check_on_train_epoch_end"": false, ""divergence_threshold"": null, ""min_delta"": 0, ""mode"": ""min"", ""monitor"": ""valid/loss"", ""patience"": 10, ""stopping_threshold"": null, ""strict"": true, ""verbose"": false}, ""model_checkpoint"": {""_target_"": ""lightning.pytorch.callbacks.ModelCheckpoint"", ""auto_insert_metric_name"": false, ""dirpath"": ""/lustre/projects/1001/rdelprete/MAYA_DC/logs/default/multiruns/2026-03-23_11-27-57/2/checkpoints"", ""every_n_epochs"": null, ""every_n_train_steps"": null, ""filename"": ""epoch_{epoch:03d}_loss_{valid/loss:.4f}"", ""mode"": ""min"", ""monitor"": ""valid/loss"", ""save_last"": true, ""save_on_train_epoch_end"": null, ""save_top_k"": 1, ""save_weights_only"": false, ""train_time_interval"": null, ""verbose"": false}, ""model_summary"": {""_target_"": ""lightning.pytorch.callbacks.RichModelSummary"", ""max_depth"": 2}, ""monitor_fix_patch"": {""verbose"": true}, ""monitor_fixed_patch"": {""_target_"": ""src.callbacks.monitor_fixed_patch.MonitorFixedPatch"", ""clip_factor"": 3, ""log_every_n_epochs"": 1, ""patch_json"": ""data/fixed_patches/s1c-s6-raw-s-vv-20250422t061414-20250422t061446-002002-0040d4.json"", ""verbose"": false}, ""monitor_val_recon"": {""_target_"": ""src.callbacks.monitor_val_reconstruction.MonitorValReconstruction"", ""clip_factor"": 3, ""log_every_n_epochs"": 1, ""num_images"": 3, ""verbose"": true}, ""rich_progress_bar"": {""_target_"": ""lightning.pytorch.callbacks.RichProgressBar""}, ""wandb_osh"": {""_target_"": ""wandb_osh.lightning_hooks.TriggerWandbSyncLightningCallback""}}, ""ckpt_path"": null, ""data"": {""_target_"": ""src.data.maya4_dir_datamodule.MAYA4DirDataModule"", ""azimuth_buffer"": 512, ""batch_size"": 4, ""max_products_test"": 2, ""max_products_train"": 10, ""max_products_val"": 2, ""num_workers"": 4, ""online"": false, ""patch_size"": [512, 512], ""pin_memory"": true, ""samples_per_prod"": 1000, ""test_dir"": ""/lustre/projects/1001/rdelprete/SSM/data/ssm_dataset/focused/PT3"", ""train_dir"": ""/lustre/projects/1001/rdelprete/SSM/data/ssm_dataset/focused/PT1"", ""val_dir"": ""/lustre/projects/1001/rdelprete/SSM/data/ssm_dataset/focused/PT2""}, ""determinism"": true, ""experiment_name"": ""rcmc_compress_baseline"", ""extras"": {""enforce_tags"": true, ""ignore_warnings"": false, ""print_config"": true}, ""lambda"": 1, ""logger"": {""wandb"": {""_target_"": ""lightning.pytorch.loggers.wandb.WandbLogger"", ""anonymous"": null, ""entity"": ""cedric-leonard"", ""group"": ""rcmc_grid"", ""id"": null, ""job_type"": """", ""log_model"": false, ""offline"": true, ""prefix"": """", ""project"": ""MAYA_DC"", ""save_dir"": ""/lustre/projects/1001/rdelprete/MAYA_DC/logs/default/multiruns/2026-03-23_11-27-57/2"", ""tags"": []}}, ""model"": {""_target_"": ""src.models.rcmc_compress_module.RCMCDCmodule"", ""aux_optimizer"": {""_partial_"": true, ""_target_"": ""torch.optim.Adam"", ""lr"": 0.001}, ""azimuth_buffer"": 512, ""compile"": false, ""criterion"": {""_target_"": ""src.models.components.losses.CompoundCompressionLoss"", ""azimuth_buffer"": 512, ""delta_coherence"": 1, ""delta_kde"": 1, ""lmbda"": 1, ""num_kde_bins"": 100, ""patch_size"": [512, 512]}, ""gradient_clip_norm"": 1, ""net"": {""_target_"": ""src.models.components.scale_hyperprior.ScaleHyperprior"", ""activation"": ""gdn"", ""nb_channels_latent"": 256, ""nb_channels_main"": 128, ""nb_input_channels"": 2}, ""net_optimizer"": {""_partial_"": true, ""_target_"": ""torch.optim.Adam"", ""betas"": [0.9, 0.999], ""lr"": 0.0001}, ""scheduler"": {""_partial_"": true, ""_target_"": ""torch.optim.lr_scheduler.ReduceLROnPlateau"", ""factor"": 0.5, ""mode"": ""min"", ""patience"": 5}, ""training_mode"": ""slc""}, ""model/params/non_trainable"": 0, ""model/params/total"": 5626626, ""model/params/trainable"": 5626626, ""patch_size"": [512, 512], ""paths"": {""data_dir"": ""/lustre/projects/1001/rdelprete/MAYA_DC/data/"", ""log_dir"": ""/lustre/projects/1001/rdelprete/MAYA_DC/logs/"", ""output_dir"": ""/lustre/projects/1001/rdelprete/MAYA_DC/logs/default/multiruns/2026-03-23_11-27-57/2"", ""root_dir"": ""/lustre/projects/1001/rdelprete/MAYA_DC"", ""work_dir"": ""/lustre/home/u10010007""}, ""seed"": 2, ""tags"": [""rcmc_compression"", ""scale_hyperprior"", ""maya4""], ""task_name"": ""default"", ""test"": true, ""train"": true, ""trainer"": {""_target_"": ""lightning.pytorch.trainer.Trainer"", ""accelerator"": ""gpu"", ""check_val_every_n_epoch"": 1, ""default_root_dir"": ""/lustre/projects/1001/rdelprete/MAYA_DC/logs/default/multiruns/2026-03-23_11-27-57/2"", ""deterministic"": false, ""devices"": 4, ""max_epochs"": 30, ""min_epochs"": 1, ""num_nodes"": 1, ""precision"": ""32-true"", ""strategy"": ""ddp_find_unused_parameters_true"", ""sync_batchnorm"": true}}"
myot4t20,SHP-gdn_s2_L1_slc_buf512_Compound_lr0.0001_b4_10000p,finished,https://wandb.ai/cedric-leonard/MAYA_DC/runs/myot4t20,2026-03-25T08:52:41Z,cedric-leonard,MAYA_DC,2.0,1.0,slc,512.0,src.models.components.scale_hyperprior.ScaleHyperprior,ScaleHyperprior,SHyp,gdn,GDN,src.data.maya4_dir_datamodule.MAYA4DirDataModule,MAYA4DirDataModule,MAYA4DirDataModule,src.models.components.losses.CompoundCompressionLoss,Compound,/lustre/projects/1001/rdelprete/MAYA_DC/logs/default/multiruns/2026-03-24_17-14-16_non_square/lmbda_1_seed_2,,True,rcmc_grid_non_square,"[""maya4"", ""rcmc_compression"", ""scale_hyperprior""]",SHyp-GDN | MAYA4DirDataModule | slc | nsk,"{""_runtime"": 5326, ""_step"": 150001, ""_timestamp"": 1774395087.9747598, ""epoch"": 30, ""fixed_patch/reconstruction"": {""_type"": ""image-file"", ""format"": ""png"", ""height"": 600, ""path"": ""media/images/fixed_patch/reconstruction_150000_1d11222697820d25d021.png"", ""sha256"": ""1d11222697820d25d0212b908aa821b171032bac2b3a60d59a53b4f5824c2990"", ""size"": 1453173, ""width"": 2000}, ""test/aux"": 101.9452896118164, ""test/coherence"": 0.2042892873287201, ""test/complex_corr_mean"": 0.795710563659668, ""test/complex_corr_std"": ""NaN"", ""test/distortion"": 0.4197216331958771, ""test/kde"": 0.07577747851610184, ""test/loss"": 0.4314759969711304, ""test/mse"": 0.139654740691185, ""test/phase_err_mean"": 0.14074555039405823, ""test/phase_err_std"": ""NaN"", ""test/psnr_amp"": 21.595653533935547, ""test/rate"": 0.011754368431866167, ""test/ssim_amp"": 0.06041173636913299, ""train/aux"": 109.25906372070312, ""train/coherence"": 0.2511867880821228, ""train/distortion"": 0.5583499073982239, ""train/grad_norm_g_a"": 0.9365493655204772, ""train/grad_norm_g_s"": 0.5941911339759827, ""train/grad_norm_h_a"": 0.0190364308655262, ""train/grad_norm_h_s"": 0.012438014149665833, ""train/kde"": 0.07332898676395416, ""train/loss"": 0.7238924503326416, ""train/lr"": 9.999999747378752e-05, ""train/mse"": 0.2338341325521469, ""train/rate"": 0.1655426025390625, ""trainer/global_step"": 75000, ""val_batch/coherence_loss"": 0.05464589595794678, ""val_batch/correlation_metric_mean"": 0.9453542232513428, ""val_batch/correlation_metric_std"": ""NaN"", ""val_batch/kde_loss"": 0.20950742065906525, ""val_batch/phase_error"": 0.029736995697021484, ""val_batch/psnr_slc"": 19.098648071289062, ""val_batch/reconstructions"": {""_type"": ""image-file"", ""format"": ""png"", ""height"": 1700, ""path"": ""media/images/val_batch/reconstructions_145051_176ec4069f3f51f1c42e.png"", ""sha256"": ""176ec4069f3f51f1c42e54874e1d23d2b6a05a74e33f54ced145c1b358a52468"", ""size"": 1516164, ""width"": 500}, ""val_batch/ssim_slc"": 0.09902016818523408, ""val_batch/x_hat_histogram"": {""_type"": ""histogram""}, ""valid/aux"": 110.1806182861328, ""valid/coherence"": 0.2598622441291809, ""valid/complex_corr_mean"": 0.7401376962661743, ""valid/complex_corr_std"": ""NaN"", ""valid/distortion"": 0.5919100046157837, ""valid/kde"": 0.08758939057588577, ""valid/loss"": 0.6041434407234192, ""valid/mse"": 0.24445846676826477, ""valid/phase_err_mean"": 0.1855263710021973, ""valid/phase_err_std"": ""NaN"", ""valid/psnr_amp"": 24.463151931762695, ""valid/rate"": 0.012233152985572817, ""valid/rd_scatter_table"": {""_latest_artifact_path"": ""wandb-client-artifact://0czqgrerrrfn0xm8s42bmkb7c1idckmbp314kskcp1le9ngy3eiges0wvm11y73r3dq88xj7alc1d7nquv18a0kl375l7ozg1u6of7dzwiyew9dr3m6dpde03tranofw:latest/valid/rd_scatter_table.table.json"", ""_type"": ""table-file"", ""artifact_path"": ""wandb-client-artifact://xafihgx4cp3w9egylwim0lqtdlq8b4zydegunlft5l9q7ytkst2qwo9g9ujqg8oivn1yj8p0hljho7a0odvvtnsbc0pebgoekhtvbhuizl87avook7ozjoulj67l26qf/valid/rd_scatter_table.table.json"", ""log_mode"": ""IMMUTABLE"", ""ncols"": 3, ""nrows"": 31, ""path"": ""media/table/valid/rd_scatter_table_150000_b03e071b7ce1b3a7e4ce.table.json"", ""sha256"": ""b03e071b7ce1b3a7e4cef0684589667b927bda9f3fc9baafa96e61285edbda4b"", ""size"": 1527}, ""valid/ssim_amp"": 0.05600044131278992}","{""azimuth_buffer"": 512, ""callbacks"": {""early_stopping"": {""_target_"": ""lightning.pytorch.callbacks.EarlyStopping"", ""check_finite"": true, ""check_on_train_epoch_end"": false, ""divergence_threshold"": null, ""min_delta"": 0, ""mode"": ""min"", ""monitor"": ""valid/loss"", ""patience"": 10, ""stopping_threshold"": null, ""strict"": true, ""verbose"": false}, ""model_checkpoint"": {""_target_"": ""lightning.pytorch.callbacks.ModelCheckpoint"", ""auto_insert_metric_name"": false, ""dirpath"": ""/lustre/projects/1001/rdelprete/MAYA_DC/logs/default/multiruns/2026-03-24_17-14-16_non_square/lmbda_1_seed_2/checkpoints"", ""every_n_epochs"": null, ""every_n_train_steps"": null, ""filename"": ""epoch_{epoch:03d}_loss_{valid/loss:.4f}"", ""mode"": ""min"", ""monitor"": ""valid/loss"", ""save_last"": true, ""save_on_train_epoch_end"": null, ""save_top_k"": 1, ""save_weights_only"": false, ""train_time_interval"": null, ""verbose"": false}, ""model_summary"": {""_target_"": ""lightning.pytorch.callbacks.RichModelSummary"", ""max_depth"": 2}, ""monitor_fix_patch"": {""verbose"": true}, ""monitor_fixed_patch"": {""_target_"": ""src.callbacks.monitor_fixed_patch.MonitorFixedPatch"", ""clip_factor"": 3, ""log_every_n_epochs"": 1, ""patch_json"": ""data/fixed_patches/s1c-s6-raw-s-vv-20250422t061414-20250422t061446-002002-0040d4.json"", ""verbose"": false}, ""monitor_val_recon"": {""_target_"": ""src.callbacks.monitor_val_reconstruction.MonitorValReconstruction"", ""clip_factor"": 3, ""log_every_n_epochs"": 1, ""num_images"": 3, ""verbose"": true}, ""rich_progress_bar"": {""_target_"": ""lightning.pytorch.callbacks.RichProgressBar""}, ""wandb_osh"": {""_target_"": ""wandb_osh.lightning_hooks.TriggerWandbSyncLightningCallback""}}, ""ckpt_path"": null, ""data"": {""_target_"": ""src.data.maya4_dir_datamodule.MAYA4DirDataModule"", ""azimuth_buffer"": 512, ""batch_size"": 4, ""max_products_test"": 2, ""max_products_train"": 10, ""max_products_val"": 2, ""num_workers"": 4, ""online"": false, ""patch_size"": [512, 512], ""pin_memory"": true, ""samples_per_prod"": 1000, ""test_dir"": ""/lustre/projects/1001/rdelprete/SSM/data/ssm_dataset/focused/PT3"", ""train_dir"": ""/lustre/projects/1001/rdelprete/SSM/data/ssm_dataset/focused/PT1"", ""val_dir"": ""/lustre/projects/1001/rdelprete/SSM/data/ssm_dataset/focused/PT2""}, ""determinism"": true, ""experiment_name"": ""rcmc_compress_baseline"", ""extras"": {""enforce_tags"": true, ""ignore_warnings"": false, ""print_config"": true}, ""lambda"": 1, ""logger"": {""wandb"": {""_target_"": ""lightning.pytorch.loggers.wandb.WandbLogger"", ""anonymous"": null, ""entity"": ""cedric-leonard"", ""group"": ""rcmc_grid_non_square"", ""id"": null, ""job_type"": """", ""log_model"": false, ""offline"": true, ""prefix"": """", ""project"": ""MAYA_DC"", ""save_dir"": ""/lustre/projects/1001/rdelprete/MAYA_DC/logs/default/multiruns/2026-03-24_17-14-16_non_square/lmbda_1_seed_2"", ""tags"": []}}, ""model"": {""_target_"": ""src.models.rcmc_compress_module.RCMCDCmodule"", ""aux_optimizer"": {""_partial_"": true, ""_target_"": ""torch.optim.Adam"", ""lr"": 0.001}, ""azimuth_buffer"": 512, ""compile"": false, ""criterion"": {""_target_"": ""src.models.components.losses.CompoundCompressionLoss"", ""azimuth_buffer"": 512, ""delta_coherence"": 1, ""delta_kde"": 1, ""lmbda"": 1, ""num_kde_bins"": 100, ""patch_size"": [512, 512]}, ""gradient_clip_norm"": 1, ""net"": {""_target_"": ""src.models.components.scale_hyperprior.ScaleHyperprior"", ""activation"": ""gdn"", ""nb_channels_latent"": 256, ""nb_channels_main"": 128, ""nb_input_channels"": 2, ""non_square_kernels"": true}, ""net_optimizer"": {""_partial_"": true, ""_target_"": ""torch.optim.Adam"", ""betas"": [0.9, 0.999], ""lr"": 0.0001}, ""scheduler"": {""_partial_"": true, ""_target_"": ""torch.optim.lr_scheduler.ReduceLROnPlateau"", ""factor"": 0.5, ""mode"": ""min"", ""patience"": 5}, ""training_mode"": ""slc""}, ""model/params/non_trainable"": 0, ""model/params/total"": 16662274, ""model/params/trainable"": 16662274, ""patch_size"": [512, 512], ""paths"": {""data_dir"": ""/lustre/projects/1001/rdelprete/MAYA_DC/data/"", ""log_dir"": ""/lustre/projects/1001/rdelprete/MAYA_DC/logs/"", ""output_dir"": ""/lustre/projects/1001/rdelprete/MAYA_DC/logs/default/multiruns/2026-03-24_17-14-16_non_square/lmbda_1_seed_2"", ""root_dir"": ""/lustre/projects/1001/rdelprete/MAYA_DC"", ""work_dir"": ""/lustre/home/u10010007""}, ""seed"": 2, ""tags"": [""rcmc_compression"", ""scale_hyperprior"", ""maya4""], ""task_name"": ""default"", ""test"": true, ""train"": true, ""trainer"": {""_target_"": ""lightning.pytorch.trainer.Trainer"", ""accelerator"": ""gpu"", ""check_val_every_n_epoch"": 1, ""default_root_dir"": ""/lustre/projects/1001/rdelprete/MAYA_DC/logs/default/multiruns/2026-03-24_17-14-16_non_square/lmbda_1_seed_2"", ""deterministic"": false, ""devices"": 4, ""max_epochs"": 30, ""min_epochs"": 1, ""num_nodes"": 1, ""precision"": ""32-true"", ""strategy"": ""ddp_find_unused_parameters_true"", ""sync_batchnorm"": true}}"
qzz2i0mu,SHP-gdn_s42_L1_slc_buf512_Compound_lr0.0005_b4_10000p,finished,https://wandb.ai/cedric-leonard/MAYA_DC/runs/qzz2i0mu,2026-03-20T21:19:01Z,cedric-leonard,MAYA_DC,42.0,1.0,slc,512.0,src.models.components.scale_hyperprior.ScaleHyperprior,ScaleHyperprior,SHyp,gdn,GDN,src.data.maya4_dir_datamodule.MAYA4DirDataModule,MAYA4DirDataModule,MAYA4DirDataModule,src.models.components.losses.CompoundCompressionLoss,Compound,/lustre/projects/1001/rdelprete/MAYA_DC/logs/default/multiruns/2026-03-20_22-11-58/0,,False,rcmc_grid,"[""maya4"", ""rcmc_compression"", ""scale_hyperprior""]",SHyp-GDN | MAYA4DirDataModule | slc | sq,"{""_runtime"": 5417, ""_step"": 180001, ""_timestamp"": 1774046535.9035883, ""epoch"": 36, ""fixed_patch/reconstruction"": {""_type"": ""image-file"", ""format"": ""png"", ""height"": 600, ""path"": ""media/images/fixed_patch/reconstruction_180000_1a332aef9dce88154388.png"", ""sha256"": ""1a332aef9dce8815438807b047c306bec0538f2f90bce9da54ce4dc8f718685c"", ""size"": 1465118, ""width"": 2000}, ""test/aux"": 246.3109436035156, ""test/coherence"": 0.20560882985591888, ""test/complex_corr_mean"": 0.7943912148475647, ""test/complex_corr_std"": ""NaN"", ""test/distortion"": 0.415663868188858, ""test/kde"": 0.06906571239233017, ""test/loss"": 0.4279834032058716, ""test/mse"": 0.14098946750164032, ""test/phase_err_mean"": 0.1423119455575943, ""test/phase_err_std"": ""NaN"", ""test/psnr_amp"": 21.59223747253418, ""test/rate"": 0.012319610454142094, ""test/ssim_amp"": 0.06293237954378128, ""train/aux"": 136.3395233154297, ""train/coherence"": 0.25706207752227783, ""train/distortion"": 0.5061906576156616, ""train/grad_norm_g_a"": 0.29553288221359253, ""train/grad_norm_g_s"": 0.1525212675333023, ""train/grad_norm_h_a"": 0.018436530604958538, ""train/grad_norm_h_s"": 0.02190583199262619, ""train/kde"": 0.02810820564627647, ""train/loss"": 0.6940259337425232, ""train/lr"": 0.0002500000118743628, ""train/mse"": 0.22102034091949463, ""train/rate"": 0.18783530592918396, ""trainer/global_step"": 90000, ""val_batch/coherence_loss"": 0.046035706996917725, ""val_batch/correlation_metric_mean"": 0.9539642930030824, ""val_batch/correlation_metric_std"": ""NaN"", ""val_batch/kde_loss"": 0.4346508383750915, ""val_batch/phase_error"": 0.02463293075561523, ""val_batch/psnr_slc"": 19.603185653686523, ""val_batch/reconstructions"": {""_type"": ""image-file"", ""format"": ""png"", ""height"": 1700, ""path"": ""media/images/val_batch/reconstructions_170101_e6b40e6da956bef98eb3.png"", ""sha256"": ""e6b40e6da956bef98eb3ed8a27e3516e7c938ce1e1d6edf2eb167f544526398d"", ""size"": 1488231, ""width"": 500}, ""val_batch/ssim_slc"": 0.11568640172481535, ""val_batch/x_hat_histogram"": {""_type"": ""histogram""}, ""valid/aux"": 129.5615692138672, ""valid/coherence"": 0.21558015048503876, ""valid/complex_corr_mean"": 0.7844198346138, ""valid/complex_corr_std"": ""NaN"", ""valid/distortion"": 0.9297800064086914, ""valid/kde"": 0.5124717950820923, ""valid/loss"": 0.940340220928192, ""valid/mse"": 0.2017282396554947, ""valid/phase_err_mean"": 0.14305229485034943, ""valid/phase_err_std"": ""NaN"", ""valid/psnr_amp"": 25.274370193481445, ""valid/rate"": 0.010559880174696444, ""valid/rd_scatter_table"": {""_latest_artifact_path"": ""wandb-client-artifact://sbz0yzqom9t3foog4r6o1kfjufyweg6u08ns7tbuq055xkfu1qyqx37cunsloia3i56ytq3ul6zkhlli2jirazdnzg6omw5ftdm6l16dy2qb5ey45ffccn8vjzhmuoqw:latest/valid/rd_scatter_table.table.json"", ""_type"": ""table-file"", ""artifact_path"": ""wandb-client-artifact://a3v0amze2dbj3gnda3n2alc1yrktg6lnwv6spw5y50vt3ofauprnsp6aiodm7uyuc6vmxvw8wcxm7aghl6fsrxye0bmeq67ryyw2783qz6vru2wdjk75mfxe0zg9o0rz/valid/rd_scatter_table.table.json"", ""log_mode"": ""IMMUTABLE"", ""ncols"": 3, ""nrows"": 19, ""path"": ""media/table/valid/rd_scatter_table_180000_83bc7b135ce41e3d88b7.table.json"", ""sha256"": ""83bc7b135ce41e3d88b73916a761e0a7a250dfcc51f9fb239b3a774e3bc7e6f9"", ""size"": 955}, ""valid/ssim_amp"": 0.062791608273983}","{""azimuth_buffer"": 512, ""callbacks"": {""early_stopping"": {""_target_"": ""lightning.pytorch.callbacks.EarlyStopping"", ""check_finite"": true, ""check_on_train_epoch_end"": false, ""divergence_threshold"": null, ""min_delta"": 0, ""mode"": ""min"", ""monitor"": ""valid/loss"", ""patience"": 10, ""stopping_threshold"": null, ""strict"": true, ""verbose"": false}, ""model_checkpoint"": {""_target_"": ""lightning.pytorch.callbacks.ModelCheckpoint"", ""auto_insert_metric_name"": false, ""dirpath"": ""/lustre/projects/1001/rdelprete/MAYA_DC/logs/default/multiruns/2026-03-20_22-11-58/0/checkpoints"", ""every_n_epochs"": null, ""every_n_train_steps"": null, ""filename"": ""epoch_{epoch:03d}_loss_{valid/loss:.4f}"", ""mode"": ""min"", ""monitor"": ""valid/loss"", ""save_last"": true, ""save_on_train_epoch_end"": null, ""save_top_k"": 1, ""save_weights_only"": false, ""train_time_interval"": null, ""verbose"": false}, ""model_summary"": {""_target_"": ""lightning.pytorch.callbacks.RichModelSummary"", ""max_depth"": 2}, ""monitor_fix_patch"": {""verbose"": true}, ""monitor_fixed_patch"": {""_target_"": ""src.callbacks.monitor_fixed_patch.MonitorFixedPatch"", ""clip_factor"": 3, ""log_every_n_epochs"": 1, ""patch_json"": ""data/fixed_patches/s1c-s6-raw-s-vv-20250422t061414-20250422t061446-002002-0040d4.json"", ""verbose"": false}, ""monitor_val_recon"": {""_target_"": ""src.callbacks.monitor_val_reconstruction.MonitorValReconstruction"", ""clip_factor"": 3, ""log_every_n_epochs"": 1, ""num_images"": 3, ""verbose"": true}, ""rich_progress_bar"": {""_target_"": ""lightning.pytorch.callbacks.RichProgressBar""}, ""wandb_osh"": {""_target_"": ""wandb_osh.lightning_hooks.TriggerWandbSyncLightningCallback""}}, ""ckpt_path"": null, ""data"": {""_target_"": ""src.data.maya4_dir_datamodule.MAYA4DirDataModule"", ""azimuth_buffer"": 512, ""batch_size"": 4, ""max_products_test"": 2, ""max_products_train"": 10, ""max_products_val"": 2, ""num_workers"": 16, ""online"": false, ""patch_size"": [512, 512], ""pin_memory"": true, ""samples_per_prod"": 1000, ""test_dir"": ""/lustre/projects/1001/rdelprete/SSM/data/ssm_dataset/focused/PT3"", ""train_dir"": ""/lustre/projects/1001/rdelprete/SSM/data/ssm_dataset/focused/PT1"", ""val_dir"": ""/lustre/projects/1001/rdelprete/SSM/data/ssm_dataset/focused/PT2""}, ""determinism"": true, ""experiment_name"": ""rcmc_compress_baseline"", ""extras"": {""enforce_tags"": true, ""ignore_warnings"": false, ""print_config"": true}, ""logger"": {""wandb"": {""_target_"": ""lightning.pytorch.loggers.wandb.WandbLogger"", ""anonymous"": null, ""entity"": ""cedric-leonard"", ""group"": ""rcmc_grid"", ""id"": null, ""job_type"": """", ""log_model"": false, ""offline"": true, ""prefix"": """", ""project"": ""MAYA_DC"", ""save_dir"": ""/lustre/projects/1001/rdelprete/MAYA_DC/logs/default/multiruns/2026-03-20_22-11-58/0"", ""tags"": []}}, ""model"": {""_target_"": ""src.models.rcmc_compress_module.RCMCDCmodule"", ""aux_optimizer"": {""_partial_"": true, ""_target_"": ""torch.optim.Adam"", ""lr"": 0.001}, ""azimuth_buffer"": 512, ""compile"": false, ""criterion"": {""_target_"": ""src.models.components.losses.CompoundCompressionLoss"", ""azimuth_buffer"": 512, ""delta_coherence"": 1, ""delta_kde"": 1, ""lmbda"": 1, ""num_kde_bins"": 100, ""patch_size"": [512, 512]}, ""gradient_clip_norm"": 1, ""net"": {""_target_"": ""src.models.components.scale_hyperprior.ScaleHyperprior"", ""activation"": ""gdn"", ""nb_channels_latent"": 256, ""nb_channels_main"": 128, ""nb_input_channels"": 2}, ""net_optimizer"": {""_partial_"": true, ""_target_"": ""torch.optim.Adam"", ""betas"": [0.9, 0.999], ""lr"": 0.0005}, ""scheduler"": {""_partial_"": true, ""_target_"": ""torch.optim.lr_scheduler.ReduceLROnPlateau"", ""factor"": 0.5, ""mode"": ""min"", ""patience"": 5}, ""training_mode"": ""slc""}, ""model/params/non_trainable"": 0, ""model/params/total"": 5626626, ""model/params/trainable"": 5626626, ""patch_size"": [512, 512], ""paths"": {""data_dir"": ""/lustre/projects/1001/rdelprete/MAYA_DC/data/"", ""log_dir"": ""/lustre/projects/1001/rdelprete/MAYA_DC/logs/"", ""output_dir"": ""/lustre/projects/1001/rdelprete/MAYA_DC/logs/default/multiruns/2026-03-20_22-11-58/0"", ""root_dir"": ""/lustre/projects/1001/rdelprete/MAYA_DC"", ""work_dir"": ""/lustre/home/u10010007""}, ""seed"": 42, ""tags"": [""rcmc_compression"", ""scale_hyperprior"", ""maya4""], ""task_name"": ""default"", ""test"": true, ""train"": true, ""trainer"": {""_target_"": ""lightning.pytorch.trainer.Trainer"", ""accelerator"": ""gpu"", ""check_val_every_n_epoch"": 2, ""default_root_dir"": ""/lustre/projects/1001/rdelprete/MAYA_DC/logs/default/multiruns/2026-03-20_22-11-58/0"", ""deterministic"": false, ""devices"": 4, ""max_epochs"": 100, ""min_epochs"": 1, ""num_nodes"": 1, ""precision"": ""32-true"", ""strategy"": ""ddp_find_unused_parameters_true"", ""sync_batchnorm"": true}}"
uotvejrb,SHP-gdn_s42_L1_slc_buf512_Compound_lr0.0001_b4_10000p,finished,https://wandb.ai/cedric-leonard/MAYA_DC/runs/uotvejrb,2026-03-20T22:48:00Z,cedric-leonard,MAYA_DC,42.0,1.0,slc,512.0,src.models.components.scale_hyperprior.ScaleHyperprior,ScaleHyperprior,SHyp,gdn,GDN,src.data.maya4_dir_datamodule.MAYA4DirDataModule,MAYA4DirDataModule,MAYA4DirDataModule,src.models.components.losses.CompoundCompressionLoss,Compound,/lustre/projects/1001/rdelprete/MAYA_DC/logs/default/multiruns/2026-03-20_22-11-58/1,,False,rcmc_grid,"[""maya4"", ""rcmc_compression"", ""scale_hyperprior""]",SHyp-GDN | MAYA4DirDataModule | slc | sq,"{""_runtime"": 9782, ""_step"": 330001, ""_timestamp"": 1774056318.574055, ""epoch"": 66, ""fixed_patch/reconstruction"": {""_type"": ""image-file"", ""format"": ""png"", ""height"": 600, ""path"": ""media/images/fixed_patch/reconstruction_330000_2a577688379bd0610489.png"", ""sha256"": ""2a577688379bd06104897ca488b1699605e44568c1acb75c2a812d33231d2027"", ""size"": 1478586, ""width"": 2000}, ""test/aux"": 105.20679473876952, ""test/coherence"": 0.2034102976322174, ""test/complex_corr_mean"": 0.7965898513793945, ""test/complex_corr_std"": ""NaN"", ""test/distortion"": 0.4051363468170166, ""test/kde"": 0.06258722394704819, ""test/loss"": 0.417367547750473, ""test/mse"": 0.1391388326883316, ""test/phase_err_mean"": 0.1406826674938202, ""test/phase_err_std"": ""NaN"", ""test/psnr_amp"": 21.616430282592773, ""test/rate"": 0.012231133878231049, ""test/ssim_amp"": 0.06808990240097046, ""train/aux"": 120.15676879882812, ""train/coherence"": 0.09445573389530182, ""train/distortion"": 0.20040413737297055, ""train/grad_norm_g_a"": 0.58759605884552, ""train/grad_norm_g_s"": 0.5019866824150085, ""train/grad_norm_h_a"": 0.030792132019996643, ""train/grad_norm_h_s"": 0.0062318406999111176, ""train/kde"": 0.04812081903219223, ""train/loss"": 0.3638511896133423, ""train/lr"": 4.999999873689376e-05, ""train/mse"": 0.05782757326960564, ""train/rate"": 0.16344709694385529, ""trainer/global_step"": 165000, ""val_batch/coherence_loss"": 0.051172733306884766, ""val_batch/correlation_metric_mean"": 0.9488272666931152, ""val_batch/correlation_metric_std"": ""NaN"", ""val_batch/kde_loss"": 0.21457812190055847, ""val_batch/phase_error"": 0.02697443962097168, ""val_batch/psnr_slc"": 19.199743270874023, ""val_batch/reconstructions"": {""_type"": ""image-file"", ""format"": ""png"", ""height"": 1700, ""path"": ""media/images/val_batch/reconstructions_320101_756522db5b0e91735956.png"", ""sha256"": ""756522db5b0e917359566e2ffcc6e40405b14854eec3950b832ba26d8ed3a829"", ""size"": 1503547, ""width"": 500}, ""val_batch/ssim_slc"": 0.11125527322292328, ""val_batch/x_hat_histogram"": {""_type"": ""histogram""}, ""valid/aux"": 124.94532012939452, ""valid/coherence"": 0.23340609669685364, ""valid/complex_corr_mean"": 0.766593873500824, ""valid/complex_corr_std"": ""NaN"", ""valid/distortion"": 0.7079967260360718, ""valid/kde"": 0.2568883001804352, ""valid/loss"": 0.719674289226532, ""valid/mse"": 0.2177022397518158, ""valid/phase_err_mean"": 0.1582273542881012, ""valid/phase_err_std"": ""NaN"", ""valid/psnr_amp"": 24.898624420166016, ""valid/rate"": 0.011677568778395653, ""valid/rd_scatter_table"": {""_latest_artifact_path"": ""wandb-client-artifact://d7qht9ex5nq6lyg74j5h3u8ud4a8jpovwr8pfb7sd7adw191stqg15h98dyi8nmtelw1nvrykz4pjqw1yelvtwcix6gdvs8gj9xopnkz9j5xoqgrbezgd91pbr2sxni2:latest/valid/rd_scatter_table.table.json"", ""_type"": ""table-file"", ""artifact_path"": ""wandb-client-artifact://nhgt29jr46yodnik71ru23qa1y86qak89jdo5jmbum2r7xflhodwtkgvvfq9tlxmm94ff1nl2x91vc4fuprn8744yuacfcj9tpl8n6takah9c05ft7r6ulosul83ow0u/valid/rd_scatter_table.table.json"", ""log_mode"": ""IMMUTABLE"", ""ncols"": 3, ""nrows"": 34, ""path"": ""media/table/valid/rd_scatter_table_330000_6cdbb45668eaa4032e7a.table.json"", ""sha256"": ""6cdbb45668eaa4032e7ac1f919397ab1c0ab3156b9f2bd1d97cca4289538aa27"", ""size"": 1673}, ""valid/ssim_amp"": 0.0664495900273323}","{""azimuth_buffer"": 512, ""callbacks"": {""early_stopping"": {""_target_"": ""lightning.pytorch.callbacks.EarlyStopping"", ""check_finite"": true, ""check_on_train_epoch_end"": false, ""divergence_threshold"": null, ""min_delta"": 0, ""mode"": ""min"", ""monitor"": ""valid/loss"", ""patience"": 10, ""stopping_threshold"": null, ""strict"": true, ""verbose"": false}, ""model_checkpoint"": {""_target_"": ""lightning.pytorch.callbacks.ModelCheckpoint"", ""auto_insert_metric_name"": false, ""dirpath"": ""/lustre/projects/1001/rdelprete/MAYA_DC/logs/default/multiruns/2026-03-20_22-11-58/1/checkpoints"", ""every_n_epochs"": null, ""every_n_train_steps"": null, ""filename"": ""epoch_{epoch:03d}_loss_{valid/loss:.4f}"", ""mode"": ""min"", ""monitor"": ""valid/loss"", ""save_last"": true, ""save_on_train_epoch_end"": null, ""save_top_k"": 1, ""save_weights_only"": false, ""train_time_interval"": null, ""verbose"": false}, ""model_summary"": {""_target_"": ""lightning.pytorch.callbacks.RichModelSummary"", ""max_depth"": 2}, ""monitor_fix_patch"": {""verbose"": true}, ""monitor_fixed_patch"": {""_target_"": ""src.callbacks.monitor_fixed_patch.MonitorFixedPatch"", ""clip_factor"": 3, ""log_every_n_epochs"": 1, ""patch_json"": ""data/fixed_patches/s1c-s6-raw-s-vv-20250422t061414-20250422t061446-002002-0040d4.json"", ""verbose"": false}, ""monitor_val_recon"": {""_target_"": ""src.callbacks.monitor_val_reconstruction.MonitorValReconstruction"", ""clip_factor"": 3, ""log_every_n_epochs"": 1, ""num_images"": 3, ""verbose"": true}, ""rich_progress_bar"": {""_target_"": ""lightning.pytorch.callbacks.RichProgressBar""}, ""wandb_osh"": {""_target_"": ""wandb_osh.lightning_hooks.TriggerWandbSyncLightningCallback""}}, ""ckpt_path"": null, ""data"": {""_target_"": ""src.data.maya4_dir_datamodule.MAYA4DirDataModule"", ""azimuth_buffer"": 512, ""batch_size"": 4, ""max_products_test"": 2, ""max_products_train"": 10, ""max_products_val"": 2, ""num_workers"": 16, ""online"": false, ""patch_size"": [512, 512], ""pin_memory"": true, ""samples_per_prod"": 1000, ""test_dir"": ""/lustre/projects/1001/rdelprete/SSM/data/ssm_dataset/focused/PT3"", ""train_dir"": ""/lustre/projects/1001/rdelprete/SSM/data/ssm_dataset/focused/PT1"", ""val_dir"": ""/lustre/projects/1001/rdelprete/SSM/data/ssm_dataset/focused/PT2""}, ""determinism"": true, ""experiment_name"": ""rcmc_compress_baseline"", ""extras"": {""enforce_tags"": true, ""ignore_warnings"": false, ""print_config"": true}, ""logger"": {""wandb"": {""_target_"": ""lightning.pytorch.loggers.wandb.WandbLogger"", ""anonymous"": null, ""entity"": ""cedric-leonard"", ""group"": ""rcmc_grid"", ""id"": null, ""job_type"": """", ""log_model"": false, ""offline"": true, ""prefix"": """", ""project"": ""MAYA_DC"", ""save_dir"": ""/lustre/projects/1001/rdelprete/MAYA_DC/logs/default/multiruns/2026-03-20_22-11-58/1"", ""tags"": []}}, ""model"": {""_target_"": ""src.models.rcmc_compress_module.RCMCDCmodule"", ""aux_optimizer"": {""_partial_"": true, ""_target_"": ""torch.optim.Adam"", ""lr"": 0.001}, ""azimuth_buffer"": 512, ""compile"": false, ""criterion"": {""_target_"": ""src.models.components.losses.CompoundCompressionLoss"", ""azimuth_buffer"": 512, ""delta_coherence"": 1, ""delta_kde"": 1, ""lmbda"": 1, ""num_kde_bins"": 100, ""patch_size"": [512, 512]}, ""gradient_clip_norm"": 1, ""net"": {""_target_"": ""src.models.components.scale_hyperprior.ScaleHyperprior"", ""activation"": ""gdn"", ""nb_channels_latent"": 256, ""nb_channels_main"": 128, ""nb_input_channels"": 2}, ""net_optimizer"": {""_partial_"": true, ""_target_"": ""torch.optim.Adam"", ""betas"": [0.9, 0.999], ""lr"": 0.0001}, ""scheduler"": {""_partial_"": true, ""_target_"": ""torch.optim.lr_scheduler.ReduceLROnPlateau"", ""factor"": 0.5, ""mode"": ""min"", ""patience"": 5}, ""training_mode"": ""slc""}, ""model/params/non_trainable"": 0, ""model/params/total"": 5626626, ""model/params/trainable"": 5626626, ""patch_size"": [512, 512], ""paths"": {""data_dir"": ""/lustre/projects/1001/rdelprete/MAYA_DC/data/"", ""log_dir"": ""/lustre/projects/1001/rdelprete/MAYA_DC/logs/"", ""output_dir"": ""/lustre/projects/1001/rdelprete/MAYA_DC/logs/default/multiruns/2026-03-20_22-11-58/1"", ""root_dir"": ""/lustre/projects/1001/rdelprete/MAYA_DC"", ""work_dir"": ""/lustre/home/u10010007""}, ""seed"": 42, ""tags"": [""rcmc_compression"", ""scale_hyperprior"", ""maya4""], ""task_name"": ""default"", ""test"": true, ""train"": true, ""trainer"": {""_target_"": ""lightning.pytorch.trainer.Trainer"", ""accelerator"": ""gpu"", ""check_val_every_n_epoch"": 2, ""default_root_dir"": ""/lustre/projects/1001/rdelprete/MAYA_DC/logs/default/multiruns/2026-03-20_22-11-58/1"", ""deterministic"": false, ""devices"": 4, ""max_epochs"": 100, ""min_epochs"": 1, ""num_nodes"": 1, ""precision"": ""32-true"", ""strategy"": ""ddp_find_unused_parameters_true"", ""sync_batchnorm"": true}}"
i96lo6qa,SHP-gdn_s42_L1_slc_buf512_Compound_lr5e-05_b4_10000p,finished,https://wandb.ai/cedric-leonard/MAYA_DC/runs/i96lo6qa,2026-03-21T01:31:08Z,cedric-leonard,MAYA_DC,42.0,1.0,slc,512.0,src.models.components.scale_hyperprior.ScaleHyperprior,ScaleHyperprior,SHyp,gdn,GDN,src.data.maya4_dir_datamodule.MAYA4DirDataModule,MAYA4DirDataModule,MAYA4DirDataModule,src.models.components.losses.CompoundCompressionLoss,Compound,/lustre/projects/1001/rdelprete/MAYA_DC/logs/default/multiruns/2026-03-20_22-11-58/2,,False,rcmc_grid,"[""maya4"", ""rcmc_compression"", ""scale_hyperprior""]",SHyp-GDN | MAYA4DirDataModule | slc | sq,"{""_runtime"": 15090, ""_step"": 500001, ""_timestamp"": 1774071409.3165493, ""epoch"": 100, ""fixed_patch/reconstruction"": {""_type"": ""image-file"", ""format"": ""png"", ""height"": 600, ""path"": ""media/images/fixed_patch/reconstruction_500000_ee0f7b78cafdbc841bdc.png"", ""sha256"": ""ee0f7b78cafdbc841bdc3216aea0ade7a7212f8eed1943c518db64cca8472d79"", ""size"": 1438041, ""width"": 2000}, ""test/aux"": 84.61290740966797, ""test/coherence"": 0.2084980309009552, ""test/complex_corr_mean"": 0.791502058506012, ""test/complex_corr_std"": ""NaN"", ""test/distortion"": 0.41025057435035706, ""test/kde"": 0.05842205137014389, ""test/loss"": 0.4219440221786499, ""test/mse"": 0.14333052933216095, ""test/phase_err_mean"": 0.1444522887468338, ""test/phase_err_std"": ""NaN"", ""test/psnr_amp"": 21.55831527709961, ""test/rate"": 0.01169339194893837, ""test/ssim_amp"": 0.06001991033554077, ""train/aux"": 84.851318359375, ""train/coherence"": 0.2524740695953369, ""train/distortion"": 0.4946282505989074, ""train/grad_norm_g_a"": 0.6951666474342346, ""train/grad_norm_g_s"": 0.2431894838809967, ""train/grad_norm_h_a"": 0.019086681306362152, ""train/grad_norm_h_s"": 0.00198498391546309, ""train/kde"": 0.03248026594519615, ""train/loss"": 0.6587910652160645, ""train/lr"": 2.499999936844688e-05, ""train/mse"": 0.2096739113330841, ""train/rate"": 0.16416271030902865, ""trainer/global_step"": 250000, ""val_batch/coherence_loss"": 0.06131899356842041, ""val_batch/correlation_metric_mean"": 0.9386810064315796, ""val_batch/correlation_metric_std"": ""NaN"", ""val_batch/kde_loss"": 0.0527796745300293, ""val_batch/phase_error"": 0.03341269493103027, ""val_batch/psnr_slc"": 18.694307327270508, ""val_batch/reconstructions"": {""_type"": ""image-file"", ""format"": ""png"", ""height"": 1700, ""path"": ""media/images/val_batch/reconstructions_490101_db3a982ba7c4d9882e02.png"", ""sha256"": ""db3a982ba7c4d9882e02dd76307dbede12484192c2b9c215e35a870f25f9ca6e"", ""size"": 1514871, ""width"": 500}, ""val_batch/ssim_slc"": 0.09122157841920853, ""val_batch/x_hat_histogram"": {""_type"": ""histogram""}, ""valid/aux"": 83.38671112060547, ""valid/coherence"": 0.2708842158317566, ""valid/complex_corr_mean"": 0.7291159629821777, ""valid/complex_corr_std"": ""NaN"", ""valid/distortion"": 0.5909351706504822, ""valid/kde"": 0.06057725474238396, ""valid/loss"": 0.6032428741455078, ""valid/mse"": 0.2594735622406006, ""valid/phase_err_mean"": 0.19736404716968536, ""valid/phase_err_std"": ""NaN"", ""valid/psnr_amp"": 24.3478946685791, ""valid/rate"": 0.012307694181799889, ""valid/rd_scatter_table"": {""_latest_artifact_path"": ""wandb-client-artifact://isj21az7jg51virj8usb9qwr16ax5vf784uxkxcwaccsq3p3r9rt2jaxihvzqrnahnzubkurst4vjtqb7szkwlgzdzsqukujjfp7t7fwiiso04etvehzao82kpd73ok6:latest/valid/rd_scatter_table.table.json"", ""_type"": ""table-file"", ""artifact_path"": ""wandb-client-artifact://cj5iroutll665qq2bfu15hr98go4d6i12vgnq7vyfr0d4b3aeuakyigyj6nw6zvvzitshms06agv88nizx14gwsstkq1fuqxpi0puxbv7oulioyig2nzofad2ekjt0aj/valid/rd_scatter_table.table.json"", ""log_mode"": ""IMMUTABLE"", ""ncols"": 3, ""nrows"": 51, ""path"": ""media/table/valid/rd_scatter_table_500000_7e8dcb694016680c7832.table.json"", ""sha256"": ""7e8dcb694016680c7832b9d0059ae6f09470f03f6d11f4314f5d0945c8f48157"", ""size"": 2479}, ""valid/ssim_amp"": 0.05529116094112396}","{""azimuth_buffer"": 512, ""callbacks"": {""early_stopping"": {""_target_"": ""lightning.pytorch.callbacks.EarlyStopping"", ""check_finite"": true, ""check_on_train_epoch_end"": false, ""divergence_threshold"": null, ""min_delta"": 0, ""mode"": ""min"", ""monitor"": ""valid/loss"", ""patience"": 10, ""stopping_threshold"": null, ""strict"": true, ""verbose"": false}, ""model_checkpoint"": {""_target_"": ""lightning.pytorch.callbacks.ModelCheckpoint"", ""auto_insert_metric_name"": false, ""dirpath"": ""/lustre/projects/1001/rdelprete/MAYA_DC/logs/default/multiruns/2026-03-20_22-11-58/2/checkpoints"", ""every_n_epochs"": null, ""every_n_train_steps"": null, ""filename"": ""epoch_{epoch:03d}_loss_{valid/loss:.4f}"", ""mode"": ""min"", ""monitor"": ""valid/loss"", ""save_last"": true, ""save_on_train_epoch_end"": null, ""save_top_k"": 1, ""save_weights_only"": false, ""train_time_interval"": null, ""verbose"": false}, ""model_summary"": {""_target_"": ""lightning.pytorch.callbacks.RichModelSummary"", ""max_depth"": 2}, ""monitor_fix_patch"": {""verbose"": true}, ""monitor_fixed_patch"": {""_target_"": ""src.callbacks.monitor_fixed_patch.MonitorFixedPatch"", ""clip_factor"": 3, ""log_every_n_epochs"": 1, ""patch_json"": ""data/fixed_patches/s1c-s6-raw-s-vv-20250422t061414-20250422t061446-002002-0040d4.json"", ""verbose"": false}, ""monitor_val_recon"": {""_target_"": ""src.callbacks.monitor_val_reconstruction.MonitorValReconstruction"", ""clip_factor"": 3, ""log_every_n_epochs"": 1, ""num_images"": 3, ""verbose"": true}, ""rich_progress_bar"": {""_target_"": ""lightning.pytorch.callbacks.RichProgressBar""}, ""wandb_osh"": {""_target_"": ""wandb_osh.lightning_hooks.TriggerWandbSyncLightningCallback""}}, ""ckpt_path"": null, ""data"": {""_target_"": ""src.data.maya4_dir_datamodule.MAYA4DirDataModule"", ""azimuth_buffer"": 512, ""batch_size"": 4, ""max_products_test"": 2, ""max_products_train"": 10, ""max_products_val"": 2, ""num_workers"": 16, ""online"": false, ""patch_size"": [512, 512], ""pin_memory"": true, ""samples_per_prod"": 1000, ""test_dir"": ""/lustre/projects/1001/rdelprete/SSM/data/ssm_dataset/focused/PT3"", ""train_dir"": ""/lustre/projects/1001/rdelprete/SSM/data/ssm_dataset/focused/PT1"", ""val_dir"": ""/lustre/projects/1001/rdelprete/SSM/data/ssm_dataset/focused/PT2""}, ""determinism"": true, ""experiment_name"": ""rcmc_compress_baseline"", ""extras"": {""enforce_tags"": true, ""ignore_warnings"": false, ""print_config"": true}, ""logger"": {""wandb"": {""_target_"": ""lightning.pytorch.loggers.wandb.WandbLogger"", ""anonymous"": null, ""entity"": ""cedric-leonard"", ""group"": ""rcmc_grid"", ""id"": null, ""job_type"": """", ""log_model"": false, ""offline"": true, ""prefix"": """", ""project"": ""MAYA_DC"", ""save_dir"": ""/lustre/projects/1001/rdelprete/MAYA_DC/logs/default/multiruns/2026-03-20_22-11-58/2"", ""tags"": []}}, ""model"": {""_target_"": ""src.models.rcmc_compress_module.RCMCDCmodule"", ""aux_optimizer"": {""_partial_"": true, ""_target_"": ""torch.optim.Adam"", ""lr"": 0.001}, ""azimuth_buffer"": 512, ""compile"": false, ""criterion"": {""_target_"": ""src.models.components.losses.CompoundCompressionLoss"", ""azimuth_buffer"": 512, ""delta_coherence"": 1, ""delta_kde"": 1, ""lmbda"": 1, ""num_kde_bins"": 100, ""patch_size"": [512, 512]}, ""gradient_clip_norm"": 1, ""net"": {""_target_"": ""src.models.components.scale_hyperprior.ScaleHyperprior"", ""activation"": ""gdn"", ""nb_channels_latent"": 256, ""nb_channels_main"": 128, ""nb_input_channels"": 2}, ""net_optimizer"": {""_partial_"": true, ""_target_"": ""torch.optim.Adam"", ""betas"": [0.9, 0.999], ""lr"": 5e-05}, ""scheduler"": {""_partial_"": true, ""_target_"": ""torch.optim.lr_scheduler.ReduceLROnPlateau"", ""factor"": 0.5, ""mode"": ""min"", ""patience"": 5}, ""training_mode"": ""slc""}, ""model/params/non_trainable"": 0, ""model/params/total"": 5626626, ""model/params/trainable"": 5626626, ""patch_size"": [512, 512], ""paths"": {""data_dir"": ""/lustre/projects/1001/rdelprete/MAYA_DC/data/"", ""log_dir"": ""/lustre/projects/1001/rdelprete/MAYA_DC/logs/"", ""output_dir"": ""/lustre/projects/1001/rdelprete/MAYA_DC/logs/default/multiruns/2026-03-20_22-11-58/2"", ""root_dir"": ""/lustre/projects/1001/rdelprete/MAYA_DC"", ""work_dir"": ""/lustre/home/u10010007""}, ""seed"": 42, ""tags"": [""rcmc_compression"", ""scale_hyperprior"", ""maya4""], ""task_name"": ""default"", ""test"": true, ""train"": true, ""trainer"": {""_target_"": ""lightning.pytorch.trainer.Trainer"", ""accelerator"": ""gpu"", ""check_val_every_n_epoch"": 2, ""default_root_dir"": ""/lustre/projects/1001/rdelprete/MAYA_DC/logs/default/multiruns/2026-03-20_22-11-58/2"", ""deterministic"": false, ""devices"": 4, ""max_epochs"": 100, ""min_epochs"": 1, ""num_nodes"": 1, ""precision"": ""32-true"", ""strategy"": ""ddp_find_unused_parameters_true"", ""sync_batchnorm"": true}}"
cvmb5mk6,SHP-gdn_s0_L3_slc_buf512_Compound_lr0.0001_b4_10000p,finished,https://wandb.ai/cedric-leonard/MAYA_DC/runs/cvmb5mk6,2026-03-23T14:31:10Z,cedric-leonard,MAYA_DC,0.0,3.0,slc,512.0,src.models.components.scale_hyperprior.ScaleHyperprior,ScaleHyperprior,SHyp,gdn,GDN,src.data.maya4_dir_datamodule.MAYA4DirDataModule,MAYA4DirDataModule,MAYA4DirDataModule,src.models.components.losses.CompoundCompressionLoss,Compound,/lustre/projects/1001/rdelprete/MAYA_DC/logs/default/multiruns/2026-03-23_11-27-57/3,,False,rcmc_grid,"[""maya4"", ""rcmc_compression"", ""scale_hyperprior""]",SHyp-GDN | MAYA4DirDataModule | slc | sq,"{""_runtime"": 3373, ""_step"": 105001, ""_timestamp"": 1774279435.7125306, ""epoch"": 21, ""fixed_patch/reconstruction"": {""_type"": ""image-file"", ""format"": ""png"", ""height"": 600, ""path"": ""media/images/fixed_patch/reconstruction_105000_c7524b8f3a3faa2cd267.png"", ""sha256"": ""c7524b8f3a3faa2cd267d590e6c1d8d4a36d07647e2868c75eee31422a43d18a"", ""size"": 1534629, ""width"": 2000}, ""test/aux"": 16.17958641052246, ""test/coherence"": 0.2000943273305893, ""test/complex_corr_mean"": 0.7999057769775391, ""test/complex_corr_std"": ""NaN"", ""test/distortion"": 0.4102093577384949, ""test/kde"": 0.07140745967626572, ""test/loss"": 1.2696067094802856, ""test/mse"": 0.13870759308338165, ""test/phase_err_mean"": 0.13964685797691345, ""test/phase_err_std"": ""NaN"", ""test/psnr_amp"": 21.750741958618164, ""test/rate"": 0.03897906094789505, ""test/ssim_amp"": 0.0959353968501091, ""train/aux"": 42.45135498046875, ""train/coherence"": 0.26560676097869873, ""train/distortion"": 0.6682103872299194, ""train/grad_norm_g_a"": 2.5638461112976074, ""train/grad_norm_g_s"": 2.0414724349975586, ""train/grad_norm_h_a"": 0.014661693945527077, ""train/grad_norm_h_s"": 0.13626766204833984, ""train/kde"": 0.08729955554008484, ""train/loss"": 2.2261571884155273, ""train/lr"": 4.999999873689376e-05, ""train/mse"": 0.315304160118103, ""train/rate"": 0.22152599692344663, ""trainer/global_step"": 52500, ""val_batch/coherence_loss"": 0.04922020435333252, ""val_batch/correlation_metric_mean"": 0.9507797956466676, ""val_batch/correlation_metric_std"": ""NaN"", ""val_batch/kde_loss"": 0.25054314732551575, ""val_batch/phase_error"": 0.02621549367904663, ""val_batch/psnr_slc"": 19.35399055480957, ""val_batch/reconstructions"": {""_type"": ""image-file"", ""format"": ""png"", ""height"": 1700, ""path"": ""media/images/val_batch/reconstructions_100051_83fc4e52bdfe59b8354e.png"", ""sha256"": ""83fc4e52bdfe59b8354e7450cbab8c9123086bf319035760babd2cefa0f61ff5"", ""size"": 1443620, ""width"": 500}, ""val_batch/ssim_slc"": 0.1357080042362213, ""val_batch/x_hat_histogram"": {""_type"": ""histogram""}, ""valid/aux"": 43.6933708190918, ""valid/coherence"": 0.2301122099161148, ""valid/complex_corr_mean"": 0.7698878049850464, ""valid/complex_corr_std"": ""NaN"", ""valid/distortion"": 0.666869044303894, ""valid/kde"": 0.21968074142932892, ""valid/loss"": 2.0386295318603516, ""valid/mse"": 0.2170758992433548, ""valid/phase_err_mean"": 0.15856988728046417, ""valid/phase_err_std"": ""NaN"", ""valid/psnr_amp"": 25.020418167114254, ""valid/rate"": 0.03802284225821495, ""valid/rd_scatter_table"": {""_latest_artifact_path"": ""wandb-client-artifact://fh6k66oq0dv13a6abmktfgsp0xwt8vk0kv46zxede03cqojsirq5gljayb7efafkogctwgmbuog5a1i163l07m87ptu3na8ld4saoum178cr1r9dny06b5d0klqyek3r:latest/valid/rd_scatter_table.table.json"", ""_type"": ""table-file"", ""artifact_path"": ""wandb-client-artifact://5adsm5rxnzuofdvjqjb82r8tcgi3tz0vail3e737ns7jr1jx4ujheyz1msoe5475t5e9btrb40pca897d7sbsn1a9js8ozasyhofm82l3ib4r6fkzn8m1ppakxycw74l/valid/rd_scatter_table.table.json"", ""log_mode"": ""IMMUTABLE"", ""ncols"": 3, ""nrows"": 22, ""path"": ""media/table/valid/rd_scatter_table_105000_04fff8f55257a55ae93c.table.json"", ""sha256"": ""04fff8f55257a55ae93c95bbb0b4f8a5128ecb4c854f46e0156c1704ea9a2607"", ""size"": 1085}, ""valid/ssim_amp"": 0.09693808108568192}","{""azimuth_buffer"": 512, ""callbacks"": {""early_stopping"": {""_target_"": ""lightning.pytorch.callbacks.EarlyStopping"", ""check_finite"": true, ""check_on_train_epoch_end"": false, ""divergence_threshold"": null, ""min_delta"": 0, ""mode"": ""min"", ""monitor"": ""valid/loss"", ""patience"": 10, ""stopping_threshold"": null, ""strict"": true, ""verbose"": false}, ""model_checkpoint"": {""_target_"": ""lightning.pytorch.callbacks.ModelCheckpoint"", ""auto_insert_metric_name"": false, ""dirpath"": ""/lustre/projects/1001/rdelprete/MAYA_DC/logs/default/multiruns/2026-03-23_11-27-57/3/checkpoints"", ""every_n_epochs"": null, ""every_n_train_steps"": null, ""filename"": ""epoch_{epoch:03d}_loss_{valid/loss:.4f}"", ""mode"": ""min"", ""monitor"": ""valid/loss"", ""save_last"": true, ""save_on_train_epoch_end"": null, ""save_top_k"": 1, ""save_weights_only"": false, ""train_time_interval"": null, ""verbose"": false}, ""model_summary"": {""_target_"": ""lightning.pytorch.callbacks.RichModelSummary"", ""max_depth"": 2}, ""monitor_fix_patch"": {""verbose"": true}, ""monitor_fixed_patch"": {""_target_"": ""src.callbacks.monitor_fixed_patch.MonitorFixedPatch"", ""clip_factor"": 3, ""log_every_n_epochs"": 1, ""patch_json"": ""data/fixed_patches/s1c-s6-raw-s-vv-20250422t061414-20250422t061446-002002-0040d4.json"", ""verbose"": false}, ""monitor_val_recon"": {""_target_"": ""src.callbacks.monitor_val_reconstruction.MonitorValReconstruction"", ""clip_factor"": 3, ""log_every_n_epochs"": 1, ""num_images"": 3, ""verbose"": true}, ""rich_progress_bar"": {""_target_"": ""lightning.pytorch.callbacks.RichProgressBar""}, ""wandb_osh"": {""_target_"": ""wandb_osh.lightning_hooks.TriggerWandbSyncLightningCallback""}}, ""ckpt_path"": null, ""data"": {""_target_"": ""src.data.maya4_dir_datamodule.MAYA4DirDataModule"", ""azimuth_buffer"": 512, ""batch_size"": 4, ""max_products_test"": 2, ""max_products_train"": 10, ""max_products_val"": 2, ""num_workers"": 4, ""online"": false, ""patch_size"": [512, 512], ""pin_memory"": true, ""samples_per_prod"": 1000, ""test_dir"": ""/lustre/projects/1001/rdelprete/SSM/data/ssm_dataset/focused/PT3"", ""train_dir"": ""/lustre/projects/1001/rdelprete/SSM/data/ssm_dataset/focused/PT1"", ""val_dir"": ""/lustre/projects/1001/rdelprete/SSM/data/ssm_dataset/focused/PT2""}, ""determinism"": true, ""experiment_name"": ""rcmc_compress_baseline"", ""extras"": {""enforce_tags"": true, ""ignore_warnings"": false, ""print_config"": true}, ""lambda"": 3, ""logger"": {""wandb"": {""_target_"": ""lightning.pytorch.loggers.wandb.WandbLogger"", ""anonymous"": null, ""entity"": ""cedric-leonard"", ""group"": ""rcmc_grid"", ""id"": null, ""job_type"": """", ""log_model"": false, ""offline"": true, ""prefix"": """", ""project"": ""MAYA_DC"", ""save_dir"": ""/lustre/projects/1001/rdelprete/MAYA_DC/logs/default/multiruns/2026-03-23_11-27-57/3"", ""tags"": []}}, ""model"": {""_target_"": ""src.models.rcmc_compress_module.RCMCDCmodule"", ""aux_optimizer"": {""_partial_"": true, ""_target_"": ""torch.optim.Adam"", ""lr"": 0.001}, ""azimuth_buffer"": 512, ""compile"": false, ""criterion"": {""_target_"": ""src.models.components.losses.CompoundCompressionLoss"", ""azimuth_buffer"": 512, ""delta_coherence"": 1, ""delta_kde"": 1, ""lmbda"": 3, ""num_kde_bins"": 100, ""patch_size"": [512, 512]}, ""gradient_clip_norm"": 1, ""net"": {""_target_"": ""src.models.components.scale_hyperprior.ScaleHyperprior"", ""activation"": ""gdn"", ""nb_channels_latent"": 256, ""nb_channels_main"": 128, ""nb_input_channels"": 2}, ""net_optimizer"": {""_partial_"": true, ""_target_"": ""torch.optim.Adam"", ""betas"": [0.9, 0.999], ""lr"": 0.0001}, ""scheduler"": {""_partial_"": true, ""_target_"": ""torch.optim.lr_scheduler.ReduceLROnPlateau"", ""factor"": 0.5, ""mode"": ""min"", ""patience"": 5}, ""training_mode"": ""slc""}, ""model/params/non_trainable"": 0, ""model/params/total"": 5626626, ""model/params/trainable"": 5626626, ""patch_size"": [512, 512], ""paths"": {""data_dir"": ""/lustre/projects/1001/rdelprete/MAYA_DC/data/"", ""log_dir"": ""/lustre/projects/1001/rdelprete/MAYA_DC/logs/"", ""output_dir"": ""/lustre/projects/1001/rdelprete/MAYA_DC/logs/default/multiruns/2026-03-23_11-27-57/3"", ""root_dir"": ""/lustre/projects/1001/rdelprete/MAYA_DC"", ""work_dir"": ""/lustre/home/u10010007""}, ""seed"": 0, ""tags"": [""rcmc_compression"", ""scale_hyperprior"", ""maya4""], ""task_name"": ""default"", ""test"": true, ""train"": true, ""trainer"": {""_target_"": ""lightning.pytorch.trainer.Trainer"", ""accelerator"": ""gpu"", ""check_val_every_n_epoch"": 1, ""default_root_dir"": ""/lustre/projects/1001/rdelprete/MAYA_DC/logs/default/multiruns/2026-03-23_11-27-57/3"", ""deterministic"": false, ""devices"": 4, ""max_epochs"": 30, ""min_epochs"": 1, ""num_nodes"": 1, ""precision"": ""32-true"", ""strategy"": ""ddp_find_unused_parameters_true"", ""sync_batchnorm"": true}}"
rbvendmd,SHP-gdn_s0_L3_slc_buf512_Compound_lr0.0001_b4_10000p,finished,https://wandb.ai/cedric-leonard/MAYA_DC/runs/rbvendmd,2026-03-25T09:18:04Z,cedric-leonard,MAYA_DC,0.0,3.0,slc,512.0,src.models.components.scale_hyperprior.ScaleHyperprior,ScaleHyperprior,SHyp,gdn,GDN,src.data.maya4_dir_datamodule.MAYA4DirDataModule,MAYA4DirDataModule,MAYA4DirDataModule,src.models.components.losses.CompoundCompressionLoss,Compound,/lustre/projects/1001/rdelprete/MAYA_DC/logs/default/multiruns/2026-03-24_17-14-16_non_square/lmbda_3_seed_0,,True,rcmc_grid_non_square,"[""maya4"", ""rcmc_compression"", ""scale_hyperprior""]",SHyp-GDN | MAYA4DirDataModule | slc | nsk,"{""_runtime"": 3597, ""_step"": 100001, ""_timestamp"": 1774396725.0732012, ""epoch"": 20, ""fixed_patch/reconstruction"": {""_type"": ""image-file"", ""format"": ""png"", ""height"": 600, ""path"": ""media/images/fixed_patch/reconstruction_100000_f65c0d1ace1368c664d9.png"", ""sha256"": ""f65c0d1ace1368c664d9e8bde9b35161b25ca49419edbd093b37e867e02fa414"", ""size"": 1487925, ""width"": 2000}, ""test/aux"": 16.48926544189453, ""test/coherence"": 0.19211792945861816, ""test/complex_corr_mean"": 0.8078820705413818, ""test/complex_corr_std"": ""NaN"", ""test/distortion"": 0.4141731262207031, ""test/kde"": 0.09042392671108246, ""test/loss"": 1.2797677516937256, ""test/mse"": 0.1316312551498413, ""test/phase_err_mean"": 0.13261279463768005, ""test/phase_err_std"": ""NaN"", ""test/psnr_amp"": 21.88627815246582, ""test/rate"": 0.03724808990955353, ""test/ssim_amp"": 0.09871214628219604, ""train/aux"": 60.0201416015625, ""train/coherence"": 0.2825585603713989, ""train/distortion"": 0.6539491415023804, ""train/grad_norm_g_a"": 3.4501965045928955, ""train/grad_norm_g_s"": 2.712092638015747, ""train/grad_norm_h_a"": 0.011540723964571953, ""train/grad_norm_h_s"": 0.020854145288467407, ""train/kde"": 0.05389370769262314, ""train/loss"": 2.1867706775665283, ""train/lr"": 4.999999873689376e-05, ""train/mse"": 0.3174968957901001, ""train/rate"": 0.22492338716983795, ""trainer/global_step"": 50000, ""val_batch/coherence_loss"": 0.04392451047897339, ""val_batch/correlation_metric_mean"": 0.9560754895210266, ""val_batch/correlation_metric_std"": ""NaN"", ""val_batch/kde_loss"": 0.3884831666946411, ""val_batch/phase_error"": 0.023369908332824707, ""val_batch/psnr_slc"": 19.719860076904297, ""val_batch/reconstructions"": {""_type"": ""image-file"", ""format"": ""png"", ""height"": 1700, ""path"": ""media/images/val_batch/reconstructions_95051_9c08302be984d368a51a.png"", ""sha256"": ""9c08302be984d368a51a65ff9eb757d18f4f7de16751dbf156b526c6d293b37b"", ""size"": 1513431, ""width"": 500}, ""val_batch/ssim_slc"": 0.14320525527000427, ""val_batch/x_hat_histogram"": {""_type"": ""histogram""}, ""valid/aux"": 59.36762237548828, ""valid/coherence"": 0.220173642039299, ""valid/complex_corr_mean"": 0.7798264026641846, ""valid/complex_corr_std"": ""NaN"", ""valid/distortion"": 0.7189753651618958, ""valid/kde"": 0.2915019094944, ""valid/loss"": 2.1906578540802, ""valid/mse"": 0.20729951560497284, ""valid/phase_err_mean"": 0.14913184940814972, ""valid/phase_err_std"": ""NaN"", ""valid/psnr_amp"": 25.17231559753418, ""valid/rate"": 0.03373250737786293, ""valid/rd_scatter_table"": {""_latest_artifact_path"": ""wandb-client-artifact://bmr54io28z7hj4l2f8hd8snt6lb25s5t52k9zr2rq6xg4cjcogz5i6mlndxrus0pyydefzzmk3zfaa9meq9cakvp98rchx5oou17kr16ohnd4jsx4abmu2xvh8nynw6m:latest/valid/rd_scatter_table.table.json"", ""_type"": ""table-file"", ""artifact_path"": ""wandb-client-artifact://8njd3kuvktjqbjyfz95lpnzkwvytjkwq9id4usn2fcuvhx4mweglnt6o6u7tcinca8gadjb02064kqqc4q8dg2g2xtoxjm1ikfm36zyspgxezqdtnrowyk1h0s0a6tz0/valid/rd_scatter_table.table.json"", ""log_mode"": ""IMMUTABLE"", ""ncols"": 3, ""nrows"": 21, ""path"": ""media/table/valid/rd_scatter_table_100000_62f46b4b560bcd3b8d64.table.json"", ""sha256"": ""62f46b4b560bcd3b8d6452ed2f56e2ad89f9e101d8b2499ee90c13079027bbdb"", ""size"": 1039}, ""valid/ssim_amp"": 0.09764445573091508}","{""azimuth_buffer"": 512, ""callbacks"": {""early_stopping"": {""_target_"": ""lightning.pytorch.callbacks.EarlyStopping"", ""check_finite"": true, ""check_on_train_epoch_end"": false, ""divergence_threshold"": null, ""min_delta"": 0, ""mode"": ""min"", ""monitor"": ""valid/loss"", ""patience"": 10, ""stopping_threshold"": null, ""strict"": true, ""verbose"": false}, ""model_checkpoint"": {""_target_"": ""lightning.pytorch.callbacks.ModelCheckpoint"", ""auto_insert_metric_name"": false, ""dirpath"": ""/lustre/projects/1001/rdelprete/MAYA_DC/logs/default/multiruns/2026-03-24_17-14-16_non_square/lmbda_3_seed_0/checkpoints"", ""every_n_epochs"": null, ""every_n_train_steps"": null, ""filename"": ""epoch_{epoch:03d}_loss_{valid/loss:.4f}"", ""mode"": ""min"", ""monitor"": ""valid/loss"", ""save_last"": true, ""save_on_train_epoch_end"": null, ""save_top_k"": 1, ""save_weights_only"": false, ""train_time_interval"": null, ""verbose"": false}, ""model_summary"": {""_target_"": ""lightning.pytorch.callbacks.RichModelSummary"", ""max_depth"": 2}, ""monitor_fix_patch"": {""verbose"": true}, ""monitor_fixed_patch"": {""_target_"": ""src.callbacks.monitor_fixed_patch.MonitorFixedPatch"", ""clip_factor"": 3, ""log_every_n_epochs"": 1, ""patch_json"": ""data/fixed_patches/s1c-s6-raw-s-vv-20250422t061414-20250422t061446-002002-0040d4.json"", ""verbose"": false}, ""monitor_val_recon"": {""_target_"": ""src.callbacks.monitor_val_reconstruction.MonitorValReconstruction"", ""clip_factor"": 3, ""log_every_n_epochs"": 1, ""num_images"": 3, ""verbose"": true}, ""rich_progress_bar"": {""_target_"": ""lightning.pytorch.callbacks.RichProgressBar""}, ""wandb_osh"": {""_target_"": ""wandb_osh.lightning_hooks.TriggerWandbSyncLightningCallback""}}, ""ckpt_path"": null, ""data"": {""_target_"": ""src.data.maya4_dir_datamodule.MAYA4DirDataModule"", ""azimuth_buffer"": 512, ""batch_size"": 4, ""max_products_test"": 2, ""max_products_train"": 10, ""max_products_val"": 2, ""num_workers"": 4, ""online"": false, ""patch_size"": [512, 512], ""pin_memory"": true, ""samples_per_prod"": 1000, ""test_dir"": ""/lustre/projects/1001/rdelprete/SSM/data/ssm_dataset/focused/PT3"", ""train_dir"": ""/lustre/projects/1001/rdelprete/SSM/data/ssm_dataset/focused/PT1"", ""val_dir"": ""/lustre/projects/1001/rdelprete/SSM/data/ssm_dataset/focused/PT2""}, ""determinism"": true, ""experiment_name"": ""rcmc_compress_baseline"", ""extras"": {""enforce_tags"": true, ""ignore_warnings"": false, ""print_config"": true}, ""lambda"": 3, ""logger"": {""wandb"": {""_target_"": ""lightning.pytorch.loggers.wandb.WandbLogger"", ""anonymous"": null, ""entity"": ""cedric-leonard"", ""group"": ""rcmc_grid_non_square"", ""id"": null, ""job_type"": """", ""log_model"": false, ""offline"": true, ""prefix"": """", ""project"": ""MAYA_DC"", ""save_dir"": ""/lustre/projects/1001/rdelprete/MAYA_DC/logs/default/multiruns/2026-03-24_17-14-16_non_square/lmbda_3_seed_0"", ""tags"": []}}, ""model"": {""_target_"": ""src.models.rcmc_compress_module.RCMCDCmodule"", ""aux_optimizer"": {""_partial_"": true, ""_target_"": ""torch.optim.Adam"", ""lr"": 0.001}, ""azimuth_buffer"": 512, ""compile"": false, ""criterion"": {""_target_"": ""src.models.components.losses.CompoundCompressionLoss"", ""azimuth_buffer"": 512, ""delta_coherence"": 1, ""delta_kde"": 1, ""lmbda"": 3, ""num_kde_bins"": 100, ""patch_size"": [512, 512]}, ""gradient_clip_norm"": 1, ""net"": {""_target_"": ""src.models.components.scale_hyperprior.ScaleHyperprior"", ""activation"": ""gdn"", ""nb_channels_latent"": 256, ""nb_channels_main"": 128, ""nb_input_channels"": 2, ""non_square_kernels"": true}, ""net_optimizer"": {""_partial_"": true, ""_target_"": ""torch.optim.Adam"", ""betas"": [0.9, 0.999], ""lr"": 0.0001}, ""scheduler"": {""_partial_"": true, ""_target_"": ""torch.optim.lr_scheduler.ReduceLROnPlateau"", ""factor"": 0.5, ""mode"": ""min"", ""patience"": 5}, ""training_mode"": ""slc""}, ""model/params/non_trainable"": 0, ""model/params/total"": 16662274, ""model/params/trainable"": 16662274, ""patch_size"": [512, 512], ""paths"": {""data_dir"": ""/lustre/projects/1001/rdelprete/MAYA_DC/data/"", ""log_dir"": ""/lustre/projects/1001/rdelprete/MAYA_DC/logs/"", ""output_dir"": ""/lustre/projects/1001/rdelprete/MAYA_DC/logs/default/multiruns/2026-03-24_17-14-16_non_square/lmbda_3_seed_0"", ""root_dir"": ""/lustre/projects/1001/rdelprete/MAYA_DC"", ""work_dir"": ""/lustre/home/u10010007""}, ""seed"": 0, ""tags"": [""rcmc_compression"", ""scale_hyperprior"", ""maya4""], ""task_name"": ""default"", ""test"": true, ""train"": true, ""trainer"": {""_target_"": ""lightning.pytorch.trainer.Trainer"", ""accelerator"": ""gpu"", ""check_val_every_n_epoch"": 1, ""default_root_dir"": ""/lustre/projects/1001/rdelprete/MAYA_DC/logs/default/multiruns/2026-03-24_17-14-16_non_square/lmbda_3_seed_0"", ""deterministic"": false, ""devices"": 4, ""max_epochs"": 30, ""min_epochs"": 1, ""num_nodes"": 1, ""precision"": ""32-true"", ""strategy"": ""ddp_find_unused_parameters_true"", ""sync_batchnorm"": true}}"
s9fnaxkz,SHP-gdn_s1_L3_slc_buf512_Compound_lr0.0001_b4_10000p,finished,https://wandb.ai/cedric-leonard/MAYA_DC/runs/s9fnaxkz,2026-03-23T15:27:13Z,cedric-leonard,MAYA_DC,1.0,3.0,slc,512.0,src.models.components.scale_hyperprior.ScaleHyperprior,ScaleHyperprior,SHyp,gdn,GDN,src.data.maya4_dir_datamodule.MAYA4DirDataModule,MAYA4DirDataModule,MAYA4DirDataModule,src.models.components.losses.CompoundCompressionLoss,Compound,/lustre/projects/1001/rdelprete/MAYA_DC/logs/default/multiruns/2026-03-23_11-27-57/4,,False,rcmc_grid,"[""maya4"", ""rcmc_compression"", ""scale_hyperprior""]",SHyp-GDN | MAYA4DirDataModule | slc | sq,"{""_runtime"": 3523, ""_step"": 110001, ""_timestamp"": 1774282960.09933, ""epoch"": 22, ""fixed_patch/reconstruction"": {""_type"": ""image-file"", ""format"": ""png"", ""height"": 600, ""path"": ""media/images/fixed_patch/reconstruction_110000_b1b03aa5a4650eb32018.png"", ""sha256"": ""b1b03aa5a4650eb32018c9ef401e7c14ccf2281a01dd7f8e2918b09ba5b663ae"", ""size"": 1506032, ""width"": 2000}, ""test/aux"": 19.490156173706055, ""test/coherence"": 0.19770865142345428, ""test/complex_corr_mean"": 0.8022913932800293, ""test/complex_corr_std"": ""NaN"", ""test/distortion"": 0.40075892210006714, ""test/kde"": 0.06645132601261139, ""test/loss"": 1.2431128025054932, ""test/mse"": 0.13659891486167908, ""test/phase_err_mean"": 0.13803179562091827, ""test/phase_err_std"": ""NaN"", ""test/psnr_amp"": 21.78547477722168, ""test/rate"": 0.04083697125315666, ""test/ssim_amp"": 0.1030079871416092, ""train/aux"": 46.70140838623047, ""train/coherence"": 0.26734018325805664, ""train/distortion"": 0.6720476150512695, ""train/grad_norm_g_a"": 1.8126096725463867, ""train/grad_norm_g_s"": 2.825988531112671, ""train/grad_norm_h_a"": 0.013292931020259855, ""train/grad_norm_h_s"": 0.05735643208026886, ""train/kde"": 0.0912768542766571, ""train/loss"": 2.2321393489837646, ""train/lr"": 4.999999873689376e-05, ""train/mse"": 0.3134305775165558, ""train/rate"": 0.2159966230392456, ""trainer/global_step"": 55000, ""val_batch/coherence_loss"": 0.04821348190307617, ""val_batch/correlation_metric_mean"": 0.9517865777015686, ""val_batch/correlation_metric_std"": ""NaN"", ""val_batch/kde_loss"": 0.27199774980545044, ""val_batch/phase_error"": 0.025696992874145508, ""val_batch/psnr_slc"": 19.43001937866211, ""val_batch/reconstructions"": {""_type"": ""image-file"", ""format"": ""png"", ""height"": 1700, ""path"": ""media/images/val_batch/reconstructions_105051_aa0bce521611a41a3a64.png"", ""sha256"": ""aa0bce521611a41a3a64ce2f97e5f33ad46b1a68f4fc33a66e44ac847ce2fcdd"", ""size"": 1498721, ""width"": 500}, ""val_batch/ssim_slc"": 0.1362987607717514, ""val_batch/x_hat_histogram"": {""_type"": ""histogram""}, ""valid/aux"": 47.40675735473633, ""valid/coherence"": 0.23157134652137756, ""valid/complex_corr_mean"": 0.7684285044670105, ""valid/complex_corr_std"": ""NaN"", ""valid/distortion"": 0.6427491903305054, ""valid/kde"": 0.1924807131290436, ""valid/loss"": 1.967168211936951, ""valid/mse"": 0.2186971753835678, ""valid/phase_err_mean"": 0.1604132503271103, ""valid/phase_err_std"": ""NaN"", ""valid/psnr_amp"": 24.985092163085938, ""valid/rate"": 0.038920845836400986, ""valid/rd_scatter_table"": {""_latest_artifact_path"": ""wandb-client-artifact://ajg44o5m83ysv28tfofikc1somnnyt90glyok05gqjj45fec8y22qm0e2mslk44e2pefnxfg8fxvavjxld0llkki3ebmg6zq2v3viumyvqoku985r1kp0qnkiyzvhzab:latest/valid/rd_scatter_table.table.json"", ""_type"": ""table-file"", ""artifact_path"": ""wandb-client-artifact://latbgscii41dpqitd29fpoy3df43nt1l1tlhwymfk2uw8j1zsy4c0e7b4aas13752zu18epiilspl1ly01lr00efzq5jqaahuluhggec8833t8cdqbh9k9m14v5mkyao/valid/rd_scatter_table.table.json"", ""log_mode"": ""IMMUTABLE"", ""ncols"": 3, ""nrows"": 23, ""path"": ""media/table/valid/rd_scatter_table_110000_9239f664dc85d4426167.table.json"", ""sha256"": ""9239f664dc85d44261675e20c60e663feee271c008ac25295253a74ba78d9c5e"", ""size"": 1137}, ""valid/ssim_amp"": 0.0986894965171814}","{""azimuth_buffer"": 512, ""callbacks"": {""early_stopping"": {""_target_"": ""lightning.pytorch.callbacks.EarlyStopping"", ""check_finite"": true, ""check_on_train_epoch_end"": false, ""divergence_threshold"": null, ""min_delta"": 0, ""mode"": ""min"", ""monitor"": ""valid/loss"", ""patience"": 10, ""stopping_threshold"": null, ""strict"": true, ""verbose"": false}, ""model_checkpoint"": {""_target_"": ""lightning.pytorch.callbacks.ModelCheckpoint"", ""auto_insert_metric_name"": false, ""dirpath"": ""/lustre/projects/1001/rdelprete/MAYA_DC/logs/default/multiruns/2026-03-23_11-27-57/4/checkpoints"", ""every_n_epochs"": null, ""every_n_train_steps"": null, ""filename"": ""epoch_{epoch:03d}_loss_{valid/loss:.4f}"", ""mode"": ""min"", ""monitor"": ""valid/loss"", ""save_last"": true, ""save_on_train_epoch_end"": null, ""save_top_k"": 1, ""save_weights_only"": false, ""train_time_interval"": null, ""verbose"": false}, ""model_summary"": {""_target_"": ""lightning.pytorch.callbacks.RichModelSummary"", ""max_depth"": 2}, ""monitor_fix_patch"": {""verbose"": true}, ""monitor_fixed_patch"": {""_target_"": ""src.callbacks.monitor_fixed_patch.MonitorFixedPatch"", ""clip_factor"": 3, ""log_every_n_epochs"": 1, ""patch_json"": ""data/fixed_patches/s1c-s6-raw-s-vv-20250422t061414-20250422t061446-002002-0040d4.json"", ""verbose"": false}, ""monitor_val_recon"": {""_target_"": ""src.callbacks.monitor_val_reconstruction.MonitorValReconstruction"", ""clip_factor"": 3, ""log_every_n_epochs"": 1, ""num_images"": 3, ""verbose"": true}, ""rich_progress_bar"": {""_target_"": ""lightning.pytorch.callbacks.RichProgressBar""}, ""wandb_osh"": {""_target_"": ""wandb_osh.lightning_hooks.TriggerWandbSyncLightningCallback""}}, ""ckpt_path"": null, ""data"": {""_target_"": ""src.data.maya4_dir_datamodule.MAYA4DirDataModule"", ""azimuth_buffer"": 512, ""batch_size"": 4, ""max_products_test"": 2, ""max_products_train"": 10, ""max_products_val"": 2, ""num_workers"": 4, ""online"": false, ""patch_size"": [512, 512], ""pin_memory"": true, ""samples_per_prod"": 1000, ""test_dir"": ""/lustre/projects/1001/rdelprete/SSM/data/ssm_dataset/focused/PT3"", ""train_dir"": ""/lustre/projects/1001/rdelprete/SSM/data/ssm_dataset/focused/PT1"", ""val_dir"": ""/lustre/projects/1001/rdelprete/SSM/data/ssm_dataset/focused/PT2""}, ""determinism"": true, ""experiment_name"": ""rcmc_compress_baseline"", ""extras"": {""enforce_tags"": true, ""ignore_warnings"": false, ""print_config"": true}, ""lambda"": 3, ""logger"": {""wandb"": {""_target_"": ""lightning.pytorch.loggers.wandb.WandbLogger"", ""anonymous"": null, ""entity"": ""cedric-leonard"", ""group"": ""rcmc_grid"", ""id"": null, ""job_type"": """", ""log_model"": false, ""offline"": true, ""prefix"": """", ""project"": ""MAYA_DC"", ""save_dir"": ""/lustre/projects/1001/rdelprete/MAYA_DC/logs/default/multiruns/2026-03-23_11-27-57/4"", ""tags"": []}}, ""model"": {""_target_"": ""src.models.rcmc_compress_module.RCMCDCmodule"", ""aux_optimizer"": {""_partial_"": true, ""_target_"": ""torch.optim.Adam"", ""lr"": 0.001}, ""azimuth_buffer"": 512, ""compile"": false, ""criterion"": {""_target_"": ""src.models.components.losses.CompoundCompressionLoss"", ""azimuth_buffer"": 512, ""delta_coherence"": 1, ""delta_kde"": 1, ""lmbda"": 3, ""num_kde_bins"": 100, ""patch_size"": [512, 512]}, ""gradient_clip_norm"": 1, ""net"": {""_target_"": ""src.models.components.scale_hyperprior.ScaleHyperprior"", ""activation"": ""gdn"", ""nb_channels_latent"": 256, ""nb_channels_main"": 128, ""nb_input_channels"": 2}, ""net_optimizer"": {""_partial_"": true, ""_target_"": ""torch.optim.Adam"", ""betas"": [0.9, 0.999], ""lr"": 0.0001}, ""scheduler"": {""_partial_"": true, ""_target_"": ""torch.optim.lr_scheduler.ReduceLROnPlateau"", ""factor"": 0.5, ""mode"": ""min"", ""patience"": 5}, ""training_mode"": ""slc""}, ""model/params/non_trainable"": 0, ""model/params/total"": 5626626, ""model/params/trainable"": 5626626, ""patch_size"": [512, 512], ""paths"": {""data_dir"": ""/lustre/projects/1001/rdelprete/MAYA_DC/data/"", ""log_dir"": ""/lustre/projects/1001/rdelprete/MAYA_DC/logs/"", ""output_dir"": ""/lustre/projects/1001/rdelprete/MAYA_DC/logs/default/multiruns/2026-03-23_11-27-57/4"", ""root_dir"": ""/lustre/projects/1001/rdelprete/MAYA_DC"", ""work_dir"": ""/lustre/home/u10010007""}, ""seed"": 1, ""tags"": [""rcmc_compression"", ""scale_hyperprior"", ""maya4""], ""task_name"": ""default"", ""test"": true, ""train"": true, ""trainer"": {""_target_"": ""lightning.pytorch.trainer.Trainer"", ""accelerator"": ""gpu"", ""check_val_every_n_epoch"": 1, ""default_root_dir"": ""/lustre/projects/1001/rdelprete/MAYA_DC/logs/default/multiruns/2026-03-23_11-27-57/4"", ""deterministic"": false, ""devices"": 4, ""max_epochs"": 30, ""min_epochs"": 1, ""num_nodes"": 1, ""precision"": ""32-true"", ""strategy"": ""ddp_find_unused_parameters_true"", ""sync_batchnorm"": true}}"
8ckqlual,SHP-gdn_s1_L3_slc_buf512_Compound_lr0.0001_b4_10000p,finished,https://wandb.ai/cedric-leonard/MAYA_DC/runs/8ckqlual,2026-03-25T08:50:29Z,cedric-leonard,MAYA_DC,1.0,3.0,slc,512.0,src.models.components.scale_hyperprior.ScaleHyperprior,ScaleHyperprior,SHyp,gdn,GDN,src.data.maya4_dir_datamodule.MAYA4DirDataModule,MAYA4DirDataModule,MAYA4DirDataModule,src.models.components.losses.CompoundCompressionLoss,Compound,/lustre/projects/1001/rdelprete/MAYA_DC/logs/default/multiruns/2026-03-24_17-14-16_non_square/lmbda_3_seed_1,,True,rcmc_grid_non_square,"[""maya4"", ""rcmc_compression"", ""scale_hyperprior""]",SHyp-GDN | MAYA4DirDataModule | slc | nsk,"{""_runtime"": 3428, ""_step"": 95001, ""_timestamp"": 1774398539.6647308, ""epoch"": 19, ""fixed_patch/reconstruction"": {""_type"": ""image-file"", ""format"": ""png"", ""height"": 600, ""path"": ""media/images/fixed_patch/reconstruction_95000_52d6b8849495fef31a56.png"", ""sha256"": ""52d6b8849495fef31a5688ad78c8af4ace2e1cef4981e1483de385f4f5e13d5f"", ""size"": 1511159, ""width"": 2000}, ""test/aux"": 9.03776741027832, ""test/coherence"": 0.19646793603897095, ""test/complex_corr_mean"": 0.803532063961029, ""test/complex_corr_std"": ""NaN"", ""test/distortion"": 0.4103935956954956, ""test/kde"": 0.07852916419506073, ""test/loss"": 1.268504619598389, ""test/mse"": 0.1353965848684311, ""test/phase_err_mean"": 0.13661295175552368, ""test/phase_err_std"": ""NaN"", ""test/psnr_amp"": 21.826101303100582, ""test/rate"": 0.03732416778802872, ""test/ssim_amp"": 0.09723891317844392, ""train/aux"": 39.43921661376953, ""train/coherence"": 0.28433650732040405, ""train/distortion"": 0.6693071126937866, ""train/grad_norm_g_a"": 2.8367812633514404, ""train/grad_norm_g_s"": 2.728963851928711, ""train/grad_norm_h_a"": 0.01853352226316929, ""train/grad_norm_h_s"": 0.11868729442358016, ""train/kde"": 0.0750889852643013, ""train/loss"": 2.2202558517456055, ""train/lr"": 4.999999873689376e-05, ""train/mse"": 0.30988162755966187, ""train/rate"": 0.21233464777469635, ""trainer/global_step"": 47500, ""val_batch/coherence_loss"": 0.0475461483001709, ""val_batch/correlation_metric_mean"": 0.9524538516998292, ""val_batch/correlation_metric_std"": ""NaN"", ""val_batch/kde_loss"": 0.25296327471733093, ""val_batch/phase_error"": 0.025331854820251465, ""val_batch/psnr_slc"": 19.46984100341797, ""val_batch/reconstructions"": {""_type"": ""image-file"", ""format"": ""png"", ""height"": 1700, ""path"": ""media/images/val_batch/reconstructions_90051_63950fb5c78197a1fc3e.png"", ""sha256"": ""63950fb5c78197a1fc3e635d11e06824743794112ae9e82ca9815796d0f92530"", ""size"": 1517729, ""width"": 500}, ""val_batch/ssim_slc"": 0.14338046312332153, ""val_batch/x_hat_histogram"": {""_type"": ""histogram""}, ""valid/aux"": 40.37306213378906, ""valid/coherence"": 0.2316017746925354, ""valid/complex_corr_mean"": 0.7683980464935303, ""valid/complex_corr_std"": ""NaN"", ""valid/distortion"": 0.646990180015564, ""valid/kde"": 0.19675029814243317, ""valid/loss"": 1.975923538208008, ""valid/mse"": 0.21863806247711184, ""valid/phase_err_mean"": 0.1603795439004898, ""valid/phase_err_std"": ""NaN"", ""valid/psnr_amp"": 24.99091339111328, ""valid/rate"": 0.03495297580957413, ""valid/rd_scatter_table"": {""_latest_artifact_path"": ""wandb-client-artifact://t9eqmmpc6edwjnpk14owpgwio3zk1aeexz4gv600rqq7u7qbzcryv7ifagwk463voham2rd3g9za52hbh6yrenm4tcf66yvbv4wjvbzhewwp06ni0qrptgy2qyo6dl50:latest/valid/rd_scatter_table.table.json"", ""_type"": ""table-file"", ""artifact_path"": ""wandb-client-artifact://p1i149msne7sies586j8tdhcfcs23h03niyx7putqls492lsx74wbgm51xiwiu9jzmx8308c3lxba2wymsqoas7bssa65nm8h3sonql97vzz5hb6g7mxs7sot4dh8e86/valid/rd_scatter_table.table.json"", ""log_mode"": ""IMMUTABLE"", ""ncols"": 3, ""nrows"": 20, ""path"": ""media/table/valid/rd_scatter_table_95000_de7dd4e0945530ef59ef.table.json"", ""sha256"": ""de7dd4e0945530ef59ef370cf9571e5bc39b3347ba5c627f6d20eeed9dacc2dc"", ""size"": 990}, ""valid/ssim_amp"": 0.09601923823356628}","{""azimuth_buffer"": 512, ""callbacks"": {""early_stopping"": {""_target_"": ""lightning.pytorch.callbacks.EarlyStopping"", ""check_finite"": true, ""check_on_train_epoch_end"": false, ""divergence_threshold"": null, ""min_delta"": 0, ""mode"": ""min"", ""monitor"": ""valid/loss"", ""patience"": 10, ""stopping_threshold"": null, ""strict"": true, ""verbose"": false}, ""model_checkpoint"": {""_target_"": ""lightning.pytorch.callbacks.ModelCheckpoint"", ""auto_insert_metric_name"": false, ""dirpath"": ""/lustre/projects/1001/rdelprete/MAYA_DC/logs/default/multiruns/2026-03-24_17-14-16_non_square/lmbda_3_seed_1/checkpoints"", ""every_n_epochs"": null, ""every_n_train_steps"": null, ""filename"": ""epoch_{epoch:03d}_loss_{valid/loss:.4f}"", ""mode"": ""min"", ""monitor"": ""valid/loss"", ""save_last"": true, ""save_on_train_epoch_end"": null, ""save_top_k"": 1, ""save_weights_only"": false, ""train_time_interval"": null, ""verbose"": false}, ""model_summary"": {""_target_"": ""lightning.pytorch.callbacks.RichModelSummary"", ""max_depth"": 2}, ""monitor_fix_patch"": {""verbose"": true}, ""monitor_fixed_patch"": {""_target_"": ""src.callbacks.monitor_fixed_patch.MonitorFixedPatch"", ""clip_factor"": 3, ""log_every_n_epochs"": 1, ""patch_json"": ""data/fixed_patches/s1c-s6-raw-s-vv-20250422t061414-20250422t061446-002002-0040d4.json"", ""verbose"": false}, ""monitor_val_recon"": {""_target_"": ""src.callbacks.monitor_val_reconstruction.MonitorValReconstruction"", ""clip_factor"": 3, ""log_every_n_epochs"": 1, ""num_images"": 3, ""verbose"": true}, ""rich_progress_bar"": {""_target_"": ""lightning.pytorch.callbacks.RichProgressBar""}, ""wandb_osh"": {""_target_"": ""wandb_osh.lightning_hooks.TriggerWandbSyncLightningCallback""}}, ""ckpt_path"": null, ""data"": {""_target_"": ""src.data.maya4_dir_datamodule.MAYA4DirDataModule"", ""azimuth_buffer"": 512, ""batch_size"": 4, ""max_products_test"": 2, ""max_products_train"": 10, ""max_products_val"": 2, ""num_workers"": 4, ""online"": false, ""patch_size"": [512, 512], ""pin_memory"": true, ""samples_per_prod"": 1000, ""test_dir"": ""/lustre/projects/1001/rdelprete/SSM/data/ssm_dataset/focused/PT3"", ""train_dir"": ""/lustre/projects/1001/rdelprete/SSM/data/ssm_dataset/focused/PT1"", ""val_dir"": ""/lustre/projects/1001/rdelprete/SSM/data/ssm_dataset/focused/PT2""}, ""determinism"": true, ""experiment_name"": ""rcmc_compress_baseline"", ""extras"": {""enforce_tags"": true, ""ignore_warnings"": false, ""print_config"": true}, ""lambda"": 3, ""logger"": {""wandb"": {""_target_"": ""lightning.pytorch.loggers.wandb.WandbLogger"", ""anonymous"": null, ""entity"": ""cedric-leonard"", ""group"": ""rcmc_grid_non_square"", ""id"": null, ""job_type"": """", ""log_model"": false, ""offline"": true, ""prefix"": """", ""project"": ""MAYA_DC"", ""save_dir"": ""/lustre/projects/1001/rdelprete/MAYA_DC/logs/default/multiruns/2026-03-24_17-14-16_non_square/lmbda_3_seed_1"", ""tags"": []}}, ""model"": {""_target_"": ""src.models.rcmc_compress_module.RCMCDCmodule"", ""aux_optimizer"": {""_partial_"": true, ""_target_"": ""torch.optim.Adam"", ""lr"": 0.001}, ""azimuth_buffer"": 512, ""compile"": false, ""criterion"": {""_target_"": ""src.models.components.losses.CompoundCompressionLoss"", ""azimuth_buffer"": 512, ""delta_coherence"": 1, ""delta_kde"": 1, ""lmbda"": 3, ""num_kde_bins"": 100, ""patch_size"": [512, 512]}, ""gradient_clip_norm"": 1, ""net"": {""_target_"": ""src.models.components.scale_hyperprior.ScaleHyperprior"", ""activation"": ""gdn"", ""nb_channels_latent"": 256, ""nb_channels_main"": 128, ""nb_input_channels"": 2, ""non_square_kernels"": true}, ""net_optimizer"": {""_partial_"": true, ""_target_"": ""torch.optim.Adam"", ""betas"": [0.9, 0.999], ""lr"": 0.0001}, ""scheduler"": {""_partial_"": true, ""_target_"": ""torch.optim.lr_scheduler.ReduceLROnPlateau"", ""factor"": 0.5, ""mode"": ""min"", ""patience"": 5}, ""training_mode"": ""slc""}, ""model/params/non_trainable"": 0, ""model/params/total"": 16662274, ""model/params/trainable"": 16662274, ""patch_size"": [512, 512], ""paths"": {""data_dir"": ""/lustre/projects/1001/rdelprete/MAYA_DC/data/"", ""log_dir"": ""/lustre/projects/1001/rdelprete/MAYA_DC/logs/"", ""output_dir"": ""/lustre/projects/1001/rdelprete/MAYA_DC/logs/default/multiruns/2026-03-24_17-14-16_non_square/lmbda_3_seed_1"", ""root_dir"": ""/lustre/projects/1001/rdelprete/MAYA_DC"", ""work_dir"": ""/lustre/home/u10010007""}, ""seed"": 1, ""tags"": [""rcmc_compression"", ""scale_hyperprior"", ""maya4""], ""task_name"": ""default"", ""test"": true, ""train"": true, ""trainer"": {""_target_"": ""lightning.pytorch.trainer.Trainer"", ""accelerator"": ""gpu"", ""check_val_every_n_epoch"": 1, ""default_root_dir"": ""/lustre/projects/1001/rdelprete/MAYA_DC/logs/default/multiruns/2026-03-24_17-14-16_non_square/lmbda_3_seed_1"", ""deterministic"": false, ""devices"": 4, ""max_epochs"": 30, ""min_epochs"": 1, ""num_nodes"": 1, ""precision"": ""32-true"", ""strategy"": ""ddp_find_unused_parameters_true"", ""sync_batchnorm"": true}}"
s69s1t91,SHP-gdn_s2_L3_slc_buf512_Compound_lr0.0001_b4_10000p,finished,https://wandb.ai/cedric-leonard/MAYA_DC/runs/s69s1t91,2026-03-23T16:27:43Z,cedric-leonard,MAYA_DC,2.0,3.0,slc,512.0,src.models.components.scale_hyperprior.ScaleHyperprior,ScaleHyperprior,SHyp,gdn,GDN,src.data.maya4_dir_datamodule.MAYA4DirDataModule,MAYA4DirDataModule,MAYA4DirDataModule,src.models.components.losses.CompoundCompressionLoss,Compound,/lustre/projects/1001/rdelprete/MAYA_DC/logs/default/multiruns/2026-03-23_11-27-57/5,,False,rcmc_grid,"[""maya4"", ""rcmc_compression"", ""scale_hyperprior""]",SHyp-GDN | MAYA4DirDataModule | slc | sq,"{""_runtime"": 3848, ""_step"": 120001, ""_timestamp"": 1774286808.7808387, ""epoch"": 24, ""fixed_patch/reconstruction"": {""_type"": ""image-file"", ""format"": ""png"", ""height"": 600, ""path"": ""media/images/fixed_patch/reconstruction_120000_6b06499695b4fb2a6d3b.png"", ""sha256"": ""6b06499695b4fb2a6d3b4d6ef32a813a2c46663cf05bf3a6f93f4d1516ca6293"", ""size"": 1501298, ""width"": 2000}, ""test/aux"": 30.409894943237305, ""test/coherence"": 0.20098501443862915, ""test/complex_corr_mean"": 0.7990149259567261, ""test/complex_corr_std"": ""NaN"", ""test/distortion"": 0.4231291115283966, ""test/kde"": 0.08320797979831696, ""test/loss"": 1.2985889911651611, ""test/mse"": 0.13893607258796692, ""test/phase_err_mean"": 0.13987217843532562, ""test/phase_err_std"": ""NaN"", ""test/psnr_amp"": 21.71570587158203, ""test/rate"": 0.02920168824493885, ""test/ssim_amp"": 0.08865045011043549, ""train/aux"": 52.298095703125, ""train/coherence"": 0.1538466066122055, ""train/distortion"": 0.31548893451690674, ""train/grad_norm_g_a"": 1.3879806995391846, ""train/grad_norm_g_s"": 2.3063454627990723, ""train/grad_norm_h_a"": 0.014736529439687727, ""train/grad_norm_h_s"": 0.10504967719316484, ""train/kde"": 0.01871456950902939, ""train/loss"": 1.1597115993499756, ""train/lr"": 4.999999873689376e-05, ""train/mse"": 0.14292776584625244, ""train/rate"": 0.21324482560157776, ""trainer/global_step"": 60000, ""val_batch/coherence_loss"": 0.04724252223968506, ""val_batch/correlation_metric_mean"": 0.9527574777603148, ""val_batch/correlation_metric_std"": ""NaN"", ""val_batch/kde_loss"": 0.31060004234313965, ""val_batch/phase_error"": 0.025015294551849365, ""val_batch/psnr_slc"": 19.47150421142578, ""val_batch/reconstructions"": {""_type"": ""image-file"", ""format"": ""png"", ""height"": 1700, ""path"": ""media/images/val_batch/reconstructions_115051_6e471c18473875887392.png"", ""sha256"": ""6e471c184738758873928c0bf3e46dbb19e0544e702c4e4b8ff408d32705be6a"", ""size"": 1415584, ""width"": 500}, ""val_batch/ssim_slc"": 0.13658767938613892, ""val_batch/x_hat_histogram"": {""_type"": ""histogram""}, ""valid/aux"": 54.20895004272461, ""valid/coherence"": 0.22712519764900208, ""valid/complex_corr_mean"": 0.7728747129440308, ""valid/complex_corr_std"": ""NaN"", ""valid/distortion"": 0.7041497230529785, ""valid/kde"": 0.26304295659065247, ""valid/loss"": 2.142483949661255, ""valid/mse"": 0.21398138999938965, ""valid/phase_err_mean"": 0.1540762186050415, ""valid/phase_err_std"": ""NaN"", ""valid/psnr_amp"": 25.055238723754883, ""valid/rate"": 0.030035363510251045, ""valid/rd_scatter_table"": {""_latest_artifact_path"": ""wandb-client-artifact://epldv4eu4hsrjucrlst3wana44ovvny2tw7ap8y7yinbdoq0t2jhiqznhf3w6buetv4rf32lgo4a03p86ds10z8v4cx2c1yjhu2p25481jmyuylz4wruzw3cxprssz0o:latest/valid/rd_scatter_table.table.json"", ""_type"": ""table-file"", ""artifact_path"": ""wandb-client-artifact://wljuvgbxaz5ns49e9qnmayb4ol07ybuju8nhwuanf84kwvrbdjvz0y4u3943ufytqynhoyw2zdm00xj7p9ggtqqr9gxavz2wyuyydc6jnehuckrf2u47ldv6abeu8lmh/valid/rd_scatter_table.table.json"", ""log_mode"": ""IMMUTABLE"", ""ncols"": 3, ""nrows"": 25, ""path"": ""media/table/valid/rd_scatter_table_120000_f8fc31fe03343e377215.table.json"", ""sha256"": ""f8fc31fe03343e37721583f0a40a38dc68f177212f8ef4b086362c8f3d0a0f92"", ""size"": 1228}, ""valid/ssim_amp"": 0.08525567501783371}","{""azimuth_buffer"": 512, ""callbacks"": {""early_stopping"": {""_target_"": ""lightning.pytorch.callbacks.EarlyStopping"", ""check_finite"": true, ""check_on_train_epoch_end"": false, ""divergence_threshold"": null, ""min_delta"": 0, ""mode"": ""min"", ""monitor"": ""valid/loss"", ""patience"": 10, ""stopping_threshold"": null, ""strict"": true, ""verbose"": false}, ""model_checkpoint"": {""_target_"": ""lightning.pytorch.callbacks.ModelCheckpoint"", ""auto_insert_metric_name"": false, ""dirpath"": ""/lustre/projects/1001/rdelprete/MAYA_DC/logs/default/multiruns/2026-03-23_11-27-57/5/checkpoints"", ""every_n_epochs"": null, ""every_n_train_steps"": null, ""filename"": ""epoch_{epoch:03d}_loss_{valid/loss:.4f}"", ""mode"": ""min"", ""monitor"": ""valid/loss"", ""save_last"": true, ""save_on_train_epoch_end"": null, ""save_top_k"": 1, ""save_weights_only"": false, ""train_time_interval"": null, ""verbose"": false}, ""model_summary"": {""_target_"": ""lightning.pytorch.callbacks.RichModelSummary"", ""max_depth"": 2}, ""monitor_fix_patch"": {""verbose"": true}, ""monitor_fixed_patch"": {""_target_"": ""src.callbacks.monitor_fixed_patch.MonitorFixedPatch"", ""clip_factor"": 3, ""log_every_n_epochs"": 1, ""patch_json"": ""data/fixed_patches/s1c-s6-raw-s-vv-20250422t061414-20250422t061446-002002-0040d4.json"", ""verbose"": false}, ""monitor_val_recon"": {""_target_"": ""src.callbacks.monitor_val_reconstruction.MonitorValReconstruction"", ""clip_factor"": 3, ""log_every_n_epochs"": 1, ""num_images"": 3, ""verbose"": true}, ""rich_progress_bar"": {""_target_"": ""lightning.pytorch.callbacks.RichProgressBar""}, ""wandb_osh"": {""_target_"": ""wandb_osh.lightning_hooks.TriggerWandbSyncLightningCallback""}}, ""ckpt_path"": null, ""data"": {""_target_"": ""src.data.maya4_dir_datamodule.MAYA4DirDataModule"", ""azimuth_buffer"": 512, ""batch_size"": 4, ""max_products_test"": 2, ""max_products_train"": 10, ""max_products_val"": 2, ""num_workers"": 4, ""online"": false, ""patch_size"": [512, 512], ""pin_memory"": true, ""samples_per_prod"": 1000, ""test_dir"": ""/lustre/projects/1001/rdelprete/SSM/data/ssm_dataset/focused/PT3"", ""train_dir"": ""/lustre/projects/1001/rdelprete/SSM/data/ssm_dataset/focused/PT1"", ""val_dir"": ""/lustre/projects/1001/rdelprete/SSM/data/ssm_dataset/focused/PT2""}, ""determinism"": true, ""experiment_name"": ""rcmc_compress_baseline"", ""extras"": {""enforce_tags"": true, ""ignore_warnings"": false, ""print_config"": true}, ""lambda"": 3, ""logger"": {""wandb"": {""_target_"": ""lightning.pytorch.loggers.wandb.WandbLogger"", ""anonymous"": null, ""entity"": ""cedric-leonard"", ""group"": ""rcmc_grid"", ""id"": null, ""job_type"": """", ""log_model"": false, ""offline"": true, ""prefix"": """", ""project"": ""MAYA_DC"", ""save_dir"": ""/lustre/projects/1001/rdelprete/MAYA_DC/logs/default/multiruns/2026-03-23_11-27-57/5"", ""tags"": []}}, ""model"": {""_target_"": ""src.models.rcmc_compress_module.RCMCDCmodule"", ""aux_optimizer"": {""_partial_"": true, ""_target_"": ""torch.optim.Adam"", ""lr"": 0.001}, ""azimuth_buffer"": 512, ""compile"": false, ""criterion"": {""_target_"": ""src.models.components.losses.CompoundCompressionLoss"", ""azimuth_buffer"": 512, ""delta_coherence"": 1, ""delta_kde"": 1, ""lmbda"": 3, ""num_kde_bins"": 100, ""patch_size"": [512, 512]}, ""gradient_clip_norm"": 1, ""net"": {""_target_"": ""src.models.components.scale_hyperprior.ScaleHyperprior"", ""activation"": ""gdn"", ""nb_channels_latent"": 256, ""nb_channels_main"": 128, ""nb_input_channels"": 2}, ""net_optimizer"": {""_partial_"": true, ""_target_"": ""torch.optim.Adam"", ""betas"": [0.9, 0.999], ""lr"": 0.0001}, ""scheduler"": {""_partial_"": true, ""_target_"": ""torch.optim.lr_scheduler.ReduceLROnPlateau"", ""factor"": 0.5, ""mode"": ""min"", ""patience"": 5}, ""training_mode"": ""slc""}, ""model/params/non_trainable"": 0, ""model/params/total"": 5626626, ""model/params/trainable"": 5626626, ""patch_size"": [512, 512], ""paths"": {""data_dir"": ""/lustre/projects/1001/rdelprete/MAYA_DC/data/"", ""log_dir"": ""/lustre/projects/1001/rdelprete/MAYA_DC/logs/"", ""output_dir"": ""/lustre/projects/1001/rdelprete/MAYA_DC/logs/default/multiruns/2026-03-23_11-27-57/5"", ""root_dir"": ""/lustre/projects/1001/rdelprete/MAYA_DC"", ""work_dir"": ""/lustre/home/u10010007""}, ""seed"": 2, ""tags"": [""rcmc_compression"", ""scale_hyperprior"", ""maya4""], ""task_name"": ""default"", ""test"": true, ""train"": true, ""trainer"": {""_target_"": ""lightning.pytorch.trainer.Trainer"", ""accelerator"": ""gpu"", ""check_val_every_n_epoch"": 1, ""default_root_dir"": ""/lustre/projects/1001/rdelprete/MAYA_DC/logs/default/multiruns/2026-03-23_11-27-57/5"", ""deterministic"": false, ""devices"": 4, ""max_epochs"": 30, ""min_epochs"": 1, ""num_nodes"": 1, ""precision"": ""32-true"", ""strategy"": ""ddp_find_unused_parameters_true"", ""sync_batchnorm"": true}}"
44ktla3d,SHP-gdn_s2_L3_slc_buf512_Compound_lr0.0001_b4_10000p,finished,https://wandb.ai/cedric-leonard/MAYA_DC/runs/44ktla3d,2026-03-25T08:33:07Z,cedric-leonard,MAYA_DC,2.0,3.0,slc,512.0,src.models.components.scale_hyperprior.ScaleHyperprior,ScaleHyperprior,SHyp,gdn,GDN,src.data.maya4_dir_datamodule.MAYA4DirDataModule,MAYA4DirDataModule,MAYA4DirDataModule,src.models.components.losses.CompoundCompressionLoss,Compound,/lustre/projects/1001/rdelprete/MAYA_DC/logs/default/multiruns/2026-03-24_17-14-16_non_square/lmbda_3_seed_2,,True,rcmc_grid_non_square,"[""maya4"", ""rcmc_compression"", ""scale_hyperprior""]",SHyp-GDN | MAYA4DirDataModule | slc | nsk,"{""_runtime"": 3603, ""_step"": 100001, ""_timestamp"": 1774400343.1494515, ""epoch"": 20, ""fixed_patch/reconstruction"": {""_type"": ""image-file"", ""format"": ""png"", ""height"": 600, ""path"": ""media/images/fixed_patch/reconstruction_100000_c5b0a3e39f4a97dbe0da.png"", ""sha256"": ""c5b0a3e39f4a97dbe0da13f4cc2c7f4f0ed75c9dc3230a2b255f0f724f5e2c92"", ""size"": 1494086, ""width"": 2000}, ""test/aux"": 13.712780952453612, ""test/coherence"": 0.1938195377588272, ""test/complex_corr_mean"": 0.8061805367469788, ""test/complex_corr_std"": ""NaN"", ""test/distortion"": 0.41648316383361816, ""test/kde"": 0.08982513844966888, ""test/loss"": 1.287245273590088, ""test/mse"": 0.13283853232860565, ""test/phase_err_mean"": 0.13362765312194824, ""test/phase_err_std"": ""NaN"", ""test/psnr_amp"": 21.86147117614746, ""test/rate"": 0.03779549151659012, ""test/ssim_amp"": 0.09198114275932312, ""train/aux"": 40.26918029785156, ""train/coherence"": 0.2613820433616638, ""train/distortion"": 0.6563243865966797, ""train/grad_norm_g_a"": 3.521806001663208, ""train/grad_norm_g_s"": 3.5402462482452393, ""train/grad_norm_h_a"": 0.012380235828459265, ""train/grad_norm_h_s"": 0.07457633316516876, ""train/kde"": 0.08959690481424332, ""train/loss"": 2.1828811168670654, ""train/lr"": 4.999999873689376e-05, ""train/mse"": 0.3053453862667084, ""train/rate"": 0.21390822529792783, ""trainer/global_step"": 50000, ""val_batch/coherence_loss"": 0.04644399881362915, ""val_batch/correlation_metric_mean"": 0.9535560011863708, ""val_batch/correlation_metric_std"": ""NaN"", ""val_batch/kde_loss"": 0.2699012756347656, ""val_batch/phase_error"": 0.02422136068344116, ""val_batch/psnr_slc"": 19.471275329589844, ""val_batch/reconstructions"": {""_type"": ""image-file"", ""format"": ""png"", ""height"": 1700, ""path"": ""media/images/val_batch/reconstructions_95051_f5c60b36b3ab48041d40.png"", ""sha256"": ""f5c60b36b3ab48041d40498fdab4bff2a3ddf9dca4d8be7e149d302cced02008"", ""size"": 1504999, ""width"": 500}, ""val_batch/ssim_slc"": 0.14492854475975037, ""val_batch/x_hat_histogram"": {""_type"": ""histogram""}, ""valid/aux"": 40.25450897216797, ""valid/coherence"": 0.22332608699798584, ""valid/complex_corr_mean"": 0.7766739130020142, ""valid/complex_corr_std"": ""NaN"", ""valid/distortion"": 0.6890642642974854, ""valid/kde"": 0.2555178999900818, ""valid/loss"": 2.101583242416382, ""valid/mse"": 0.2102203220129013, ""valid/phase_err_mean"": 0.15140953660011292, ""valid/phase_err_std"": ""NaN"", ""valid/psnr_amp"": 25.081865310668945, ""valid/rate"": 0.03439030423760414, ""valid/rd_scatter_table"": {""_latest_artifact_path"": ""wandb-client-artifact://fzd54o85ynau430u6ekg1qkn2vv1910prsxsvbct8z1kl7gwwg2w0hfd92muc5npagopzpyjyzyslg88sg3hzomct6rm8mga9kczo6eiaz96pxi23wdorqc2yvasuzmq:latest/valid/rd_scatter_table.table.json"", ""_type"": ""table-file"", ""artifact_path"": ""wandb-client-artifact://9t1fccl2029fqjkfruv0l6h9mi1kswei79xsw8z38wn6o7xqzdl5sc3jplbuou100km5g2a258hyxtkq44kb4szeb1faz6et19dvof5tvyftiny4hrgiucnzm1y7li0m/valid/rd_scatter_table.table.json"", ""log_mode"": ""IMMUTABLE"", ""ncols"": 3, ""nrows"": 21, ""path"": ""media/table/valid/rd_scatter_table_100000_69c5a463a095e4eda453.table.json"", ""sha256"": ""69c5a463a095e4eda45351ca60fef83cdfcba3e32793d71e10893215ea1c37ea"", ""size"": 1034}, ""valid/ssim_amp"": 0.09631017595529556}","{""azimuth_buffer"": 512, ""callbacks"": {""early_stopping"": {""_target_"": ""lightning.pytorch.callbacks.EarlyStopping"", ""check_finite"": true, ""check_on_train_epoch_end"": false, ""divergence_threshold"": null, ""min_delta"": 0, ""mode"": ""min"", ""monitor"": ""valid/loss"", ""patience"": 10, ""stopping_threshold"": null, ""strict"": true, ""verbose"": false}, ""model_checkpoint"": {""_target_"": ""lightning.pytorch.callbacks.ModelCheckpoint"", ""auto_insert_metric_name"": false, ""dirpath"": ""/lustre/projects/1001/rdelprete/MAYA_DC/logs/default/multiruns/2026-03-24_17-14-16_non_square/lmbda_3_seed_2/checkpoints"", ""every_n_epochs"": null, ""every_n_train_steps"": null, ""filename"": ""epoch_{epoch:03d}_loss_{valid/loss:.4f}"", ""mode"": ""min"", ""monitor"": ""valid/loss"", ""save_last"": true, ""save_on_train_epoch_end"": null, ""save_top_k"": 1, ""save_weights_only"": false, ""train_time_interval"": null, ""verbose"": false}, ""model_summary"": {""_target_"": ""lightning.pytorch.callbacks.RichModelSummary"", ""max_depth"": 2}, ""monitor_fix_patch"": {""verbose"": true}, ""monitor_fixed_patch"": {""_target_"": ""src.callbacks.monitor_fixed_patch.MonitorFixedPatch"", ""clip_factor"": 3, ""log_every_n_epochs"": 1, ""patch_json"": ""data/fixed_patches/s1c-s6-raw-s-vv-20250422t061414-20250422t061446-002002-0040d4.json"", ""verbose"": false}, ""monitor_val_recon"": {""_target_"": ""src.callbacks.monitor_val_reconstruction.MonitorValReconstruction"", ""clip_factor"": 3, ""log_every_n_epochs"": 1, ""num_images"": 3, ""verbose"": true}, ""rich_progress_bar"": {""_target_"": ""lightning.pytorch.callbacks.RichProgressBar""}, ""wandb_osh"": {""_target_"": ""wandb_osh.lightning_hooks.TriggerWandbSyncLightningCallback""}}, ""ckpt_path"": null, ""data"": {""_target_"": ""src.data.maya4_dir_datamodule.MAYA4DirDataModule"", ""azimuth_buffer"": 512, ""batch_size"": 4, ""max_products_test"": 2, ""max_products_train"": 10, ""max_products_val"": 2, ""num_workers"": 4, ""online"": false, ""patch_size"": [512, 512], ""pin_memory"": true, ""samples_per_prod"": 1000, ""test_dir"": ""/lustre/projects/1001/rdelprete/SSM/data/ssm_dataset/focused/PT3"", ""train_dir"": ""/lustre/projects/1001/rdelprete/SSM/data/ssm_dataset/focused/PT1"", ""val_dir"": ""/lustre/projects/1001/rdelprete/SSM/data/ssm_dataset/focused/PT2""}, ""determinism"": true, ""experiment_name"": ""rcmc_compress_baseline"", ""extras"": {""enforce_tags"": true, ""ignore_warnings"": false, ""print_config"": true}, ""lambda"": 3, ""logger"": {""wandb"": {""_target_"": ""lightning.pytorch.loggers.wandb.WandbLogger"", ""anonymous"": null, ""entity"": ""cedric-leonard"", ""group"": ""rcmc_grid_non_square"", ""id"": null, ""job_type"": """", ""log_model"": false, ""offline"": true, ""prefix"": """", ""project"": ""MAYA_DC"", ""save_dir"": ""/lustre/projects/1001/rdelprete/MAYA_DC/logs/default/multiruns/2026-03-24_17-14-16_non_square/lmbda_3_seed_2"", ""tags"": []}}, ""model"": {""_target_"": ""src.models.rcmc_compress_module.RCMCDCmodule"", ""aux_optimizer"": {""_partial_"": true, ""_target_"": ""torch.optim.Adam"", ""lr"": 0.001}, ""azimuth_buffer"": 512, ""compile"": false, ""criterion"": {""_target_"": ""src.models.components.losses.CompoundCompressionLoss"", ""azimuth_buffer"": 512, ""delta_coherence"": 1, ""delta_kde"": 1, ""lmbda"": 3, ""num_kde_bins"": 100, ""patch_size"": [512, 512]}, ""gradient_clip_norm"": 1, ""net"": {""_target_"": ""src.models.components.scale_hyperprior.ScaleHyperprior"", ""activation"": ""gdn"", ""nb_channels_latent"": 256, ""nb_channels_main"": 128, ""nb_input_channels"": 2, ""non_square_kernels"": true}, ""net_optimizer"": {""_partial_"": true, ""_target_"": ""torch.optim.Adam"", ""betas"": [0.9, 0.999], ""lr"": 0.0001}, ""scheduler"": {""_partial_"": true, ""_target_"": ""torch.optim.lr_scheduler.ReduceLROnPlateau"", ""factor"": 0.5, ""mode"": ""min"", ""patience"": 5}, ""training_mode"": ""slc""}, ""model/params/non_trainable"": 0, ""model/params/total"": 16662274, ""model/params/trainable"": 16662274, ""patch_size"": [512, 512], ""paths"": {""data_dir"": ""/lustre/projects/1001/rdelprete/MAYA_DC/data/"", ""log_dir"": ""/lustre/projects/1001/rdelprete/MAYA_DC/logs/"", ""output_dir"": ""/lustre/projects/1001/rdelprete/MAYA_DC/logs/default/multiruns/2026-03-24_17-14-16_non_square/lmbda_3_seed_2"", ""root_dir"": ""/lustre/projects/1001/rdelprete/MAYA_DC"", ""work_dir"": ""/lustre/home/u10010007""}, ""seed"": 2, ""tags"": [""rcmc_compression"", ""scale_hyperprior"", ""maya4""], ""task_name"": ""default"", ""test"": true, ""train"": true, ""trainer"": {""_target_"": ""lightning.pytorch.trainer.Trainer"", ""accelerator"": ""gpu"", ""check_val_every_n_epoch"": 1, ""default_root_dir"": ""/lustre/projects/1001/rdelprete/MAYA_DC/logs/default/multiruns/2026-03-24_17-14-16_non_square/lmbda_3_seed_2"", ""deterministic"": false, ""devices"": 4, ""max_epochs"": 30, ""min_epochs"": 1, ""num_nodes"": 1, ""precision"": ""32-true"", ""strategy"": ""ddp_find_unused_parameters_true"", ""sync_batchnorm"": true}}"
tvoplzjc,SHP-gdn_s0_L5_slc_buf512_Compound_lr0.0001_b4_10000p,finished,https://wandb.ai/cedric-leonard/MAYA_DC/runs/tvoplzjc,2026-03-23T15:51:48Z,cedric-leonard,MAYA_DC,0.0,5.0,slc,512.0,src.models.components.scale_hyperprior.ScaleHyperprior,ScaleHyperprior,SHyp,gdn,GDN,src.data.maya4_dir_datamodule.MAYA4DirDataModule,MAYA4DirDataModule,MAYA4DirDataModule,src.models.components.losses.CompoundCompressionLoss,Compound,/lustre/projects/1001/rdelprete/MAYA_DC/logs/default/multiruns/2026-03-23_16-31-02/lmbda_5_seed_0,,False,rcmc_grid,"[""maya4"", ""rcmc_compression"", ""scale_hyperprior""]",SHyp-GDN | MAYA4DirDataModule | slc | sq,"{""_runtime"": 3261, ""_step"": 100001, ""_timestamp"": 1774284083.1811354, ""epoch"": 20, ""fixed_patch/reconstruction"": {""_type"": ""image-file"", ""format"": ""png"", ""height"": 600, ""path"": ""media/images/fixed_patch/reconstruction_100000_84624e2635793fb1d854.png"", ""sha256"": ""84624e2635793fb1d8548bcf3ba0519baaf61f53a945a2bd4c4cf5419ba64860"", ""size"": 1583041, ""width"": 2000}, ""test/aux"": 18.90528106689453, ""test/coherence"": 0.1934933364391327, ""test/complex_corr_mean"": 0.8065066933631897, ""test/complex_corr_std"": ""NaN"", ""test/distortion"": 0.38441765308380127, ""test/kde"": 0.05609980225563049, ""test/loss"": 1.990396738052368, ""test/mse"": 0.13482455909252167, ""test/phase_err_mean"": 0.1366247534751892, ""test/phase_err_std"": ""NaN"", ""test/psnr_amp"": 21.920812606811523, ""test/rate"": 0.06830856204032898, ""test/ssim_amp"": 0.1297791302204132, ""train/aux"": 45.43638610839844, ""train/coherence"": 0.2512340545654297, ""train/distortion"": 0.5884096026420593, ""train/grad_norm_g_a"": 2.363558530807495, ""train/grad_norm_g_s"": 3.102313995361328, ""train/grad_norm_h_a"": 0.015488174743950369, ""train/grad_norm_h_s"": 0.008771225810050964, ""train/kde"": 0.05188828334212303, ""train/loss"": 3.2928268909454346, ""train/lr"": 4.999999873689376e-05, ""train/mse"": 0.2852872610092163, ""train/rate"": 0.35077905654907227, ""trainer/global_step"": 50000, ""val_batch/coherence_loss"": 0.04562431573867798, ""val_batch/correlation_metric_mean"": 0.9543758034706116, ""val_batch/correlation_metric_std"": ""NaN"", ""val_batch/kde_loss"": 0.3050169348716736, ""val_batch/phase_error"": 0.024714887142181396, ""val_batch/psnr_slc"": 19.652437210083008, ""val_batch/reconstructions"": {""_type"": ""image-file"", ""format"": ""png"", ""height"": 1700, ""path"": ""media/images/val_batch/reconstructions_95051_21a9293caac0f5cba6f6.png"", ""sha256"": ""21a9293caac0f5cba6f6c76f411cff9282912e714306c4302f5c8c53de2ed97f"", ""size"": 1477971, ""width"": 500}, ""val_batch/ssim_slc"": 0.16289204359054563, ""val_batch/x_hat_histogram"": {""_type"": ""histogram""}, ""valid/aux"": 43.41350936889648, ""valid/coherence"": 0.21066416800022125, ""valid/complex_corr_mean"": 0.7893360257148743, ""valid/complex_corr_std"": ""NaN"", ""valid/distortion"": 0.6975328922271729, ""valid/kde"": 0.28850436210632324, ""valid/loss"": 3.570061206817627, ""valid/mse"": 0.19836434721946716, ""valid/phase_err_mean"": 0.14438258111476898, ""valid/phase_err_std"": ""NaN"", ""valid/psnr_amp"": 25.338558197021484, ""valid/rate"": 0.08239706605672836, ""valid/rd_scatter_table"": {""_latest_artifact_path"": ""wandb-client-artifact://z3rz329wao5qit5frp5q8ebayx1gwx72qbppi1lrgi95p11y3ix6scnzy584xqaexbi56qx5531qa4e8vyrjpn97511ekub1ow0e0680i6sareiy6n6222aautn1f8xa:latest/valid/rd_scatter_table.table.json"", ""_type"": ""table-file"", ""artifact_path"": ""wandb-client-artifact://lyjk30wpxz61dlo57ngwfenc9fuiddeiu8z3qupxv6ft21s2fiamh6dqjdfjcc3if64myhuv0x0bg4cd506exxgd1y03i6ni2y6mr6bly815t6nto5z1e7yrfnegb8bl/valid/rd_scatter_table.table.json"", ""log_mode"": ""IMMUTABLE"", ""ncols"": 3, ""nrows"": 21, ""path"": ""media/table/valid/rd_scatter_table_100000_d1e2cebe8ac69a3c8e0a.table.json"", ""sha256"": ""d1e2cebe8ac69a3c8e0ac1f41261bbdb4a4ad211f746834b8c999218ec926f4a"", ""size"": 1029}, ""valid/ssim_amp"": 0.12873758375644684}","{""azimuth_buffer"": 512, ""callbacks"": {""early_stopping"": {""_target_"": ""lightning.pytorch.callbacks.EarlyStopping"", ""check_finite"": true, ""check_on_train_epoch_end"": false, ""divergence_threshold"": null, ""min_delta"": 0, ""mode"": ""min"", ""monitor"": ""valid/loss"", ""patience"": 10, ""stopping_threshold"": null, ""strict"": true, ""verbose"": false}, ""model_checkpoint"": {""_target_"": ""lightning.pytorch.callbacks.ModelCheckpoint"", ""auto_insert_metric_name"": false, ""dirpath"": ""/lustre/projects/1001/rdelprete/MAYA_DC/logs/default/multiruns/2026-03-23_16-31-02/lmbda_5_seed_0/checkpoints"", ""every_n_epochs"": null, ""every_n_train_steps"": null, ""filename"": ""epoch_{epoch:03d}_loss_{valid/loss:.4f}"", ""mode"": ""min"", ""monitor"": ""valid/loss"", ""save_last"": true, ""save_on_train_epoch_end"": null, ""save_top_k"": 1, ""save_weights_only"": false, ""train_time_interval"": null, ""verbose"": false}, ""model_summary"": {""_target_"": ""lightning.pytorch.callbacks.RichModelSummary"", ""max_depth"": 2}, ""monitor_fix_patch"": {""verbose"": true}, ""monitor_fixed_patch"": {""_target_"": ""src.callbacks.monitor_fixed_patch.MonitorFixedPatch"", ""clip_factor"": 3, ""log_every_n_epochs"": 1, ""patch_json"": ""data/fixed_patches/s1c-s6-raw-s-vv-20250422t061414-20250422t061446-002002-0040d4.json"", ""verbose"": false}, ""monitor_val_recon"": {""_target_"": ""src.callbacks.monitor_val_reconstruction.MonitorValReconstruction"", ""clip_factor"": 3, ""log_every_n_epochs"": 1, ""num_images"": 3, ""verbose"": true}, ""rich_progress_bar"": {""_target_"": ""lightning.pytorch.callbacks.RichProgressBar""}, ""wandb_osh"": {""_target_"": ""wandb_osh.lightning_hooks.TriggerWandbSyncLightningCallback""}}, ""ckpt_path"": null, ""data"": {""_target_"": ""src.data.maya4_dir_datamodule.MAYA4DirDataModule"", ""azimuth_buffer"": 512, ""batch_size"": 4, ""max_products_test"": 2, ""max_products_train"": 10, ""max_products_val"": 2, ""num_workers"": 4, ""online"": false, ""patch_size"": [512, 512], ""pin_memory"": true, ""samples_per_prod"": 1000, ""test_dir"": ""/lustre/projects/1001/rdelprete/SSM/data/ssm_dataset/focused/PT3"", ""train_dir"": ""/lustre/projects/1001/rdelprete/SSM/data/ssm_dataset/focused/PT1"", ""val_dir"": ""/lustre/projects/1001/rdelprete/SSM/data/ssm_dataset/focused/PT2""}, ""determinism"": true, ""experiment_name"": ""rcmc_compress_baseline"", ""extras"": {""enforce_tags"": true, ""ignore_warnings"": false, ""print_config"": true}, ""lambda"": 5, ""logger"": {""wandb"": {""_target_"": ""lightning.pytorch.loggers.wandb.WandbLogger"", ""anonymous"": null, ""entity"": ""cedric-leonard"", ""group"": ""rcmc_grid"", ""id"": null, ""job_type"": """", ""log_model"": false, ""offline"": true, ""prefix"": """", ""project"": ""MAYA_DC"", ""save_dir"": ""/lustre/projects/1001/rdelprete/MAYA_DC/logs/default/multiruns/2026-03-23_16-31-02/lmbda_5_seed_0"", ""tags"": []}}, ""model"": {""_target_"": ""src.models.rcmc_compress_module.RCMCDCmodule"", ""aux_optimizer"": {""_partial_"": true, ""_target_"": ""torch.optim.Adam"", ""lr"": 0.001}, ""azimuth_buffer"": 512, ""compile"": false, ""criterion"": {""_target_"": ""src.models.components.losses.CompoundCompressionLoss"", ""azimuth_buffer"": 512, ""delta_coherence"": 1, ""delta_kde"": 1, ""lmbda"": 5, ""num_kde_bins"": 100, ""patch_size"": [512, 512]}, ""gradient_clip_norm"": 1, ""net"": {""_target_"": ""src.models.components.scale_hyperprior.ScaleHyperprior"", ""activation"": ""gdn"", ""nb_channels_latent"": 256, ""nb_channels_main"": 128, ""nb_input_channels"": 2}, ""net_optimizer"": {""_partial_"": true, ""_target_"": ""torch.optim.Adam"", ""betas"": [0.9, 0.999], ""lr"": 0.0001}, ""scheduler"": {""_partial_"": true, ""_target_"": ""torch.optim.lr_scheduler.ReduceLROnPlateau"", ""factor"": 0.5, ""mode"": ""min"", ""patience"": 5}, ""training_mode"": ""slc""}, ""model/params/non_trainable"": 0, ""model/params/total"": 5626626, ""model/params/trainable"": 5626626, ""patch_size"": [512, 512], ""paths"": {""data_dir"": ""/lustre/projects/1001/rdelprete/MAYA_DC/data/"", ""log_dir"": ""/lustre/projects/1001/rdelprete/MAYA_DC/logs/"", ""output_dir"": ""/lustre/projects/1001/rdelprete/MAYA_DC/logs/default/multiruns/2026-03-23_16-31-02/lmbda_5_seed_0"", ""root_dir"": ""/lustre/projects/1001/rdelprete/MAYA_DC"", ""work_dir"": ""/lustre/home/u10010007""}, ""seed"": 0, ""tags"": [""rcmc_compression"", ""scale_hyperprior"", ""maya4""], ""task_name"": ""default"", ""test"": true, ""train"": true, ""trainer"": {""_target_"": ""lightning.pytorch.trainer.Trainer"", ""accelerator"": ""gpu"", ""check_val_every_n_epoch"": 1, ""default_root_dir"": ""/lustre/projects/1001/rdelprete/MAYA_DC/logs/default/multiruns/2026-03-23_16-31-02/lmbda_5_seed_0"", ""deterministic"": false, ""devices"": 4, ""max_epochs"": 30, ""min_epochs"": 1, ""num_nodes"": 1, ""precision"": ""32-true"", ""strategy"": ""ddp_find_unused_parameters_true"", ""sync_batchnorm"": true}}"
gfays6wj,SHP-gdn_s0_L5_slc_buf512_Compound_lr0.0001_b4_10000p,finished,https://wandb.ai/cedric-leonard/MAYA_DC/runs/gfays6wj,2026-03-25T09:09:23Z,cedric-leonard,MAYA_DC,0.0,5.0,slc,512.0,src.models.components.scale_hyperprior.ScaleHyperprior,ScaleHyperprior,SHyp,gdn,GDN,src.data.maya4_dir_datamodule.MAYA4DirDataModule,MAYA4DirDataModule,MAYA4DirDataModule,src.models.components.losses.CompoundCompressionLoss,Compound,/lustre/projects/1001/rdelprete/MAYA_DC/logs/default/multiruns/2026-03-24_17-14-16_non_square/lmbda_5_seed_0,,True,rcmc_grid_non_square,"[""maya4"", ""rcmc_compression"", ""scale_hyperprior""]",SHyp-GDN | MAYA4DirDataModule | slc | nsk,"{""_runtime"": 3286, ""_step"": 90001, ""_timestamp"": 1774401841.3082469, ""epoch"": 18, ""fixed_patch/reconstruction"": {""_type"": ""image-file"", ""format"": ""png"", ""height"": 600, ""path"": ""media/images/fixed_patch/reconstruction_90000_d5078044eecb41dc94cc.png"", ""sha256"": ""d5078044eecb41dc94ccc0d7b76d82262a0c38e4bcc6b6562f4b42112d815511"", ""size"": 1524960, ""width"": 2000}, ""test/aux"": 2648.32568359375, ""test/coherence"": 0.18476824462413788, ""test/complex_corr_mean"": 0.8152315616607666, ""test/complex_corr_std"": ""NaN"", ""test/distortion"": 0.4135538637638092, ""test/kde"": 0.10201805830001832, ""test/loss"": 2.1289007663726807, ""test/mse"": 0.12676756083965302, ""test/phase_err_mean"": 0.12738852202892303, ""test/phase_err_std"": ""NaN"", ""test/psnr_amp"": 22.06574821472168, ""test/rate"": 0.06113191321492195, ""test/ssim_amp"": 0.11888564378023148, ""train/aux"": 40.799705505371094, ""train/coherence"": 0.13857142627239227, ""train/distortion"": 0.24548813700675964, ""train/grad_norm_g_a"": 7.7649149894714355, ""train/grad_norm_g_s"": 4.733407020568848, ""train/grad_norm_h_a"": 0.008069689385592937, ""train/grad_norm_h_s"": 0.07913976907730103, ""train/kde"": 0.02226443588733673, ""train/loss"": 1.4827531576156616, ""train/lr"": 4.999999873689376e-05, ""train/mse"": 0.08465225994586945, ""train/rate"": 0.25531256198883057, ""trainer/global_step"": 45000, ""val_batch/coherence_loss"": 0.04395651817321777, ""val_batch/correlation_metric_mean"": 0.9560434818267822, ""val_batch/correlation_metric_std"": ""NaN"", ""val_batch/kde_loss"": 0.29399678111076355, ""val_batch/phase_error"": 0.02248448133468628, ""val_batch/psnr_slc"": 19.584922790527344, ""val_batch/reconstructions"": {""_type"": ""image-file"", ""format"": ""png"", ""height"": 1700, ""path"": ""media/images/val_batch/reconstructions_85051_794cd4d12933e395e23b.png"", ""sha256"": ""794cd4d12933e395e23ba590a75693edab2539bc1515323d443340cc2055088c"", ""size"": 1517464, ""width"": 500}, ""val_batch/ssim_slc"": 0.15248116850852966, ""val_batch/x_hat_histogram"": {""_type"": ""histogram""}, ""valid/aux"": 42.439605712890625, ""valid/coherence"": 0.20906691253185272, ""valid/complex_corr_mean"": 0.7909330725669861, ""valid/complex_corr_std"": ""NaN"", ""valid/distortion"": 0.7380754351615906, ""valid/kde"": 0.33162325620651245, ""valid/loss"": 3.746983528137207, ""valid/mse"": 0.19738498330116272, ""valid/phase_err_mean"": 0.14023081958293915, ""valid/phase_err_std"": ""NaN"", ""valid/psnr_amp"": 25.31670188903809, ""valid/rate"": 0.05660805106163025, ""valid/rd_scatter_table"": {""_latest_artifact_path"": ""wandb-client-artifact://30umef97wozzwc6lcfvx8dtl5bms4ix9myugnpgt3avg4aq64r14gstfvt8erpilstvuhp2jqpgc21q1akrq2mnbgax59ujf4e5itr0d2vxbuml6lcb7s0qnrhvft8no:latest/valid/rd_scatter_table.table.json"", ""_type"": ""table-file"", ""artifact_path"": ""wandb-client-artifact://hdj65fbbje2ekrohvtaf5fi50eq6y4oekhjrftu1p35wu5fiwy35jjfwzd2s1ulny1d3ubfab72q76x0y1vfy52nit4t5qocpqisckfehfmcaiu1ov46tughibet0itk/valid/rd_scatter_table.table.json"", ""log_mode"": ""IMMUTABLE"", ""ncols"": 3, ""nrows"": 19, ""path"": ""media/table/valid/rd_scatter_table_90000_d1891b44bedd60187e65.table.json"", ""sha256"": ""d1891b44bedd60187e658d421b672226b45fa4ae5aaa0d34eeb630aba3dc0413"", ""size"": 936}, ""valid/ssim_amp"": 0.11628706008195876}","{""azimuth_buffer"": 512, ""callbacks"": {""early_stopping"": {""_target_"": ""lightning.pytorch.callbacks.EarlyStopping"", ""check_finite"": true, ""check_on_train_epoch_end"": false, ""divergence_threshold"": null, ""min_delta"": 0, ""mode"": ""min"", ""monitor"": ""valid/loss"", ""patience"": 10, ""stopping_threshold"": null, ""strict"": true, ""verbose"": false}, ""model_checkpoint"": {""_target_"": ""lightning.pytorch.callbacks.ModelCheckpoint"", ""auto_insert_metric_name"": false, ""dirpath"": ""/lustre/projects/1001/rdelprete/MAYA_DC/logs/default/multiruns/2026-03-24_17-14-16_non_square/lmbda_5_seed_0/checkpoints"", ""every_n_epochs"": null, ""every_n_train_steps"": null, ""filename"": ""epoch_{epoch:03d}_loss_{valid/loss:.4f}"", ""mode"": ""min"", ""monitor"": ""valid/loss"", ""save_last"": true, ""save_on_train_epoch_end"": null, ""save_top_k"": 1, ""save_weights_only"": false, ""train_time_interval"": null, ""verbose"": false}, ""model_summary"": {""_target_"": ""lightning.pytorch.callbacks.RichModelSummary"", ""max_depth"": 2}, ""monitor_fix_patch"": {""verbose"": true}, ""monitor_fixed_patch"": {""_target_"": ""src.callbacks.monitor_fixed_patch.MonitorFixedPatch"", ""clip_factor"": 3, ""log_every_n_epochs"": 1, ""patch_json"": ""data/fixed_patches/s1c-s6-raw-s-vv-20250422t061414-20250422t061446-002002-0040d4.json"", ""verbose"": false}, ""monitor_val_recon"": {""_target_"": ""src.callbacks.monitor_val_reconstruction.MonitorValReconstruction"", ""clip_factor"": 3, ""log_every_n_epochs"": 1, ""num_images"": 3, ""verbose"": true}, ""rich_progress_bar"": {""_target_"": ""lightning.pytorch.callbacks.RichProgressBar""}, ""wandb_osh"": {""_target_"": ""wandb_osh.lightning_hooks.TriggerWandbSyncLightningCallback""}}, ""ckpt_path"": null, ""data"": {""_target_"": ""src.data.maya4_dir_datamodule.MAYA4DirDataModule"", ""azimuth_buffer"": 512, ""batch_size"": 4, ""max_products_test"": 2, ""max_products_train"": 10, ""max_products_val"": 2, ""num_workers"": 4, ""online"": false, ""patch_size"": [512, 512], ""pin_memory"": true, ""samples_per_prod"": 1000, ""test_dir"": ""/lustre/projects/1001/rdelprete/SSM/data/ssm_dataset/focused/PT3"", ""train_dir"": ""/lustre/projects/1001/rdelprete/SSM/data/ssm_dataset/focused/PT1"", ""val_dir"": ""/lustre/projects/1001/rdelprete/SSM/data/ssm_dataset/focused/PT2""}, ""determinism"": true, ""experiment_name"": ""rcmc_compress_baseline"", ""extras"": {""enforce_tags"": true, ""ignore_warnings"": false, ""print_config"": true}, ""lambda"": 5, ""logger"": {""wandb"": {""_target_"": ""lightning.pytorch.loggers.wandb.WandbLogger"", ""anonymous"": null, ""entity"": ""cedric-leonard"", ""group"": ""rcmc_grid_non_square"", ""id"": null, ""job_type"": """", ""log_model"": false, ""offline"": true, ""prefix"": """", ""project"": ""MAYA_DC"", ""save_dir"": ""/lustre/projects/1001/rdelprete/MAYA_DC/logs/default/multiruns/2026-03-24_17-14-16_non_square/lmbda_5_seed_0"", ""tags"": []}}, ""model"": {""_target_"": ""src.models.rcmc_compress_module.RCMCDCmodule"", ""aux_optimizer"": {""_partial_"": true, ""_target_"": ""torch.optim.Adam"", ""lr"": 0.001}, ""azimuth_buffer"": 512, ""compile"": false, ""criterion"": {""_target_"": ""src.models.components.losses.CompoundCompressionLoss"", ""azimuth_buffer"": 512, ""delta_coherence"": 1, ""delta_kde"": 1, ""lmbda"": 5, ""num_kde_bins"": 100, ""patch_size"": [512, 512]}, ""gradient_clip_norm"": 1, ""net"": {""_target_"": ""src.models.components.scale_hyperprior.ScaleHyperprior"", ""activation"": ""gdn"", ""nb_channels_latent"": 256, ""nb_channels_main"": 128, ""nb_input_channels"": 2, ""non_square_kernels"": true}, ""net_optimizer"": {""_partial_"": true, ""_target_"": ""torch.optim.Adam"", ""betas"": [0.9, 0.999], ""lr"": 0.0001}, ""scheduler"": {""_partial_"": true, ""_target_"": ""torch.optim.lr_scheduler.ReduceLROnPlateau"", ""factor"": 0.5, ""mode"": ""min"", ""patience"": 5}, ""training_mode"": ""slc""}, ""model/params/non_trainable"": 0, ""model/params/total"": 16662274, ""model/params/trainable"": 16662274, ""patch_size"": [512, 512], ""paths"": {""data_dir"": ""/lustre/projects/1001/rdelprete/MAYA_DC/data/"", ""log_dir"": ""/lustre/projects/1001/rdelprete/MAYA_DC/logs/"", ""output_dir"": ""/lustre/projects/1001/rdelprete/MAYA_DC/logs/default/multiruns/2026-03-24_17-14-16_non_square/lmbda_5_seed_0"", ""root_dir"": ""/lustre/projects/1001/rdelprete/MAYA_DC"", ""work_dir"": ""/lustre/home/u10010007""}, ""seed"": 0, ""tags"": [""rcmc_compression"", ""scale_hyperprior"", ""maya4""], ""task_name"": ""default"", ""test"": true, ""train"": true, ""trainer"": {""_target_"": ""lightning.pytorch.trainer.Trainer"", ""accelerator"": ""gpu"", ""check_val_every_n_epoch"": 1, ""default_root_dir"": ""/lustre/projects/1001/rdelprete/MAYA_DC/logs/default/multiruns/2026-03-24_17-14-16_non_square/lmbda_5_seed_0"", ""deterministic"": false, ""devices"": 4, ""max_epochs"": 30, ""min_epochs"": 1, ""num_nodes"": 1, ""precision"": ""32-true"", ""strategy"": ""ddp_find_unused_parameters_true"", ""sync_batchnorm"": true}}"
b8pdi486,SHP-gdn_s1_L5_slc_buf512_Compound_lr0.0001_b4_10000p,finished,https://wandb.ai/cedric-leonard/MAYA_DC/runs/b8pdi486,2026-03-23T15:55:53Z,cedric-leonard,MAYA_DC,1.0,5.0,slc,512.0,src.models.components.scale_hyperprior.ScaleHyperprior,ScaleHyperprior,SHyp,gdn,GDN,src.data.maya4_dir_datamodule.MAYA4DirDataModule,MAYA4DirDataModule,MAYA4DirDataModule,src.models.components.losses.CompoundCompressionLoss,Compound,/lustre/projects/1001/rdelprete/MAYA_DC/logs/default/multiruns/2026-03-23_16-31-02/lmbda_5_seed_1,,False,rcmc_grid,"[""maya4"", ""rcmc_compression"", ""scale_hyperprior""]",SHyp-GDN | MAYA4DirDataModule | slc | sq,"{""_runtime"": 3150, ""_step"": 95001, ""_timestamp"": 1774284188.554025, ""epoch"": 19, ""fixed_patch/reconstruction"": {""_type"": ""image-file"", ""format"": ""png"", ""height"": 600, ""path"": ""media/images/fixed_patch/reconstruction_95000_8bf461b577228a18fb3f.png"", ""sha256"": ""8bf461b577228a18fb3f5876a77cd3e383b789fb3aea05735f63f7d98e13e79b"", ""size"": 1569210, ""width"": 2000}, ""test/aux"": 8.069045066833496, ""test/coherence"": 0.1912696808576584, ""test/complex_corr_mean"": 0.8087303638458252, ""test/complex_corr_std"": ""NaN"", ""test/distortion"": 0.4114862084388733, ""test/kde"": 0.0881919264793396, ""test/loss"": 2.1116645336151123, ""test/mse"": 0.13202467560768127, ""test/phase_err_mean"": 0.13286474347114563, ""test/phase_err_std"": ""NaN"", ""test/psnr_amp"": 21.947895050048828, ""test/rate"": 0.05423366650938988, ""test/ssim_amp"": 0.11252976953983308, ""train/aux"": 28.672578811645508, ""train/coherence"": 0.23412124812602997, ""train/distortion"": 0.5462204217910767, ""train/grad_norm_g_a"": 3.3921656608581543, ""train/grad_norm_g_s"": 3.247299909591675, ""train/grad_norm_h_a"": 0.03833865001797676, ""train/grad_norm_h_s"": 0.015003741718828678, ""train/kde"": 0.04171140491962433, ""train/loss"": 3.132765769958496, ""train/lr"": 4.999999873689376e-05, ""train/mse"": 0.27038779854774475, ""train/rate"": 0.4016635417938232, ""trainer/global_step"": 47500, ""val_batch/coherence_loss"": 0.04480260610580444, ""val_batch/correlation_metric_mean"": 0.9551975131034852, ""val_batch/correlation_metric_std"": ""NaN"", ""val_batch/kde_loss"": 0.33371177315711975, ""val_batch/phase_error"": 0.024458348751068115, ""val_batch/psnr_slc"": 19.736141204833984, ""val_batch/reconstructions"": {""_type"": ""image-file"", ""format"": ""png"", ""height"": 1700, ""path"": ""media/images/val_batch/reconstructions_90051_f8fe267500125995c20e.png"", ""sha256"": ""f8fe267500125995c20e122d2b152e0bf65ba96e3a2bb89053d0ace13e7a35e9"", ""size"": 1481932, ""width"": 500}, ""val_batch/ssim_slc"": 0.16601358354091644, ""val_batch/x_hat_histogram"": {""_type"": ""histogram""}, ""valid/aux"": 28.289342880249023, ""valid/coherence"": 0.19250652194023132, ""valid/complex_corr_mean"": 0.8074934482574463, ""valid/complex_corr_std"": ""NaN"", ""valid/distortion"": 0.7368937134742737, ""valid/kde"": 0.36216533184051514, ""valid/loss"": 3.801556348800659, ""valid/mse"": 0.1822218894958496, ""valid/phase_err_mean"": 0.13354389369487762, ""valid/phase_err_std"": ""NaN"", ""valid/psnr_amp"": 25.625112533569336, ""valid/rate"": 0.117088682949543, ""valid/rd_scatter_table"": {""_latest_artifact_path"": ""wandb-client-artifact://9ipvds04szxu65lrnl0j4ezjaskmmzgkmxvvoq7ia5pxexbyg7l0y17qzw48ekq4wtz8ml0cxdmf88v5s5mqt82rvumiv5uj2ajq7zi2yp76rfvnv6ff8riggmxj41ei:latest/valid/rd_scatter_table.table.json"", ""_type"": ""table-file"", ""artifact_path"": ""wandb-client-artifact://bdy0inl9akbpt08eg57a5hiwq0dcmt1y7roluzdlylmc511siqj3alxwn1hctlugq27je634fv6ktm607awvrb2c91sexm49ruktuac5w14y82wme7h9kpfbugrq36rk/valid/rd_scatter_table.table.json"", ""log_mode"": ""IMMUTABLE"", ""ncols"": 3, ""nrows"": 20, ""path"": ""media/table/valid/rd_scatter_table_95000_d1f0ea2befae370ef51d.table.json"", ""sha256"": ""d1f0ea2befae370ef51d73c3851d3d10d5fa207af8555e27cbcb07c4dc8c32c3"", ""size"": 980}, ""valid/ssim_amp"": 0.14701858162879944}","{""azimuth_buffer"": 512, ""callbacks"": {""early_stopping"": {""_target_"": ""lightning.pytorch.callbacks.EarlyStopping"", ""check_finite"": true, ""check_on_train_epoch_end"": false, ""divergence_threshold"": null, ""min_delta"": 0, ""mode"": ""min"", ""monitor"": ""valid/loss"", ""patience"": 10, ""stopping_threshold"": null, ""strict"": true, ""verbose"": false}, ""model_checkpoint"": {""_target_"": ""lightning.pytorch.callbacks.ModelCheckpoint"", ""auto_insert_metric_name"": false, ""dirpath"": ""/lustre/projects/1001/rdelprete/MAYA_DC/logs/default/multiruns/2026-03-23_16-31-02/lmbda_5_seed_1/checkpoints"", ""every_n_epochs"": null, ""every_n_train_steps"": null, ""filename"": ""epoch_{epoch:03d}_loss_{valid/loss:.4f}"", ""mode"": ""min"", ""monitor"": ""valid/loss"", ""save_last"": true, ""save_on_train_epoch_end"": null, ""save_top_k"": 1, ""save_weights_only"": false, ""train_time_interval"": null, ""verbose"": false}, ""model_summary"": {""_target_"": ""lightning.pytorch.callbacks.RichModelSummary"", ""max_depth"": 2}, ""monitor_fix_patch"": {""verbose"": true}, ""monitor_fixed_patch"": {""_target_"": ""src.callbacks.monitor_fixed_patch.MonitorFixedPatch"", ""clip_factor"": 3, ""log_every_n_epochs"": 1, ""patch_json"": ""data/fixed_patches/s1c-s6-raw-s-vv-20250422t061414-20250422t061446-002002-0040d4.json"", ""verbose"": false}, ""monitor_val_recon"": {""_target_"": ""src.callbacks.monitor_val_reconstruction.MonitorValReconstruction"", ""clip_factor"": 3, ""log_every_n_epochs"": 1, ""num_images"": 3, ""verbose"": true}, ""rich_progress_bar"": {""_target_"": ""lightning.pytorch.callbacks.RichProgressBar""}, ""wandb_osh"": {""_target_"": ""wandb_osh.lightning_hooks.TriggerWandbSyncLightningCallback""}}, ""ckpt_path"": null, ""data"": {""_target_"": ""src.data.maya4_dir_datamodule.MAYA4DirDataModule"", ""azimuth_buffer"": 512, ""batch_size"": 4, ""max_products_test"": 2, ""max_products_train"": 10, ""max_products_val"": 2, ""num_workers"": 4, ""online"": false, ""patch_size"": [512, 512], ""pin_memory"": true, ""samples_per_prod"": 1000, ""test_dir"": ""/lustre/projects/1001/rdelprete/SSM/data/ssm_dataset/focused/PT3"", ""train_dir"": ""/lustre/projects/1001/rdelprete/SSM/data/ssm_dataset/focused/PT1"", ""val_dir"": ""/lustre/projects/1001/rdelprete/SSM/data/ssm_dataset/focused/PT2""}, ""determinism"": true, ""experiment_name"": ""rcmc_compress_baseline"", ""extras"": {""enforce_tags"": true, ""ignore_warnings"": false, ""print_config"": true}, ""lambda"": 5, ""logger"": {""wandb"": {""_target_"": ""lightning.pytorch.loggers.wandb.WandbLogger"", ""anonymous"": null, ""entity"": ""cedric-leonard"", ""group"": ""rcmc_grid"", ""id"": null, ""job_type"": """", ""log_model"": false, ""offline"": true, ""prefix"": """", ""project"": ""MAYA_DC"", ""save_dir"": ""/lustre/projects/1001/rdelprete/MAYA_DC/logs/default/multiruns/2026-03-23_16-31-02/lmbda_5_seed_1"", ""tags"": []}}, ""model"": {""_target_"": ""src.models.rcmc_compress_module.RCMCDCmodule"", ""aux_optimizer"": {""_partial_"": true, ""_target_"": ""torch.optim.Adam"", ""lr"": 0.001}, ""azimuth_buffer"": 512, ""compile"": false, ""criterion"": {""_target_"": ""src.models.components.losses.CompoundCompressionLoss"", ""azimuth_buffer"": 512, ""delta_coherence"": 1, ""delta_kde"": 1, ""lmbda"": 5, ""num_kde_bins"": 100, ""patch_size"": [512, 512]}, ""gradient_clip_norm"": 1, ""net"": {""_target_"": ""src.models.components.scale_hyperprior.ScaleHyperprior"", ""activation"": ""gdn"", ""nb_channels_latent"": 256, ""nb_channels_main"": 128, ""nb_input_channels"": 2}, ""net_optimizer"": {""_partial_"": true, ""_target_"": ""torch.optim.Adam"", ""betas"": [0.9, 0.999], ""lr"": 0.0001}, ""scheduler"": {""_partial_"": true, ""_target_"": ""torch.optim.lr_scheduler.ReduceLROnPlateau"", ""factor"": 0.5, ""mode"": ""min"", ""patience"": 5}, ""training_mode"": ""slc""}, ""model/params/non_trainable"": 0, ""model/params/total"": 5626626, ""model/params/trainable"": 5626626, ""patch_size"": [512, 512], ""paths"": {""data_dir"": ""/lustre/projects/1001/rdelprete/MAYA_DC/data/"", ""log_dir"": ""/lustre/projects/1001/rdelprete/MAYA_DC/logs/"", ""output_dir"": ""/lustre/projects/1001/rdelprete/MAYA_DC/logs/default/multiruns/2026-03-23_16-31-02/lmbda_5_seed_1"", ""root_dir"": ""/lustre/projects/1001/rdelprete/MAYA_DC"", ""work_dir"": ""/lustre/home/u10010007""}, ""seed"": 1, ""tags"": [""rcmc_compression"", ""scale_hyperprior"", ""maya4""], ""task_name"": ""default"", ""test"": true, ""train"": true, ""trainer"": {""_target_"": ""lightning.pytorch.trainer.Trainer"", ""accelerator"": ""gpu"", ""check_val_every_n_epoch"": 1, ""default_root_dir"": ""/lustre/projects/1001/rdelprete/MAYA_DC/logs/default/multiruns/2026-03-23_16-31-02/lmbda_5_seed_1"", ""deterministic"": false, ""devices"": 4, ""max_epochs"": 30, ""min_epochs"": 1, ""num_nodes"": 1, ""precision"": ""32-true"", ""strategy"": ""ddp_find_unused_parameters_true"", ""sync_batchnorm"": true}}"
shqwhk2r,SHP-gdn_s1_L5_slc_buf512_Compound_lr0.0001_b4_10000p,finished,https://wandb.ai/cedric-leonard/MAYA_DC/runs/shqwhk2r,2026-03-25T09:20:24Z,cedric-leonard,MAYA_DC,1.0,5.0,slc,512.0,src.models.components.scale_hyperprior.ScaleHyperprior,ScaleHyperprior,SHyp,gdn,GDN,src.data.maya4_dir_datamodule.MAYA4DirDataModule,MAYA4DirDataModule,MAYA4DirDataModule,src.models.components.losses.CompoundCompressionLoss,Compound,/lustre/projects/1001/rdelprete/MAYA_DC/logs/default/multiruns/2026-03-24_17-14-16_non_square/lmbda_5_seed_1,,True,rcmc_grid_non_square,"[""maya4"", ""rcmc_compression"", ""scale_hyperprior""]",SHyp-GDN | MAYA4DirDataModule | slc | nsk,"{""_runtime"": 3449, ""_step"": 95001, ""_timestamp"": 1774403807.9980574, ""epoch"": 19, ""fixed_patch/reconstruction"": {""_type"": ""image-file"", ""format"": ""png"", ""height"": 600, ""path"": ""media/images/fixed_patch/reconstruction_95000_a41d431b22d434569f5b.png"", ""sha256"": ""a41d431b22d434569f5bdc100bd53b32ded789b7251ee10d5e529e47c7e84949"", ""size"": 1499178, ""width"": 2000}, ""test/aux"": 9.839155197143556, ""test/coherence"": 0.18488705158233645, ""test/complex_corr_mean"": 0.8151128888130188, ""test/complex_corr_std"": ""NaN"", ""test/distortion"": 0.413776159286499, ""test/kde"": 0.10207571089267732, ""test/loss"": 2.1266467571258545, ""test/mse"": 0.1268133670091629, ""test/phase_err_mean"": 0.12749476730823517, ""test/phase_err_std"": ""NaN"", ""test/psnr_amp"": 22.0408992767334, ""test/rate"": 0.05776556953787803, ""test/ssim_amp"": 0.11785482615232468, ""train/aux"": 35.20213317871094, ""train/coherence"": 0.25676602125167847, ""train/distortion"": 0.593248188495636, ""train/grad_norm_g_a"": 3.7170820236206055, ""train/grad_norm_g_s"": 3.8847076892852783, ""train/grad_norm_h_a"": 0.06762393563985825, ""train/grad_norm_h_s"": 0.05016171932220459, ""train/kde"": 0.04541972652077675, ""train/loss"": 3.2817134857177734, ""train/lr"": 4.999999873689376e-05, ""train/mse"": 0.2910624146461487, ""train/rate"": 0.31547245383262634, ""trainer/global_step"": 47500, ""val_batch/coherence_loss"": 0.042490601539611816, ""val_batch/correlation_metric_mean"": 0.9575095176696776, ""val_batch/correlation_metric_std"": ""NaN"", ""val_batch/kde_loss"": 0.3818165063858032, ""val_batch/phase_error"": 0.02253180742263794, ""val_batch/psnr_slc"": 19.79821014404297, ""val_batch/reconstructions"": {""_type"": ""image-file"", ""format"": ""png"", ""height"": 1700, ""path"": ""media/images/val_batch/reconstructions_90051_b73a5a6e1ee7ca51d3b4.png"", ""sha256"": ""b73a5a6e1ee7ca51d3b48042b09945ec1c4152bbcb86f27addbc2d150e464d51"", ""size"": 1510837, ""width"": 500}, ""val_batch/ssim_slc"": 0.16489414870738983, ""val_batch/x_hat_histogram"": {""_type"": ""histogram""}, ""valid/aux"": 34.207027435302734, ""valid/coherence"": 0.20225167274475095, ""valid/complex_corr_mean"": 0.7977482676506042, ""valid/complex_corr_std"": ""NaN"", ""valid/distortion"": 0.8204801082611084, ""valid/kde"": 0.4266807436943054, ""valid/loss"": 4.157024383544922, ""valid/mse"": 0.1915476620197296, ""valid/phase_err_mean"": 0.135038822889328, ""valid/phase_err_std"": ""NaN"", ""valid/psnr_amp"": 25.48147773742676, ""valid/rate"": 0.054623041301965714, ""valid/rd_scatter_table"": {""_latest_artifact_path"": ""wandb-client-artifact://runweuyf9giu6150tbbk4zmag7mb8xsw08ocafuxajekoo3fkaae9uo1o78gi6ekcdn8vm0lrg997jm2l02pvr7xeje7vf5jqlw3sn8lpy84n2vjqc47yl5fm5512iuq:latest/valid/rd_scatter_table.table.json"", ""_type"": ""table-file"", ""artifact_path"": ""wandb-client-artifact://2wkfcy93jc0szhonofssjyerci6ajytmmr93pviipr97x7mfkotztfzyb0j9jdsh3zryci7k27bse62v9jzrlkek90vjvn92c3rv804yx2gtdsjg4zc5m0ghx490ekq3/valid/rd_scatter_table.table.json"", ""log_mode"": ""IMMUTABLE"", ""ncols"": 3, ""nrows"": 20, ""path"": ""media/table/valid/rd_scatter_table_95000_bb5abb4f68b4fcca52e3.table.json"", ""sha256"": ""bb5abb4f68b4fcca52e36e2f0b41f2a7c5fad63b9a3203779c770f31f3cea5f3"", ""size"": 983}, ""valid/ssim_amp"": 0.11686965078115465}","{""azimuth_buffer"": 512, ""callbacks"": {""early_stopping"": {""_target_"": ""lightning.pytorch.callbacks.EarlyStopping"", ""check_finite"": true, ""check_on_train_epoch_end"": false, ""divergence_threshold"": null, ""min_delta"": 0, ""mode"": ""min"", ""monitor"": ""valid/loss"", ""patience"": 10, ""stopping_threshold"": null, ""strict"": true, ""verbose"": false}, ""model_checkpoint"": {""_target_"": ""lightning.pytorch.callbacks.ModelCheckpoint"", ""auto_insert_metric_name"": false, ""dirpath"": ""/lustre/projects/1001/rdelprete/MAYA_DC/logs/default/multiruns/2026-03-24_17-14-16_non_square/lmbda_5_seed_1/checkpoints"", ""every_n_epochs"": null, ""every_n_train_steps"": null, ""filename"": ""epoch_{epoch:03d}_loss_{valid/loss:.4f}"", ""mode"": ""min"", ""monitor"": ""valid/loss"", ""save_last"": true, ""save_on_train_epoch_end"": null, ""save_top_k"": 1, ""save_weights_only"": false, ""train_time_interval"": null, ""verbose"": false}, ""model_summary"": {""_target_"": ""lightning.pytorch.callbacks.RichModelSummary"", ""max_depth"": 2}, ""monitor_fix_patch"": {""verbose"": true}, ""monitor_fixed_patch"": {""_target_"": ""src.callbacks.monitor_fixed_patch.MonitorFixedPatch"", ""clip_factor"": 3, ""log_every_n_epochs"": 1, ""patch_json"": ""data/fixed_patches/s1c-s6-raw-s-vv-20250422t061414-20250422t061446-002002-0040d4.json"", ""verbose"": false}, ""monitor_val_recon"": {""_target_"": ""src.callbacks.monitor_val_reconstruction.MonitorValReconstruction"", ""clip_factor"": 3, ""log_every_n_epochs"": 1, ""num_images"": 3, ""verbose"": true}, ""rich_progress_bar"": {""_target_"": ""lightning.pytorch.callbacks.RichProgressBar""}, ""wandb_osh"": {""_target_"": ""wandb_osh.lightning_hooks.TriggerWandbSyncLightningCallback""}}, ""ckpt_path"": null, ""data"": {""_target_"": ""src.data.maya4_dir_datamodule.MAYA4DirDataModule"", ""azimuth_buffer"": 512, ""batch_size"": 4, ""max_products_test"": 2, ""max_products_train"": 10, ""max_products_val"": 2, ""num_workers"": 4, ""online"": false, ""patch_size"": [512, 512], ""pin_memory"": true, ""samples_per_prod"": 1000, ""test_dir"": ""/lustre/projects/1001/rdelprete/SSM/data/ssm_dataset/focused/PT3"", ""train_dir"": ""/lustre/projects/1001/rdelprete/SSM/data/ssm_dataset/focused/PT1"", ""val_dir"": ""/lustre/projects/1001/rdelprete/SSM/data/ssm_dataset/focused/PT2""}, ""determinism"": true, ""experiment_name"": ""rcmc_compress_baseline"", ""extras"": {""enforce_tags"": true, ""ignore_warnings"": false, ""print_config"": true}, ""lambda"": 5, ""logger"": {""wandb"": {""_target_"": ""lightning.pytorch.loggers.wandb.WandbLogger"", ""anonymous"": null, ""entity"": ""cedric-leonard"", ""group"": ""rcmc_grid_non_square"", ""id"": null, ""job_type"": """", ""log_model"": false, ""offline"": true, ""prefix"": """", ""project"": ""MAYA_DC"", ""save_dir"": ""/lustre/projects/1001/rdelprete/MAYA_DC/logs/default/multiruns/2026-03-24_17-14-16_non_square/lmbda_5_seed_1"", ""tags"": []}}, ""model"": {""_target_"": ""src.models.rcmc_compress_module.RCMCDCmodule"", ""aux_optimizer"": {""_partial_"": true, ""_target_"": ""torch.optim.Adam"", ""lr"": 0.001}, ""azimuth_buffer"": 512, ""compile"": false, ""criterion"": {""_target_"": ""src.models.components.losses.CompoundCompressionLoss"", ""azimuth_buffer"": 512, ""delta_coherence"": 1, ""delta_kde"": 1, ""lmbda"": 5, ""num_kde_bins"": 100, ""patch_size"": [512, 512]}, ""gradient_clip_norm"": 1, ""net"": {""_target_"": ""src.models.components.scale_hyperprior.ScaleHyperprior"", ""activation"": ""gdn"", ""nb_channels_latent"": 256, ""nb_channels_main"": 128, ""nb_input_channels"": 2, ""non_square_kernels"": true}, ""net_optimizer"": {""_partial_"": true, ""_target_"": ""torch.optim.Adam"", ""betas"": [0.9, 0.999], ""lr"": 0.0001}, ""scheduler"": {""_partial_"": true, ""_target_"": ""torch.optim.lr_scheduler.ReduceLROnPlateau"", ""factor"": 0.5, ""mode"": ""min"", ""patience"": 5}, ""training_mode"": ""slc""}, ""model/params/non_trainable"": 0, ""model/params/total"": 16662274, ""model/params/trainable"": 16662274, ""patch_size"": [512, 512], ""paths"": {""data_dir"": ""/lustre/projects/1001/rdelprete/MAYA_DC/data/"", ""log_dir"": ""/lustre/projects/1001/rdelprete/MAYA_DC/logs/"", ""output_dir"": ""/lustre/projects/1001/rdelprete/MAYA_DC/logs/default/multiruns/2026-03-24_17-14-16_non_square/lmbda_5_seed_1"", ""root_dir"": ""/lustre/projects/1001/rdelprete/MAYA_DC"", ""work_dir"": ""/lustre/home/u10010007""}, ""seed"": 1, ""tags"": [""rcmc_compression"", ""scale_hyperprior"", ""maya4""], ""task_name"": ""default"", ""test"": true, ""train"": true, ""trainer"": {""_target_"": ""lightning.pytorch.trainer.Trainer"", ""accelerator"": ""gpu"", ""check_val_every_n_epoch"": 1, ""default_root_dir"": ""/lustre/projects/1001/rdelprete/MAYA_DC/logs/default/multiruns/2026-03-24_17-14-16_non_square/lmbda_5_seed_1"", ""deterministic"": false, ""devices"": 4, ""max_epochs"": 30, ""min_epochs"": 1, ""num_nodes"": 1, ""precision"": ""32-true"", ""strategy"": ""ddp_find_unused_parameters_true"", ""sync_batchnorm"": true}}"
gmlhy1m2,SHP-gdn_s2_L5_slc_buf512_Compound_lr0.0001_b4_10000p,finished,https://wandb.ai/cedric-leonard/MAYA_DC/runs/gmlhy1m2,2026-03-23T16:11:06Z,cedric-leonard,MAYA_DC,2.0,5.0,slc,512.0,src.models.components.scale_hyperprior.ScaleHyperprior,ScaleHyperprior,SHyp,gdn,GDN,src.data.maya4_dir_datamodule.MAYA4DirDataModule,MAYA4DirDataModule,MAYA4DirDataModule,src.models.components.losses.CompoundCompressionLoss,Compound,/lustre/projects/1001/rdelprete/MAYA_DC/logs/default/multiruns/2026-03-23_16-31-02/lmbda_5_seed_2,,False,rcmc_grid,"[""maya4"", ""rcmc_compression"", ""scale_hyperprior""]",SHyp-GDN | MAYA4DirDataModule | slc | sq,"{""_runtime"": 3414, ""_step"": 105001, ""_timestamp"": 1774285393.5399938, ""epoch"": 21, ""fixed_patch/reconstruction"": {""_type"": ""image-file"", ""format"": ""png"", ""height"": 600, ""path"": ""media/images/fixed_patch/reconstruction_105000_0447af95c6e026b2df9c.png"", ""sha256"": ""0447af95c6e026b2df9ce90062649cb27afbcbb2d9fd0bb3d1e05035726b41c2"", ""size"": 1606251, ""width"": 2000}, ""test/aux"": 15.901365280151367, ""test/coherence"": 0.18993136286735535, ""test/complex_corr_mean"": 0.8100686073303223, ""test/complex_corr_std"": ""NaN"", ""test/distortion"": 0.37981751561164856, ""test/kde"": 0.05777756497263909, ""test/loss"": 1.9778960943222048, ""test/mse"": 0.13210858404636383, ""test/phase_err_mean"": 0.13437961041927338, ""test/phase_err_std"": ""NaN"", ""test/psnr_amp"": 21.975078582763672, ""test/rate"": 0.07880853116512299, ""test/ssim_amp"": 0.1386556774377823, ""train/aux"": 38.14082717895508, ""train/coherence"": 0.23560170829296112, ""train/distortion"": 0.5725051760673523, ""train/grad_norm_g_a"": 1.3043091297149658, ""train/grad_norm_g_s"": 1.5006835460662842, ""train/grad_norm_h_a"": 0.04460471123456955, ""train/grad_norm_h_s"": 0.027998054400086403, ""train/kde"": 0.04200266674160957, ""train/loss"": 3.2008376121520996, ""train/lr"": 4.999999873689376e-05, ""train/mse"": 0.2949008047580719, ""train/rate"": 0.3383117914199829, ""trainer/global_step"": 52500, ""val_batch/coherence_loss"": 0.04519617557525635, ""val_batch/correlation_metric_mean"": 0.9548039436340332, ""val_batch/correlation_metric_std"": ""NaN"", ""val_batch/kde_loss"": 0.32188501954078674, ""val_batch/phase_error"": 0.024586975574493408, ""val_batch/psnr_slc"": 19.697528839111328, ""val_batch/reconstructions"": {""_type"": ""image-file"", ""format"": ""png"", ""height"": 1700, ""path"": ""media/images/val_batch/reconstructions_100051_0ec22862beac732164c1.png"", ""sha256"": ""0ec22862beac732164c12affcfb2bf4119d20c7ffc4e0882c30a9ff24d1afafd"", ""size"": 1480864, ""width"": 500}, ""val_batch/ssim_slc"": 0.16459842026233673, ""val_batch/x_hat_histogram"": {""_type"": ""histogram""}, ""valid/aux"": 35.549720764160156, ""valid/coherence"": 0.20056483149528503, ""valid/complex_corr_mean"": 0.7994353771209717, ""valid/complex_corr_std"": ""NaN"", ""valid/distortion"": 0.7456290125846863, ""valid/kde"": 0.3552081286907196, ""valid/loss"": 3.817136526107788, ""valid/mse"": 0.18985576927661896, ""valid/phase_err_mean"": 0.13685645163059235, ""valid/phase_err_std"": ""NaN"", ""valid/psnr_amp"": 25.53778648376465, ""valid/rate"": 0.08899321407079697, ""valid/rd_scatter_table"": {""_latest_artifact_path"": ""wandb-client-artifact://59l6jl3i7xpo3in5uj9rtpfw9fb8r7wvi6g0gfzjzxusly559lnpjh578e3q2chnm7ainewm547fwmredj0c66rzvwwldx2q1szo0q0xdwhmx4g45pzr71e5fpb2diho:latest/valid/rd_scatter_table.table.json"", ""_type"": ""table-file"", ""artifact_path"": ""wandb-client-artifact://n8ujezkcr5nq00mwtx69npig6zo2v64c7onktwhmuikzkto4il4hlem7f8n7h23s1xlbk4s751ubaj9n3eze3mydw9ltfokg34y7uxxlazfz0p9jsf0szl9sbmfsw72u/valid/rd_scatter_table.table.json"", ""log_mode"": ""IMMUTABLE"", ""ncols"": 3, ""nrows"": 22, ""path"": ""media/table/valid/rd_scatter_table_105000_565126b6b363f47486d6.table.json"", ""sha256"": ""565126b6b363f47486d624cd34573f5dadc0a93839883cd4d4dc30f0a61fc317"", ""size"": 1074}, ""valid/ssim_amp"": 0.14242608845233917}","{""azimuth_buffer"": 512, ""callbacks"": {""early_stopping"": {""_target_"": ""lightning.pytorch.callbacks.EarlyStopping"", ""check_finite"": true, ""check_on_train_epoch_end"": false, ""divergence_threshold"": null, ""min_delta"": 0, ""mode"": ""min"", ""monitor"": ""valid/loss"", ""patience"": 10, ""stopping_threshold"": null, ""strict"": true, ""verbose"": false}, ""model_checkpoint"": {""_target_"": ""lightning.pytorch.callbacks.ModelCheckpoint"", ""auto_insert_metric_name"": false, ""dirpath"": ""/lustre/projects/1001/rdelprete/MAYA_DC/logs/default/multiruns/2026-03-23_16-31-02/lmbda_5_seed_2/checkpoints"", ""every_n_epochs"": null, ""every_n_train_steps"": null, ""filename"": ""epoch_{epoch:03d}_loss_{valid/loss:.4f}"", ""mode"": ""min"", ""monitor"": ""valid/loss"", ""save_last"": true, ""save_on_train_epoch_end"": null, ""save_top_k"": 1, ""save_weights_only"": false, ""train_time_interval"": null, ""verbose"": false}, ""model_summary"": {""_target_"": ""lightning.pytorch.callbacks.RichModelSummary"", ""max_depth"": 2}, ""monitor_fix_patch"": {""verbose"": true}, ""monitor_fixed_patch"": {""_target_"": ""src.callbacks.monitor_fixed_patch.MonitorFixedPatch"", ""clip_factor"": 3, ""log_every_n_epochs"": 1, ""patch_json"": ""data/fixed_patches/s1c-s6-raw-s-vv-20250422t061414-20250422t061446-002002-0040d4.json"", ""verbose"": false}, ""monitor_val_recon"": {""_target_"": ""src.callbacks.monitor_val_reconstruction.MonitorValReconstruction"", ""clip_factor"": 3, ""log_every_n_epochs"": 1, ""num_images"": 3, ""verbose"": true}, ""rich_progress_bar"": {""_target_"": ""lightning.pytorch.callbacks.RichProgressBar""}, ""wandb_osh"": {""_target_"": ""wandb_osh.lightning_hooks.TriggerWandbSyncLightningCallback""}}, ""ckpt_path"": null, ""data"": {""_target_"": ""src.data.maya4_dir_datamodule.MAYA4DirDataModule"", ""azimuth_buffer"": 512, ""batch_size"": 4, ""max_products_test"": 2, ""max_products_train"": 10, ""max_products_val"": 2, ""num_workers"": 4, ""online"": false, ""patch_size"": [512, 512], ""pin_memory"": true, ""samples_per_prod"": 1000, ""test_dir"": ""/lustre/projects/1001/rdelprete/SSM/data/ssm_dataset/focused/PT3"", ""train_dir"": ""/lustre/projects/1001/rdelprete/SSM/data/ssm_dataset/focused/PT1"", ""val_dir"": ""/lustre/projects/1001/rdelprete/SSM/data/ssm_dataset/focused/PT2""}, ""determinism"": true, ""experiment_name"": ""rcmc_compress_baseline"", ""extras"": {""enforce_tags"": true, ""ignore_warnings"": false, ""print_config"": true}, ""lambda"": 5, ""logger"": {""wandb"": {""_target_"": ""lightning.pytorch.loggers.wandb.WandbLogger"", ""anonymous"": null, ""entity"": ""cedric-leonard"", ""group"": ""rcmc_grid"", ""id"": null, ""job_type"": """", ""log_model"": false, ""offline"": true, ""prefix"": """", ""project"": ""MAYA_DC"", ""save_dir"": ""/lustre/projects/1001/rdelprete/MAYA_DC/logs/default/multiruns/2026-03-23_16-31-02/lmbda_5_seed_2"", ""tags"": []}}, ""model"": {""_target_"": ""src.models.rcmc_compress_module.RCMCDCmodule"", ""aux_optimizer"": {""_partial_"": true, ""_target_"": ""torch.optim.Adam"", ""lr"": 0.001}, ""azimuth_buffer"": 512, ""compile"": false, ""criterion"": {""_target_"": ""src.models.components.losses.CompoundCompressionLoss"", ""azimuth_buffer"": 512, ""delta_coherence"": 1, ""delta_kde"": 1, ""lmbda"": 5, ""num_kde_bins"": 100, ""patch_size"": [512, 512]}, ""gradient_clip_norm"": 1, ""net"": {""_target_"": ""src.models.components.scale_hyperprior.ScaleHyperprior"", ""activation"": ""gdn"", ""nb_channels_latent"": 256, ""nb_channels_main"": 128, ""nb_input_channels"": 2}, ""net_optimizer"": {""_partial_"": true, ""_target_"": ""torch.optim.Adam"", ""betas"": [0.9, 0.999], ""lr"": 0.0001}, ""scheduler"": {""_partial_"": true, ""_target_"": ""torch.optim.lr_scheduler.ReduceLROnPlateau"", ""factor"": 0.5, ""mode"": ""min"", ""patience"": 5}, ""training_mode"": ""slc""}, ""model/params/non_trainable"": 0, ""model/params/total"": 5626626, ""model/params/trainable"": 5626626, ""patch_size"": [512, 512], ""paths"": {""data_dir"": ""/lustre/projects/1001/rdelprete/MAYA_DC/data/"", ""log_dir"": ""/lustre/projects/1001/rdelprete/MAYA_DC/logs/"", ""output_dir"": ""/lustre/projects/1001/rdelprete/MAYA_DC/logs/default/multiruns/2026-03-23_16-31-02/lmbda_5_seed_2"", ""root_dir"": ""/lustre/projects/1001/rdelprete/MAYA_DC"", ""work_dir"": ""/lustre/home/u10010007""}, ""seed"": 2, ""tags"": [""rcmc_compression"", ""scale_hyperprior"", ""maya4""], ""task_name"": ""default"", ""test"": true, ""train"": true, ""trainer"": {""_target_"": ""lightning.pytorch.trainer.Trainer"", ""accelerator"": ""gpu"", ""check_val_every_n_epoch"": 1, ""default_root_dir"": ""/lustre/projects/1001/rdelprete/MAYA_DC/logs/default/multiruns/2026-03-23_16-31-02/lmbda_5_seed_2"", ""deterministic"": false, ""devices"": 4, ""max_epochs"": 30, ""min_epochs"": 1, ""num_nodes"": 1, ""precision"": ""32-true"", ""strategy"": ""ddp_find_unused_parameters_true"", ""sync_batchnorm"": true}}"
624612a9,SHP-gdn_s2_L5_slc_buf512_Compound_lr0.0001_b4_10000p,finished,https://wandb.ai/cedric-leonard/MAYA_DC/runs/624612a9,2026-03-25T09:22:45Z,cedric-leonard,MAYA_DC,2.0,5.0,slc,512.0,src.models.components.scale_hyperprior.ScaleHyperprior,ScaleHyperprior,SHyp,gdn,GDN,src.data.maya4_dir_datamodule.MAYA4DirDataModule,MAYA4DirDataModule,MAYA4DirDataModule,src.models.components.losses.CompoundCompressionLoss,Compound,/lustre/projects/1001/rdelprete/MAYA_DC/logs/default/multiruns/2026-03-24_17-14-16_non_square/lmbda_5_seed_2,,True,rcmc_grid_non_square,"[""maya4"", ""rcmc_compression"", ""scale_hyperprior""]",SHyp-GDN | MAYA4DirDataModule | slc | nsk,"{""_runtime"": 3272, ""_step"": 90001, ""_timestamp"": 1774405128.9763813, ""epoch"": 18, ""fixed_patch/reconstruction"": {""_type"": ""image-file"", ""format"": ""png"", ""height"": 600, ""path"": ""media/images/fixed_patch/reconstruction_90000_b52bc36aba936f94ab68.png"", ""sha256"": ""b52bc36aba936f94ab682b17e4f9c1a15940bcf98d29e238fc3159910617e97b"", ""size"": 1536678, ""width"": 2000}, ""test/aux"": 5030.66650390625, ""test/coherence"": 0.18258844316005707, ""test/complex_corr_mean"": 0.8174117207527161, ""test/complex_corr_std"": ""NaN"", ""test/distortion"": 0.4223412573337555, ""test/kde"": 0.11501716822385788, ""test/loss"": 2.1699607372283936, ""test/mse"": 0.1247357726097107, ""test/phase_err_mean"": 0.12518633902072906, ""test/phase_err_std"": ""NaN"", ""test/psnr_amp"": 22.090906143188477, ""test/rate"": 0.058254439383745193, ""test/ssim_amp"": 0.11659251898527144, ""train/aux"": 32.09864044189453, ""train/coherence"": 0.2658294439315796, ""train/distortion"": 0.6125158071517944, ""train/grad_norm_g_a"": 5.612823009490967, ""train/grad_norm_g_s"": 5.322189807891846, ""train/grad_norm_h_a"": 0.1106674298644066, ""train/grad_norm_h_s"": 0.08977826684713364, ""train/kde"": 0.045561760663986206, ""train/loss"": 3.3547630310058594, ""train/lr"": 4.999999873689376e-05, ""train/mse"": 0.301124632358551, ""train/rate"": 0.29218384623527527, ""trainer/global_step"": 45000, ""val_batch/coherence_loss"": 0.04277825355529785, ""val_batch/correlation_metric_mean"": 0.9572218656539916, ""val_batch/correlation_metric_std"": ""NaN"", ""val_batch/kde_loss"": 0.36108648777008057, ""val_batch/phase_error"": 0.02250194549560547, ""val_batch/psnr_slc"": 19.753767013549805, ""val_batch/reconstructions"": {""_type"": ""image-file"", ""format"": ""png"", ""height"": 1700, ""path"": ""media/images/val_batch/reconstructions_85051_a4d820861c07151753d8.png"", ""sha256"": ""a4d820861c07151753d8ae1e996bae1d439c60be71ee0dfba2ec8cd70601def8"", ""size"": 1513540, ""width"": 500}, ""val_batch/ssim_slc"": 0.15861818194389343, ""val_batch/x_hat_histogram"": {""_type"": ""histogram""}, ""valid/aux"": 30.48442840576172, ""valid/coherence"": 0.21033035218715668, ""valid/complex_corr_mean"": 0.789669930934906, ""valid/complex_corr_std"": ""NaN"", ""valid/distortion"": 0.7316799759864807, ""valid/kde"": 0.3225133717060089, ""valid/loss"": 3.713122844696045, ""valid/mse"": 0.19883637130260468, ""valid/phase_err_mean"": 0.1417340338230133, ""valid/phase_err_std"": ""NaN"", ""valid/psnr_amp"": 25.323686599731445, ""valid/rate"": 0.05472329631447792, ""valid/rd_scatter_table"": {""_latest_artifact_path"": ""wandb-client-artifact://lkajf2tx6myj7j9o0vikxxltdf59n8wi444fmk169w4pwap3hggmvgxxv17b873oq7kb33s9lxv1fyb9srd3veahbth7hmj1rxcokkr3x4bmoouaczyrferiq0sv8n63:latest/valid/rd_scatter_table.table.json"", ""_type"": ""table-file"", ""artifact_path"": ""wandb-client-artifact://axyawyu34ve7yx5ry4wpoetytv7uz9oto291stqdlezotw6ku5nopnaoxyqkdxxcfo7cp9ljw9a7p8nnm2bt0gu3wpl8e2k5g43ttwyah5qa51ui1wu2kmqrkbt4izmk/valid/rd_scatter_table.table.json"", ""log_mode"": ""IMMUTABLE"", ""ncols"": 3, ""nrows"": 19, ""path"": ""media/table/valid/rd_scatter_table_90000_4b3b6cd37a1cce2b3f3b.table.json"", ""sha256"": ""4b3b6cd37a1cce2b3f3b0624b87be4fb7fd64e62883bc2a80adb5240c6cead13"", ""size"": 938}, ""valid/ssim_amp"": 0.11865448206663132}","{""azimuth_buffer"": 512, ""callbacks"": {""early_stopping"": {""_target_"": ""lightning.pytorch.callbacks.EarlyStopping"", ""check_finite"": true, ""check_on_train_epoch_end"": false, ""divergence_threshold"": null, ""min_delta"": 0, ""mode"": ""min"", ""monitor"": ""valid/loss"", ""patience"": 10, ""stopping_threshold"": null, ""strict"": true, ""verbose"": false}, ""model_checkpoint"": {""_target_"": ""lightning.pytorch.callbacks.ModelCheckpoint"", ""auto_insert_metric_name"": false, ""dirpath"": ""/lustre/projects/1001/rdelprete/MAYA_DC/logs/default/multiruns/2026-03-24_17-14-16_non_square/lmbda_5_seed_2/checkpoints"", ""every_n_epochs"": null, ""every_n_train_steps"": null, ""filename"": ""epoch_{epoch:03d}_loss_{valid/loss:.4f}"", ""mode"": ""min"", ""monitor"": ""valid/loss"", ""save_last"": true, ""save_on_train_epoch_end"": null, ""save_top_k"": 1, ""save_weights_only"": false, ""train_time_interval"": null, ""verbose"": false}, ""model_summary"": {""_target_"": ""lightning.pytorch.callbacks.RichModelSummary"", ""max_depth"": 2}, ""monitor_fix_patch"": {""verbose"": true}, ""monitor_fixed_patch"": {""_target_"": ""src.callbacks.monitor_fixed_patch.MonitorFixedPatch"", ""clip_factor"": 3, ""log_every_n_epochs"": 1, ""patch_json"": ""data/fixed_patches/s1c-s6-raw-s-vv-20250422t061414-20250422t061446-002002-0040d4.json"", ""verbose"": false}, ""monitor_val_recon"": {""_target_"": ""src.callbacks.monitor_val_reconstruction.MonitorValReconstruction"", ""clip_factor"": 3, ""log_every_n_epochs"": 1, ""num_images"": 3, ""verbose"": true}, ""rich_progress_bar"": {""_target_"": ""lightning.pytorch.callbacks.RichProgressBar""}, ""wandb_osh"": {""_target_"": ""wandb_osh.lightning_hooks.TriggerWandbSyncLightningCallback""}}, ""ckpt_path"": null, ""data"": {""_target_"": ""src.data.maya4_dir_datamodule.MAYA4DirDataModule"", ""azimuth_buffer"": 512, ""batch_size"": 4, ""max_products_test"": 2, ""max_products_train"": 10, ""max_products_val"": 2, ""num_workers"": 4, ""online"": false, ""patch_size"": [512, 512], ""pin_memory"": true, ""samples_per_prod"": 1000, ""test_dir"": ""/lustre/projects/1001/rdelprete/SSM/data/ssm_dataset/focused/PT3"", ""train_dir"": ""/lustre/projects/1001/rdelprete/SSM/data/ssm_dataset/focused/PT1"", ""val_dir"": ""/lustre/projects/1001/rdelprete/SSM/data/ssm_dataset/focused/PT2""}, ""determinism"": true, ""experiment_name"": ""rcmc_compress_baseline"", ""extras"": {""enforce_tags"": true, ""ignore_warnings"": false, ""print_config"": true}, ""lambda"": 5, ""logger"": {""wandb"": {""_target_"": ""lightning.pytorch.loggers.wandb.WandbLogger"", ""anonymous"": null, ""entity"": ""cedric-leonard"", ""group"": ""rcmc_grid_non_square"", ""id"": null, ""job_type"": """", ""log_model"": false, ""offline"": true, ""prefix"": """", ""project"": ""MAYA_DC"", ""save_dir"": ""/lustre/projects/1001/rdelprete/MAYA_DC/logs/default/multiruns/2026-03-24_17-14-16_non_square/lmbda_5_seed_2"", ""tags"": []}}, ""model"": {""_target_"": ""src.models.rcmc_compress_module.RCMCDCmodule"", ""aux_optimizer"": {""_partial_"": true, ""_target_"": ""torch.optim.Adam"", ""lr"": 0.001}, ""azimuth_buffer"": 512, ""compile"": false, ""criterion"": {""_target_"": ""src.models.components.losses.CompoundCompressionLoss"", ""azimuth_buffer"": 512, ""delta_coherence"": 1, ""delta_kde"": 1, ""lmbda"": 5, ""num_kde_bins"": 100, ""patch_size"": [512, 512]}, ""gradient_clip_norm"": 1, ""net"": {""_target_"": ""src.models.components.scale_hyperprior.ScaleHyperprior"", ""activation"": ""gdn"", ""nb_channels_latent"": 256, ""nb_channels_main"": 128, ""nb_input_channels"": 2, ""non_square_kernels"": true}, ""net_optimizer"": {""_partial_"": true, ""_target_"": ""torch.optim.Adam"", ""betas"": [0.9, 0.999], ""lr"": 0.0001}, ""scheduler"": {""_partial_"": true, ""_target_"": ""torch.optim.lr_scheduler.ReduceLROnPlateau"", ""factor"": 0.5, ""mode"": ""min"", ""patience"": 5}, ""training_mode"": ""slc""}, ""model/params/non_trainable"": 0, ""model/params/total"": 16662274, ""model/params/trainable"": 16662274, ""patch_size"": [512, 512], ""paths"": {""data_dir"": ""/lustre/projects/1001/rdelprete/MAYA_DC/data/"", ""log_dir"": ""/lustre/projects/1001/rdelprete/MAYA_DC/logs/"", ""output_dir"": ""/lustre/projects/1001/rdelprete/MAYA_DC/logs/default/multiruns/2026-03-24_17-14-16_non_square/lmbda_5_seed_2"", ""root_dir"": ""/lustre/projects/1001/rdelprete/MAYA_DC"", ""work_dir"": ""/lustre/home/u10010007""}, ""seed"": 2, ""tags"": [""rcmc_compression"", ""scale_hyperprior"", ""maya4""], ""task_name"": ""default"", ""test"": true, ""train"": true, ""trainer"": {""_target_"": ""lightning.pytorch.trainer.Trainer"", ""accelerator"": ""gpu"", ""check_val_every_n_epoch"": 1, ""default_root_dir"": ""/lustre/projects/1001/rdelprete/MAYA_DC/logs/default/multiruns/2026-03-24_17-14-16_non_square/lmbda_5_seed_2"", ""deterministic"": false, ""devices"": 4, ""max_epochs"": 30, ""min_epochs"": 1, ""num_nodes"": 1, ""precision"": ""32-true"", ""strategy"": ""ddp_find_unused_parameters_true"", ""sync_batchnorm"": true}}"
w2ofwv0b,SHP-gdn_s42_L5_slc_buf512_Compound_lr0.0005_b4_10000p,finished,https://wandb.ai/cedric-leonard/MAYA_DC/runs/w2ofwv0b,2026-03-21T05:42:41Z,cedric-leonard,MAYA_DC,42.0,5.0,slc,512.0,src.models.components.scale_hyperprior.ScaleHyperprior,ScaleHyperprior,SHyp,gdn,GDN,src.data.maya4_dir_datamodule.MAYA4DirDataModule,MAYA4DirDataModule,MAYA4DirDataModule,src.models.components.losses.CompoundCompressionLoss,Compound,/lustre/projects/1001/rdelprete/MAYA_DC/logs/default/multiruns/2026-03-20_22-11-58/3,,False,rcmc_grid,"[""maya4"", ""rcmc_compression"", ""scale_hyperprior""]",SHyp-GDN | MAYA4DirDataModule | slc | sq,"{""_runtime"": 3698, ""_step"": 120001, ""_timestamp"": 1774075108.7498562, ""epoch"": 24, ""fixed_patch/reconstruction"": {""_type"": ""image-file"", ""format"": ""png"", ""height"": 600, ""path"": ""media/images/fixed_patch/reconstruction_120000_ffa1fd032b2afe8ba42f.png"", ""sha256"": ""ffa1fd032b2afe8ba42f67f5a16d066227694e3eb05c66b4d54a0e69864fe6cf"", ""size"": 1558244, ""width"": 2000}, ""test/aux"": 5063.22900390625, ""test/coherence"": 0.19512787461280823, ""test/complex_corr_mean"": 0.8048720955848694, ""test/complex_corr_std"": ""NaN"", ""test/distortion"": 0.3929750919342041, ""test/kde"": 0.062197037041187286, ""test/loss"": 2.0281741619110107, ""test/mse"": 0.13565009832382202, ""test/phase_err_mean"": 0.13708728551864624, ""test/phase_err_std"": ""NaN"", ""test/psnr_amp"": 21.916305541992188, ""test/rate"": 0.06329909712076187, ""test/ssim_amp"": 0.12027633935213088, ""train/aux"": 87.02151489257812, ""train/coherence"": 0.07959604263305664, ""train/distortion"": 0.1522447168827057, ""train/grad_norm_g_a"": 6.707092761993408, ""train/grad_norm_g_s"": 7.665746212005615, ""train/grad_norm_h_a"": 0.06228639557957649, ""train/grad_norm_h_s"": 0.024892447516322136, ""train/kde"": 0.0247114896774292, ""train/loss"": 1.0557997226715088, ""train/lr"": 0.0002500000118743628, ""train/mse"": 0.04793718457221985, ""train/rate"": 0.29457613825798035, ""trainer/global_step"": 60000, ""val_batch/coherence_loss"": 0.04012131690979004, ""val_batch/correlation_metric_mean"": 0.9598788022994996, ""val_batch/correlation_metric_std"": ""NaN"", ""val_batch/kde_loss"": 0.529559314250946, ""val_batch/phase_error"": 0.0218694806098938, ""val_batch/psnr_slc"": 20.065818786621097, ""val_batch/reconstructions"": {""_type"": ""image-file"", ""format"": ""png"", ""height"": 1700, ""path"": ""media/images/val_batch/reconstructions_110101_fb2537fe0bf7738c1a56.png"", ""sha256"": ""fb2537fe0bf7738c1a5605f19ea15d41d5a8dce41502004701e051b42e5ed4e8"", ""size"": 1494777, ""width"": 500}, ""val_batch/ssim_slc"": 0.1691257357597351, ""val_batch/x_hat_histogram"": {""_type"": ""histogram""}, ""valid/aux"": 83.76533508300781, ""valid/coherence"": 0.1771014779806137, ""valid/complex_corr_mean"": 0.8228983283042908, ""valid/complex_corr_std"": ""NaN"", ""valid/distortion"": 0.5743482708930969, ""valid/kde"": 0.22254589200019836, ""valid/loss"": 3.0804998874664307, ""valid/mse"": 0.1747007817029953, ""valid/phase_err_mean"": 0.1332625299692154, ""valid/phase_err_std"": ""NaN"", ""valid/psnr_amp"": 26.14072036743164, ""valid/rate"": 0.2087589055299759, ""valid/rd_scatter_table"": {""_latest_artifact_path"": ""wandb-client-artifact://z8cius8d40tnw0iuiva6dcq6kho7j9dkcjgy951co4vkilyml89yx2ij0urnk2oawpjay907b3xe43w5fmj1pc6mw90zn17mjq7aoouhtsvoiu449vmucs0oujwzf2va:latest/valid/rd_scatter_table.table.json"", ""_type"": ""table-file"", ""artifact_path"": ""wandb-client-artifact://aw17y6sw8hv6dqew1fnmnnogk9hn4bj7ui6sr6v3r541nnpj8baq57olnr6xzh3h2f79jj1828hdnw2hzsgenm57np2ks735w5zwv6yj92lwniom1fl25jlnvfbczvw8/valid/rd_scatter_table.table.json"", ""log_mode"": ""IMMUTABLE"", ""ncols"": 3, ""nrows"": 13, ""path"": ""media/table/valid/rd_scatter_table_120000_9f3341f48d7454b15611.table.json"", ""sha256"": ""9f3341f48d7454b15611bc96011956baab640159b0541c4f4e2be8416519a901"", ""size"": 660}, ""valid/ssim_amp"": 0.26905766129493713}","{""azimuth_buffer"": 512, ""callbacks"": {""early_stopping"": {""_target_"": ""lightning.pytorch.callbacks.EarlyStopping"", ""check_finite"": true, ""check_on_train_epoch_end"": false, ""divergence_threshold"": null, ""min_delta"": 0, ""mode"": ""min"", ""monitor"": ""valid/loss"", ""patience"": 10, ""stopping_threshold"": null, ""strict"": true, ""verbose"": false}, ""model_checkpoint"": {""_target_"": ""lightning.pytorch.callbacks.ModelCheckpoint"", ""auto_insert_metric_name"": false, ""dirpath"": ""/lustre/projects/1001/rdelprete/MAYA_DC/logs/default/multiruns/2026-03-20_22-11-58/3/checkpoints"", ""every_n_epochs"": null, ""every_n_train_steps"": null, ""filename"": ""epoch_{epoch:03d}_loss_{valid/loss:.4f}"", ""mode"": ""min"", ""monitor"": ""valid/loss"", ""save_last"": true, ""save_on_train_epoch_end"": null, ""save_top_k"": 1, ""save_weights_only"": false, ""train_time_interval"": null, ""verbose"": false}, ""model_summary"": {""_target_"": ""lightning.pytorch.callbacks.RichModelSummary"", ""max_depth"": 2}, ""monitor_fix_patch"": {""verbose"": true}, ""monitor_fixed_patch"": {""_target_"": ""src.callbacks.monitor_fixed_patch.MonitorFixedPatch"", ""clip_factor"": 3, ""log_every_n_epochs"": 1, ""patch_json"": ""data/fixed_patches/s1c-s6-raw-s-vv-20250422t061414-20250422t061446-002002-0040d4.json"", ""verbose"": false}, ""monitor_val_recon"": {""_target_"": ""src.callbacks.monitor_val_reconstruction.MonitorValReconstruction"", ""clip_factor"": 3, ""log_every_n_epochs"": 1, ""num_images"": 3, ""verbose"": true}, ""rich_progress_bar"": {""_target_"": ""lightning.pytorch.callbacks.RichProgressBar""}, ""wandb_osh"": {""_target_"": ""wandb_osh.lightning_hooks.TriggerWandbSyncLightningCallback""}}, ""ckpt_path"": null, ""data"": {""_target_"": ""src.data.maya4_dir_datamodule.MAYA4DirDataModule"", ""azimuth_buffer"": 512, ""batch_size"": 4, ""max_products_test"": 2, ""max_products_train"": 10, ""max_products_val"": 2, ""num_workers"": 16, ""online"": false, ""patch_size"": [512, 512], ""pin_memory"": true, ""samples_per_prod"": 1000, ""test_dir"": ""/lustre/projects/1001/rdelprete/SSM/data/ssm_dataset/focused/PT3"", ""train_dir"": ""/lustre/projects/1001/rdelprete/SSM/data/ssm_dataset/focused/PT1"", ""val_dir"": ""/lustre/projects/1001/rdelprete/SSM/data/ssm_dataset/focused/PT2""}, ""determinism"": true, ""experiment_name"": ""rcmc_compress_baseline"", ""extras"": {""enforce_tags"": true, ""ignore_warnings"": false, ""print_config"": true}, ""logger"": {""wandb"": {""_target_"": ""lightning.pytorch.loggers.wandb.WandbLogger"", ""anonymous"": null, ""entity"": ""cedric-leonard"", ""group"": ""rcmc_grid"", ""id"": null, ""job_type"": """", ""log_model"": false, ""offline"": true, ""prefix"": """", ""project"": ""MAYA_DC"", ""save_dir"": ""/lustre/projects/1001/rdelprete/MAYA_DC/logs/default/multiruns/2026-03-20_22-11-58/3"", ""tags"": []}}, ""model"": {""_target_"": ""src.models.rcmc_compress_module.RCMCDCmodule"", ""aux_optimizer"": {""_partial_"": true, ""_target_"": ""torch.optim.Adam"", ""lr"": 0.001}, ""azimuth_buffer"": 512, ""compile"": false, ""criterion"": {""_target_"": ""src.models.components.losses.CompoundCompressionLoss"", ""azimuth_buffer"": 512, ""delta_coherence"": 1, ""delta_kde"": 1, ""lmbda"": 5, ""num_kde_bins"": 100, ""patch_size"": [512, 512]}, ""gradient_clip_norm"": 1, ""net"": {""_target_"": ""src.models.components.scale_hyperprior.ScaleHyperprior"", ""activation"": ""gdn"", ""nb_channels_latent"": 256, ""nb_channels_main"": 128, ""nb_input_channels"": 2}, ""net_optimizer"": {""_partial_"": true, ""_target_"": ""torch.optim.Adam"", ""betas"": [0.9, 0.999], ""lr"": 0.0005}, ""scheduler"": {""_partial_"": true, ""_target_"": ""torch.optim.lr_scheduler.ReduceLROnPlateau"", ""factor"": 0.5, ""mode"": ""min"", ""patience"": 5}, ""training_mode"": ""slc""}, ""model/params/non_trainable"": 0, ""model/params/total"": 5626626, ""model/params/trainable"": 5626626, ""patch_size"": [512, 512], ""paths"": {""data_dir"": ""/lustre/projects/1001/rdelprete/MAYA_DC/data/"", ""log_dir"": ""/lustre/projects/1001/rdelprete/MAYA_DC/logs/"", ""output_dir"": ""/lustre/projects/1001/rdelprete/MAYA_DC/logs/default/multiruns/2026-03-20_22-11-58/3"", ""root_dir"": ""/lustre/projects/1001/rdelprete/MAYA_DC"", ""work_dir"": ""/lustre/home/u10010007""}, ""seed"": 42, ""tags"": [""rcmc_compression"", ""scale_hyperprior"", ""maya4""], ""task_name"": ""default"", ""test"": true, ""train"": true, ""trainer"": {""_target_"": ""lightning.pytorch.trainer.Trainer"", ""accelerator"": ""gpu"", ""check_val_every_n_epoch"": 2, ""default_root_dir"": ""/lustre/projects/1001/rdelprete/MAYA_DC/logs/default/multiruns/2026-03-20_22-11-58/3"", ""deterministic"": false, ""devices"": 4, ""max_epochs"": 100, ""min_epochs"": 1, ""num_nodes"": 1, ""precision"": ""32-true"", ""strategy"": ""ddp_find_unused_parameters_true"", ""sync_batchnorm"": true}}"
1pvprk7u,SHP-gdn_s42_L5_slc_buf512_Compound_lr0.0001_b4_10000p,finished,https://wandb.ai/cedric-leonard/MAYA_DC/runs/1pvprk7u,2026-03-21T06:44:19Z,cedric-leonard,MAYA_DC,42.0,5.0,slc,512.0,src.models.components.scale_hyperprior.ScaleHyperprior,ScaleHyperprior,SHyp,gdn,GDN,src.data.maya4_dir_datamodule.MAYA4DirDataModule,MAYA4DirDataModule,MAYA4DirDataModule,src.models.components.losses.CompoundCompressionLoss,Compound,/lustre/projects/1001/rdelprete/MAYA_DC/logs/default/multiruns/2026-03-20_22-11-58/4,,False,rcmc_grid,"[""maya4"", ""rcmc_compression"", ""scale_hyperprior""]",SHyp-GDN | MAYA4DirDataModule | slc | sq,"{""_runtime"": 4351, ""_step"": 140001, ""_timestamp"": 1774079460.9083345, ""epoch"": 28, ""fixed_patch/reconstruction"": {""_type"": ""image-file"", ""format"": ""png"", ""height"": 600, ""path"": ""media/images/fixed_patch/reconstruction_140000_f1f90973bd30ce004ffa.png"", ""sha256"": ""f1f90973bd30ce004ffa27149e34a0f5b3d7d88bf72b19679c6200f9e7d26fea"", ""size"": 1566496, ""width"": 2000}, ""test/aux"": 6814.75390625, ""test/coherence"": 0.1936318278312683, ""test/complex_corr_mean"": 0.8063681125640869, ""test/complex_corr_std"": ""NaN"", ""test/distortion"": 0.3777654469013214, ""test/kde"": 0.04862925037741661, ""test/loss"": 1.968854904174805, ""test/mse"": 0.13550442457199097, ""test/phase_err_mean"": 0.13736678659915924, ""test/phase_err_std"": ""NaN"", ""test/psnr_amp"": 21.92869758605957, ""test/rate"": 0.08002728223800659, ""test/ssim_amp"": 0.13853907585144043, ""train/aux"": 41.21073913574219, ""train/coherence"": 0.23030702769756317, ""train/distortion"": 0.4982091188430786, ""train/grad_norm_g_a"": 2.495741128921509, ""train/grad_norm_g_s"": 2.389409303665161, ""train/grad_norm_h_a"": 0.09680715203285216, ""train/grad_norm_h_s"": 0.03543470799922943, ""train/kde"": 0.02416088990867138, ""train/loss"": 2.944464683532715, ""train/lr"": 4.999999873689376e-05, ""train/mse"": 0.2437412142753601, ""train/rate"": 0.45341911911964417, ""trainer/global_step"": 70000, ""val_batch/coherence_loss"": 0.04133927822113037, ""val_batch/correlation_metric_mean"": 0.9586607217788696, ""val_batch/correlation_metric_std"": ""NaN"", ""val_batch/kde_loss"": 0.4675194323062897, ""val_batch/phase_error"": 0.022518455982208252, ""val_batch/psnr_slc"": 19.975351333618164, ""val_batch/reconstructions"": {""_type"": ""image-file"", ""format"": ""png"", ""height"": 1700, ""path"": ""media/images/val_batch/reconstructions_130101_82a26d0dfd84deea8e6e.png"", ""sha256"": ""82a26d0dfd84deea8e6ebfd0129b08b7654f3e52ab691fd37f4e413c1b3dc4cc"", ""size"": 1505923, ""width"": 500}, ""val_batch/ssim_slc"": 0.17263060808181763, ""val_batch/x_hat_histogram"": {""_type"": ""histogram""}, ""valid/aux"": 41.935401916503906, ""valid/coherence"": 0.1768181324005127, ""valid/complex_corr_mean"": 0.8231817483901978, ""valid/complex_corr_std"": ""NaN"", ""valid/distortion"": 0.7024518847465515, ""valid/kde"": 0.35463282465934753, ""valid/loss"": 3.6904184818267822, ""valid/mse"": 0.17100085318088531, ""valid/phase_err_mean"": 0.12714484333992004, ""valid/phase_err_std"": ""NaN"", ""valid/psnr_amp"": 26.006431579589844, ""valid/rate"": 0.17816027998924255, ""valid/rd_scatter_table"": {""_latest_artifact_path"": ""wandb-client-artifact://8qabz9z6fra9k0mdpkwq4n0tc0cy7enwujfu6yp94vmlmlimehgub9k3n2xcn7nfyz15fdt20oucw9q0xqj37r1nid07lul0dquaazuebver7gwag7739i3yxolm18zw:latest/valid/rd_scatter_table.table.json"", ""_type"": ""table-file"", ""artifact_path"": ""wandb-client-artifact://v1exbgeqxlya77gl3j4u3q6sxqa32vr9x4tfvtmojzvptx94tj7zbc2d45e7ckcjf4ngw6da4mmxk4xutlb8qjdvxyt0b7fcvtk4dr1qqscbzixoblwz0zyql9asrxf2/valid/rd_scatter_table.table.json"", ""log_mode"": ""IMMUTABLE"", ""ncols"": 3, ""nrows"": 15, ""path"": ""media/table/valid/rd_scatter_table_140000_0772849a2f404278b280.table.json"", ""sha256"": ""0772849a2f404278b2807837da7b5dca9e3334ee348dff2b070af443b325ce14"", ""size"": 755}, ""valid/ssim_amp"": 0.21677401661872864}","{""azimuth_buffer"": 512, ""callbacks"": {""early_stopping"": {""_target_"": ""lightning.pytorch.callbacks.EarlyStopping"", ""check_finite"": true, ""check_on_train_epoch_end"": false, ""divergence_threshold"": null, ""min_delta"": 0, ""mode"": ""min"", ""monitor"": ""valid/loss"", ""patience"": 10, ""stopping_threshold"": null, ""strict"": true, ""verbose"": false}, ""model_checkpoint"": {""_target_"": ""lightning.pytorch.callbacks.ModelCheckpoint"", ""auto_insert_metric_name"": false, ""dirpath"": ""/lustre/projects/1001/rdelprete/MAYA_DC/logs/default/multiruns/2026-03-20_22-11-58/4/checkpoints"", ""every_n_epochs"": null, ""every_n_train_steps"": null, ""filename"": ""epoch_{epoch:03d}_loss_{valid/loss:.4f}"", ""mode"": ""min"", ""monitor"": ""valid/loss"", ""save_last"": true, ""save_on_train_epoch_end"": null, ""save_top_k"": 1, ""save_weights_only"": false, ""train_time_interval"": null, ""verbose"": false}, ""model_summary"": {""_target_"": ""lightning.pytorch.callbacks.RichModelSummary"", ""max_depth"": 2}, ""monitor_fix_patch"": {""verbose"": true}, ""monitor_fixed_patch"": {""_target_"": ""src.callbacks.monitor_fixed_patch.MonitorFixedPatch"", ""clip_factor"": 3, ""log_every_n_epochs"": 1, ""patch_json"": ""data/fixed_patches/s1c-s6-raw-s-vv-20250422t061414-20250422t061446-002002-0040d4.json"", ""verbose"": false}, ""monitor_val_recon"": {""_target_"": ""src.callbacks.monitor_val_reconstruction.MonitorValReconstruction"", ""clip_factor"": 3, ""log_every_n_epochs"": 1, ""num_images"": 3, ""verbose"": true}, ""rich_progress_bar"": {""_target_"": ""lightning.pytorch.callbacks.RichProgressBar""}, ""wandb_osh"": {""_target_"": ""wandb_osh.lightning_hooks.TriggerWandbSyncLightningCallback""}}, ""ckpt_path"": null, ""data"": {""_target_"": ""src.data.maya4_dir_datamodule.MAYA4DirDataModule"", ""azimuth_buffer"": 512, ""batch_size"": 4, ""max_products_test"": 2, ""max_products_train"": 10, ""max_products_val"": 2, ""num_workers"": 16, ""online"": false, ""patch_size"": [512, 512], ""pin_memory"": true, ""samples_per_prod"": 1000, ""test_dir"": ""/lustre/projects/1001/rdelprete/SSM/data/ssm_dataset/focused/PT3"", ""train_dir"": ""/lustre/projects/1001/rdelprete/SSM/data/ssm_dataset/focused/PT1"", ""val_dir"": ""/lustre/projects/1001/rdelprete/SSM/data/ssm_dataset/focused/PT2""}, ""determinism"": true, ""experiment_name"": ""rcmc_compress_baseline"", ""extras"": {""enforce_tags"": true, ""ignore_warnings"": false, ""print_config"": true}, ""logger"": {""wandb"": {""_target_"": ""lightning.pytorch.loggers.wandb.WandbLogger"", ""anonymous"": null, ""entity"": ""cedric-leonard"", ""group"": ""rcmc_grid"", ""id"": null, ""job_type"": """", ""log_model"": false, ""offline"": true, ""prefix"": """", ""project"": ""MAYA_DC"", ""save_dir"": ""/lustre/projects/1001/rdelprete/MAYA_DC/logs/default/multiruns/2026-03-20_22-11-58/4"", ""tags"": []}}, ""model"": {""_target_"": ""src.models.rcmc_compress_module.RCMCDCmodule"", ""aux_optimizer"": {""_partial_"": true, ""_target_"": ""torch.optim.Adam"", ""lr"": 0.001}, ""azimuth_buffer"": 512, ""compile"": false, ""criterion"": {""_target_"": ""src.models.components.losses.CompoundCompressionLoss"", ""azimuth_buffer"": 512, ""delta_coherence"": 1, ""delta_kde"": 1, ""lmbda"": 5, ""num_kde_bins"": 100, ""patch_size"": [512, 512]}, ""gradient_clip_norm"": 1, ""net"": {""_target_"": ""src.models.components.scale_hyperprior.ScaleHyperprior"", ""activation"": ""gdn"", ""nb_channels_latent"": 256, ""nb_channels_main"": 128, ""nb_input_channels"": 2}, ""net_optimizer"": {""_partial_"": true, ""_target_"": ""torch.optim.Adam"", ""betas"": [0.9, 0.999], ""lr"": 0.0001}, ""scheduler"": {""_partial_"": true, ""_target_"": ""torch.optim.lr_scheduler.ReduceLROnPlateau"", ""factor"": 0.5, ""mode"": ""min"", ""patience"": 5}, ""training_mode"": ""slc""}, ""model/params/non_trainable"": 0, ""model/params/total"": 5626626, ""model/params/trainable"": 5626626, ""patch_size"": [512, 512], ""paths"": {""data_dir"": ""/lustre/projects/1001/rdelprete/MAYA_DC/data/"", ""log_dir"": ""/lustre/projects/1001/rdelprete/MAYA_DC/logs/"", ""output_dir"": ""/lustre/projects/1001/rdelprete/MAYA_DC/logs/default/multiruns/2026-03-20_22-11-58/4"", ""root_dir"": ""/lustre/projects/1001/rdelprete/MAYA_DC"", ""work_dir"": ""/lustre/home/u10010007""}, ""seed"": 42, ""tags"": [""rcmc_compression"", ""scale_hyperprior"", ""maya4""], ""task_name"": ""default"", ""test"": true, ""train"": true, ""trainer"": {""_target_"": ""lightning.pytorch.trainer.Trainer"", ""accelerator"": ""gpu"", ""check_val_every_n_epoch"": 2, ""default_root_dir"": ""/lustre/projects/1001/rdelprete/MAYA_DC/logs/default/multiruns/2026-03-20_22-11-58/4"", ""deterministic"": false, ""devices"": 4, ""max_epochs"": 100, ""min_epochs"": 1, ""num_nodes"": 1, ""precision"": ""32-true"", ""strategy"": ""ddp_find_unused_parameters_true"", ""sync_batchnorm"": true}}"
oaxza8qm,SHP-gdn_s42_L5_slc_buf512_Compound_lr5e-05_b4_10000p,finished,https://wandb.ai/cedric-leonard/MAYA_DC/runs/oaxza8qm,2026-03-21T07:57:00Z,cedric-leonard,MAYA_DC,42.0,5.0,slc,512.0,src.models.components.scale_hyperprior.ScaleHyperprior,ScaleHyperprior,SHyp,gdn,GDN,src.data.maya4_dir_datamodule.MAYA4DirDataModule,MAYA4DirDataModule,MAYA4DirDataModule,src.models.components.losses.CompoundCompressionLoss,Compound,/lustre/projects/1001/rdelprete/MAYA_DC/logs/default/multiruns/2026-03-20_22-11-58/5,,False,rcmc_grid,"[""maya4"", ""rcmc_compression"", ""scale_hyperprior""]",SHyp-GDN | MAYA4DirDataModule | slc | sq,"{""_runtime"": 5626, ""_step"": 180001, ""_timestamp"": 1774085087.2905169, ""epoch"": 36, ""fixed_patch/reconstruction"": {""_type"": ""image-file"", ""format"": ""png"", ""height"": 600, ""path"": ""media/images/fixed_patch/reconstruction_180000_e9205051f5c3365cc06d.png"", ""sha256"": ""e9205051f5c3365cc06d052500e72a9d2e927ca943bf10fb031ab9afb51c45db"", ""size"": 1584372, ""width"": 2000}, ""test/aux"": 7.479559421539307, ""test/coherence"": 0.19378350675106049, ""test/complex_corr_mean"": 0.806216299533844, ""test/complex_corr_std"": ""NaN"", ""test/distortion"": 0.3767904043197632, ""test/kde"": 0.048184171319007874, ""test/loss"": 1.9521262645721436, ""test/mse"": 0.1348227858543396, ""test/phase_err_mean"": 0.1369219571352005, ""test/phase_err_std"": ""NaN"", ""test/psnr_amp"": 21.90301513671875, ""test/rate"": 0.06817419826984406, ""test/ssim_amp"": 0.13041409850120544, ""train/aux"": 31.154640197753903, ""train/coherence"": 0.23046864569187164, ""train/distortion"": 0.4631792306900024, ""train/grad_norm_g_a"": 4.876998424530029, ""train/grad_norm_g_s"": 3.47851300239563, ""train/grad_norm_h_a"": 0.07813185453414917, ""train/grad_norm_h_s"": 0.01975245587527752, ""train/kde"": 0.03244183585047722, ""train/loss"": 2.643098831176758, ""train/lr"": 2.499999936844688e-05, ""train/mse"": 0.20026876032352448, ""train/rate"": 0.3272026479244232, ""trainer/global_step"": 90000, ""val_batch/coherence_loss"": 0.04707789421081543, ""val_batch/correlation_metric_mean"": 0.9529221057891846, ""val_batch/correlation_metric_std"": ""NaN"", ""val_batch/kde_loss"": 0.2698434293270111, ""val_batch/phase_error"": 0.025520384311676025, ""val_batch/psnr_slc"": 19.55735969543457, ""val_batch/reconstructions"": {""_type"": ""image-file"", ""format"": ""png"", ""height"": 1700, ""path"": ""media/images/val_batch/reconstructions_170101_4a0f9c49b948a5431686.png"", ""sha256"": ""4a0f9c49b948a54316866c7bb9560d20fe2aef3187475e1049559643f9ad0033"", ""size"": 1486007, ""width"": 500}, ""val_batch/ssim_slc"": 0.15666598081588745, ""val_batch/x_hat_histogram"": {""_type"": ""histogram""}, ""valid/aux"": 29.11350440979004, ""valid/coherence"": 0.21085777878761292, ""valid/complex_corr_mean"": 0.7891422510147095, ""valid/complex_corr_std"": ""NaN"", ""valid/distortion"": 0.7097314596176147, ""valid/kde"": 0.30108991265296936, ""valid/loss"": 3.6239171028137207, ""valid/mse"": 0.1977837085723877, ""valid/phase_err_mean"": 0.1434212625026703, ""valid/phase_err_std"": ""NaN"", ""valid/psnr_amp"": 25.30073356628418, ""valid/rate"": 0.07526058703660965, ""valid/rd_scatter_table"": {""_latest_artifact_path"": ""wandb-client-artifact://9nunn67qcot64cvri452f7w4038onlux7dh8kj9mi0h7fjlswb044x3l2ban4mn975r2ub8bl1fhzlsokisg9mtgcoror404qxazwqyokdt32n06eiiicitkd4znko80:latest/valid/rd_scatter_table.table.json"", ""_type"": ""table-file"", ""artifact_path"": ""wandb-client-artifact://zys82msh7m86te8vfzwff3wjuzq4vojvozfkagxhwle4pij0tc18uqy2jm1tfc5ef9a14d2t5voaejnjlk09wuvkpjkot1a0ua3e89idxie7mpbx9r0ei2kise1agj6g/valid/rd_scatter_table.table.json"", ""log_mode"": ""IMMUTABLE"", ""ncols"": 3, ""nrows"": 19, ""path"": ""media/table/valid/rd_scatter_table_180000_292dd4ec6a7dafb74970.table.json"", ""sha256"": ""292dd4ec6a7dafb749701f91ab636f443551558ea5be576d3cdc981b89d6cb6a"", ""size"": 942}, ""valid/ssim_amp"": 0.12443587929010393}","{""azimuth_buffer"": 512, ""callbacks"": {""early_stopping"": {""_target_"": ""lightning.pytorch.callbacks.EarlyStopping"", ""check_finite"": true, ""check_on_train_epoch_end"": false, ""divergence_threshold"": null, ""min_delta"": 0, ""mode"": ""min"", ""monitor"": ""valid/loss"", ""patience"": 10, ""stopping_threshold"": null, ""strict"": true, ""verbose"": false}, ""model_checkpoint"": {""_target_"": ""lightning.pytorch.callbacks.ModelCheckpoint"", ""auto_insert_metric_name"": false, ""dirpath"": ""/lustre/projects/1001/rdelprete/MAYA_DC/logs/default/multiruns/2026-03-20_22-11-58/5/checkpoints"", ""every_n_epochs"": null, ""every_n_train_steps"": null, ""filename"": ""epoch_{epoch:03d}_loss_{valid/loss:.4f}"", ""mode"": ""min"", ""monitor"": ""valid/loss"", ""save_last"": true, ""save_on_train_epoch_end"": null, ""save_top_k"": 1, ""save_weights_only"": false, ""train_time_interval"": null, ""verbose"": false}, ""model_summary"": {""_target_"": ""lightning.pytorch.callbacks.RichModelSummary"", ""max_depth"": 2}, ""monitor_fix_patch"": {""verbose"": true}, ""monitor_fixed_patch"": {""_target_"": ""src.callbacks.monitor_fixed_patch.MonitorFixedPatch"", ""clip_factor"": 3, ""log_every_n_epochs"": 1, ""patch_json"": ""data/fixed_patches/s1c-s6-raw-s-vv-20250422t061414-20250422t061446-002002-0040d4.json"", ""verbose"": false}, ""monitor_val_recon"": {""_target_"": ""src.callbacks.monitor_val_reconstruction.MonitorValReconstruction"", ""clip_factor"": 3, ""log_every_n_epochs"": 1, ""num_images"": 3, ""verbose"": true}, ""rich_progress_bar"": {""_target_"": ""lightning.pytorch.callbacks.RichProgressBar""}, ""wandb_osh"": {""_target_"": ""wandb_osh.lightning_hooks.TriggerWandbSyncLightningCallback""}}, ""ckpt_path"": null, ""data"": {""_target_"": ""src.data.maya4_dir_datamodule.MAYA4DirDataModule"", ""azimuth_buffer"": 512, ""batch_size"": 4, ""max_products_test"": 2, ""max_products_train"": 10, ""max_products_val"": 2, ""num_workers"": 16, ""online"": false, ""patch_size"": [512, 512], ""pin_memory"": true, ""samples_per_prod"": 1000, ""test_dir"": ""/lustre/projects/1001/rdelprete/SSM/data/ssm_dataset/focused/PT3"", ""train_dir"": ""/lustre/projects/1001/rdelprete/SSM/data/ssm_dataset/focused/PT1"", ""val_dir"": ""/lustre/projects/1001/rdelprete/SSM/data/ssm_dataset/focused/PT2""}, ""determinism"": true, ""experiment_name"": ""rcmc_compress_baseline"", ""extras"": {""enforce_tags"": true, ""ignore_warnings"": false, ""print_config"": true}, ""logger"": {""wandb"": {""_target_"": ""lightning.pytorch.loggers.wandb.WandbLogger"", ""anonymous"": null, ""entity"": ""cedric-leonard"", ""group"": ""rcmc_grid"", ""id"": null, ""job_type"": """", ""log_model"": false, ""offline"": true, ""prefix"": """", ""project"": ""MAYA_DC"", ""save_dir"": ""/lustre/projects/1001/rdelprete/MAYA_DC/logs/default/multiruns/2026-03-20_22-11-58/5"", ""tags"": []}}, ""model"": {""_target_"": ""src.models.rcmc_compress_module.RCMCDCmodule"", ""aux_optimizer"": {""_partial_"": true, ""_target_"": ""torch.optim.Adam"", ""lr"": 0.001}, ""azimuth_buffer"": 512, ""compile"": false, ""criterion"": {""_target_"": ""src.models.components.losses.CompoundCompressionLoss"", ""azimuth_buffer"": 512, ""delta_coherence"": 1, ""delta_kde"": 1, ""lmbda"": 5, ""num_kde_bins"": 100, ""patch_size"": [512, 512]}, ""gradient_clip_norm"": 1, ""net"": {""_target_"": ""src.models.components.scale_hyperprior.ScaleHyperprior"", ""activation"": ""gdn"", ""nb_channels_latent"": 256, ""nb_channels_main"": 128, ""nb_input_channels"": 2}, ""net_optimizer"": {""_partial_"": true, ""_target_"": ""torch.optim.Adam"", ""betas"": [0.9, 0.999], ""lr"": 5e-05}, ""scheduler"": {""_partial_"": true, ""_target_"": ""torch.optim.lr_scheduler.ReduceLROnPlateau"", ""factor"": 0.5, ""mode"": ""min"", ""patience"": 5}, ""training_mode"": ""slc""}, ""model/params/non_trainable"": 0, ""model/params/total"": 5626626, ""model/params/trainable"": 5626626, ""patch_size"": [512, 512], ""paths"": {""data_dir"": ""/lustre/projects/1001/rdelprete/MAYA_DC/data/"", ""log_dir"": ""/lustre/projects/1001/rdelprete/MAYA_DC/logs/"", ""output_dir"": ""/lustre/projects/1001/rdelprete/MAYA_DC/logs/default/multiruns/2026-03-20_22-11-58/5"", ""root_dir"": ""/lustre/projects/1001/rdelprete/MAYA_DC"", ""work_dir"": ""/lustre/home/u10010007""}, ""seed"": 42, ""tags"": [""rcmc_compression"", ""scale_hyperprior"", ""maya4""], ""task_name"": ""default"", ""test"": true, ""train"": true, ""trainer"": {""_target_"": ""lightning.pytorch.trainer.Trainer"", ""accelerator"": ""gpu"", ""check_val_every_n_epoch"": 2, ""default_root_dir"": ""/lustre/projects/1001/rdelprete/MAYA_DC/logs/default/multiruns/2026-03-20_22-11-58/5"", ""deterministic"": false, ""devices"": 4, ""max_epochs"": 100, ""min_epochs"": 1, ""num_nodes"": 1, ""precision"": ""32-true"", ""strategy"": ""ddp_find_unused_parameters_true"", ""sync_batchnorm"": true}}"
tsd8y96t,SHP-gdn_s0_L7_slc_buf512_Compound_lr0.0001_b4_10000p,finished,https://wandb.ai/cedric-leonard/MAYA_DC/runs/tsd8y96t,2026-03-23T16:12:47Z,cedric-leonard,MAYA_DC,0.0,7.0,slc,512.0,src.models.components.scale_hyperprior.ScaleHyperprior,ScaleHyperprior,SHyp,gdn,GDN,src.data.maya4_dir_datamodule.MAYA4DirDataModule,MAYA4DirDataModule,MAYA4DirDataModule,src.models.components.losses.CompoundCompressionLoss,Compound,/lustre/projects/1001/rdelprete/MAYA_DC/logs/default/multiruns/2026-03-23_16-31-02/lmbda_7_seed_0,,False,rcmc_grid,"[""maya4"", ""rcmc_compression"", ""scale_hyperprior""]",SHyp-GDN | MAYA4DirDataModule | slc | sq,"{""_runtime"": 3305, ""_step"": 100001, ""_timestamp"": 1774285342.652826, ""epoch"": 20, ""fixed_patch/reconstruction"": {""_type"": ""image-file"", ""format"": ""png"", ""height"": 600, ""path"": ""media/images/fixed_patch/reconstruction_100000_330d9000b59b377d6424.png"", ""sha256"": ""330d9000b59b377d6424b2884eb242cecc1b0cfc13625b1fdc7206a952a42d44"", ""size"": 1581415, ""width"": 2000}, ""test/aux"": 15.245597839355469, ""test/coherence"": 0.18772341310977936, ""test/complex_corr_mean"": 0.8122764825820923, ""test/complex_corr_std"": ""NaN"", ""test/distortion"": 0.3622310757637024, ""test/kde"": 0.04298999160528183, ""test/loss"": 2.6528160572052, ""test/mse"": 0.13151760399341583, ""test/phase_err_mean"": 0.1342029869556427, ""test/phase_err_std"": ""NaN"", ""test/psnr_amp"": 22.038284301757812, ""test/rate"": 0.11719918996095656, ""test/ssim_amp"": 0.16475801169872284, ""train/aux"": 40.4919319152832, ""train/coherence"": 0.24057433009147644, ""train/distortion"": 0.5558896064758301, ""train/grad_norm_g_a"": 3.350649118423462, ""train/grad_norm_g_s"": 4.261233806610107, ""train/grad_norm_h_a"": 0.015173758380115032, ""train/grad_norm_h_s"": 0.015437385998666286, ""train/kde"": 0.03801677376031875, ""train/loss"": 4.29065465927124, ""train/lr"": 4.999999873689376e-05, ""train/mse"": 0.2772985100746155, ""train/rate"": 0.39942729473114014, ""trainer/global_step"": 50000, ""val_batch/coherence_loss"": 0.04643625020980835, ""val_batch/correlation_metric_mean"": 0.9535638093948364, ""val_batch/correlation_metric_std"": ""NaN"", ""val_batch/kde_loss"": 0.24446488916873932, ""val_batch/phase_error"": 0.0255507230758667, ""val_batch/psnr_slc"": 19.631738662719727, ""val_batch/reconstructions"": {""_type"": ""image-file"", ""format"": ""png"", ""height"": 1700, ""path"": ""media/images/val_batch/reconstructions_95051_1cc4e44998c4f72c266f.png"", ""sha256"": ""1cc4e44998c4f72c266ff433dc3642264d4d22ea9bd91b8a9ba62f012a79eb4f"", ""size"": 1509115, ""width"": 500}, ""val_batch/ssim_slc"": 0.19222772121429443, ""val_batch/x_hat_histogram"": {""_type"": ""histogram""}, ""valid/aux"": 40.363285064697266, ""valid/coherence"": 0.2007817029953003, ""valid/complex_corr_mean"": 0.7992182374000549, ""valid/complex_corr_std"": ""NaN"", ""valid/distortion"": 0.556334376335144, ""valid/kde"": 0.16048316657543182, ""valid/loss"": 4.083282470703125, ""valid/mse"": 0.1950695514678955, ""valid/phase_err_mean"": 0.14539170265197754, ""valid/phase_err_std"": ""NaN"", ""valid/psnr_amp"": 25.62181282043457, ""valid/rate"": 0.18894201517105105, ""valid/rd_scatter_table"": {""_latest_artifact_path"": ""wandb-client-artifact://qi34vx2vj3k5t0pqyo6ow02oquegrj47pprz5k04gldi01684xa162fp7k1bs8gnsf1jye5ipp3ku4h92vu6uhjqyl1cb6abhgie6djr32hjnzpm44ee8qdeppz183yt:latest/valid/rd_scatter_table.table.json"", ""_type"": ""table-file"", ""artifact_path"": ""wandb-client-artifact://ainid4ci1css0dzzssw0et9a1g92epayzvan19y6zp1a608kh6svzly82tkadwuox8gwvbgmhkx5d7vn37rhy6tzfolbnzwfrgfumk1zdroef4jlef49viu8d8w7w9av/valid/rd_scatter_table.table.json"", ""log_mode"": ""IMMUTABLE"", ""ncols"": 3, ""nrows"": 21, ""path"": ""media/table/valid/rd_scatter_table_100000_b9435ab18592cf100e82.table.json"", ""sha256"": ""b9435ab18592cf100e82f5298153865525036a18869f6544b110e352e62ce496"", ""size"": 1023}, ""valid/ssim_amp"": 0.22027121484279633}","{""azimuth_buffer"": 512, ""callbacks"": {""early_stopping"": {""_target_"": ""lightning.pytorch.callbacks.EarlyStopping"", ""check_finite"": true, ""check_on_train_epoch_end"": false, ""divergence_threshold"": null, ""min_delta"": 0, ""mode"": ""min"", ""monitor"": ""valid/loss"", ""patience"": 10, ""stopping_threshold"": null, ""strict"": true, ""verbose"": false}, ""model_checkpoint"": {""_target_"": ""lightning.pytorch.callbacks.ModelCheckpoint"", ""auto_insert_metric_name"": false, ""dirpath"": ""/lustre/projects/1001/rdelprete/MAYA_DC/logs/default/multiruns/2026-03-23_16-31-02/lmbda_7_seed_0/checkpoints"", ""every_n_epochs"": null, ""every_n_train_steps"": null, ""filename"": ""epoch_{epoch:03d}_loss_{valid/loss:.4f}"", ""mode"": ""min"", ""monitor"": ""valid/loss"", ""save_last"": true, ""save_on_train_epoch_end"": null, ""save_top_k"": 1, ""save_weights_only"": false, ""train_time_interval"": null, ""verbose"": false}, ""model_summary"": {""_target_"": ""lightning.pytorch.callbacks.RichModelSummary"", ""max_depth"": 2}, ""monitor_fix_patch"": {""verbose"": true}, ""monitor_fixed_patch"": {""_target_"": ""src.callbacks.monitor_fixed_patch.MonitorFixedPatch"", ""clip_factor"": 3, ""log_every_n_epochs"": 1, ""patch_json"": ""data/fixed_patches/s1c-s6-raw-s-vv-20250422t061414-20250422t061446-002002-0040d4.json"", ""verbose"": false}, ""monitor_val_recon"": {""_target_"": ""src.callbacks.monitor_val_reconstruction.MonitorValReconstruction"", ""clip_factor"": 3, ""log_every_n_epochs"": 1, ""num_images"": 3, ""verbose"": true}, ""rich_progress_bar"": {""_target_"": ""lightning.pytorch.callbacks.RichProgressBar""}, ""wandb_osh"": {""_target_"": ""wandb_osh.lightning_hooks.TriggerWandbSyncLightningCallback""}}, ""ckpt_path"": null, ""data"": {""_target_"": ""src.data.maya4_dir_datamodule.MAYA4DirDataModule"", ""azimuth_buffer"": 512, ""batch_size"": 4, ""max_products_test"": 2, ""max_products_train"": 10, ""max_products_val"": 2, ""num_workers"": 4, ""online"": false, ""patch_size"": [512, 512], ""pin_memory"": true, ""samples_per_prod"": 1000, ""test_dir"": ""/lustre/projects/1001/rdelprete/SSM/data/ssm_dataset/focused/PT3"", ""train_dir"": ""/lustre/projects/1001/rdelprete/SSM/data/ssm_dataset/focused/PT1"", ""val_dir"": ""/lustre/projects/1001/rdelprete/SSM/data/ssm_dataset/focused/PT2""}, ""determinism"": true, ""experiment_name"": ""rcmc_compress_baseline"", ""extras"": {""enforce_tags"": true, ""ignore_warnings"": false, ""print_config"": true}, ""lambda"": 7, ""logger"": {""wandb"": {""_target_"": ""lightning.pytorch.loggers.wandb.WandbLogger"", ""anonymous"": null, ""entity"": ""cedric-leonard"", ""group"": ""rcmc_grid"", ""id"": null, ""job_type"": """", ""log_model"": false, ""offline"": true, ""prefix"": """", ""project"": ""MAYA_DC"", ""save_dir"": ""/lustre/projects/1001/rdelprete/MAYA_DC/logs/default/multiruns/2026-03-23_16-31-02/lmbda_7_seed_0"", ""tags"": []}}, ""model"": {""_target_"": ""src.models.rcmc_compress_module.RCMCDCmodule"", ""aux_optimizer"": {""_partial_"": true, ""_target_"": ""torch.optim.Adam"", ""lr"": 0.001}, ""azimuth_buffer"": 512, ""compile"": false, ""criterion"": {""_target_"": ""src.models.components.losses.CompoundCompressionLoss"", ""azimuth_buffer"": 512, ""delta_coherence"": 1, ""delta_kde"": 1, ""lmbda"": 7, ""num_kde_bins"": 100, ""patch_size"": [512, 512]}, ""gradient_clip_norm"": 1, ""net"": {""_target_"": ""src.models.components.scale_hyperprior.ScaleHyperprior"", ""activation"": ""gdn"", ""nb_channels_latent"": 256, ""nb_channels_main"": 128, ""nb_input_channels"": 2}, ""net_optimizer"": {""_partial_"": true, ""_target_"": ""torch.optim.Adam"", ""betas"": [0.9, 0.999], ""lr"": 0.0001}, ""scheduler"": {""_partial_"": true, ""_target_"": ""torch.optim.lr_scheduler.ReduceLROnPlateau"", ""factor"": 0.5, ""mode"": ""min"", ""patience"": 5}, ""training_mode"": ""slc""}, ""model/params/non_trainable"": 0, ""model/params/total"": 5626626, ""model/params/trainable"": 5626626, ""patch_size"": [512, 512], ""paths"": {""data_dir"": ""/lustre/projects/1001/rdelprete/MAYA_DC/data/"", ""log_dir"": ""/lustre/projects/1001/rdelprete/MAYA_DC/logs/"", ""output_dir"": ""/lustre/projects/1001/rdelprete/MAYA_DC/logs/default/multiruns/2026-03-23_16-31-02/lmbda_7_seed_0"", ""root_dir"": ""/lustre/projects/1001/rdelprete/MAYA_DC"", ""work_dir"": ""/lustre/home/u10010007""}, ""seed"": 0, ""tags"": [""rcmc_compression"", ""scale_hyperprior"", ""maya4""], ""task_name"": ""default"", ""test"": true, ""train"": true, ""trainer"": {""_target_"": ""lightning.pytorch.trainer.Trainer"", ""accelerator"": ""gpu"", ""check_val_every_n_epoch"": 1, ""default_root_dir"": ""/lustre/projects/1001/rdelprete/MAYA_DC/logs/default/multiruns/2026-03-23_16-31-02/lmbda_7_seed_0"", ""deterministic"": false, ""devices"": 4, ""max_epochs"": 30, ""min_epochs"": 1, ""num_nodes"": 1, ""precision"": ""32-true"", ""strategy"": ""ddp_find_unused_parameters_true"", ""sync_batchnorm"": true}}"
hkpb2391,SHP-gdn_s0_L7_slc_buf512_Compound_lr0.0001_b4_10000p,finished,https://wandb.ai/cedric-leonard/MAYA_DC/runs/hkpb2391,2026-03-25T08:38:32Z,cedric-leonard,MAYA_DC,0.0,7.0,slc,512.0,src.models.components.scale_hyperprior.ScaleHyperprior,ScaleHyperprior,SHyp,gdn,GDN,src.data.maya4_dir_datamodule.MAYA4DirDataModule,MAYA4DirDataModule,MAYA4DirDataModule,src.models.components.losses.CompoundCompressionLoss,Compound,/lustre/projects/1001/rdelprete/MAYA_DC/logs/default/multiruns/2026-03-24_17-14-16_non_square/lmbda_7_seed_0,,True,rcmc_grid_non_square,"[""maya4"", ""rcmc_compression"", ""scale_hyperprior""]",SHyp-GDN | MAYA4DirDataModule | slc | nsk,"{""_runtime"": 3265, ""_step"": 90001, ""_timestamp"": 1774407087.9136703, ""epoch"": 18, ""fixed_patch/reconstruction"": {""_type"": ""image-file"", ""format"": ""png"", ""height"": 600, ""path"": ""media/images/fixed_patch/reconstruction_90000_f2917b3b08db9b894637.png"", ""sha256"": ""f2917b3b08db9b8946371f7755a940f061ed106433284712050fc25e6b3a7b38"", ""size"": 1514530, ""width"": 2000}, ""test/aux"": 3708.90966796875, ""test/coherence"": 0.17576247453689575, ""test/complex_corr_mean"": 0.8242379426956177, ""test/complex_corr_std"": ""NaN"", ""test/distortion"": 0.40266478061676025, ""test/kde"": 0.1062903180718422, ""test/loss"": 2.919787645339966, ""test/mse"": 0.1206120103597641, ""test/phase_err_mean"": 0.12204532325267792, ""test/phase_err_std"": ""NaN"", ""test/psnr_amp"": 22.237628936767575, ""test/rate"": 0.1011335626244545, ""test/ssim_amp"": 0.1515401005744934, ""train/aux"": 33.66841125488281, ""train/coherence"": 0.1257592737674713, ""train/distortion"": 0.22858621180057528, ""train/grad_norm_g_a"": 10.22956085205078, ""train/grad_norm_g_s"": 6.173202037811279, ""train/grad_norm_h_a"": 0.011352336965501308, ""train/grad_norm_h_s"": 0.03503291308879852, ""train/kde"": 0.026416918262839317, ""train/loss"": 1.9133843183517456, ""train/lr"": 4.999999873689376e-05, ""train/mse"": 0.07641001045703888, ""train/rate"": 0.31328099966049194, ""trainer/global_step"": 45000, ""val_batch/coherence_loss"": 0.04221868515014648, ""val_batch/correlation_metric_mean"": 0.9577813148498536, ""val_batch/correlation_metric_std"": ""NaN"", ""val_batch/kde_loss"": 0.3639141321182251, ""val_batch/phase_error"": 0.0224839448928833, ""val_batch/psnr_slc"": 19.82684326171875, ""val_batch/reconstructions"": {""_type"": ""image-file"", ""format"": ""png"", ""height"": 1700, ""path"": ""media/images/val_batch/reconstructions_85051_7e1ac20c0f7c4428ecbe.png"", ""sha256"": ""7e1ac20c0f7c4428ecbe2339aab19e4fd2e227dabc87d6f7e1a1a9868f777a20"", ""size"": 1503691, ""width"": 500}, ""val_batch/ssim_slc"": 0.175849050283432, ""val_batch/x_hat_histogram"": {""_type"": ""histogram""}, ""valid/aux"": 32.237300872802734, ""valid/coherence"": 0.19352127611637115, ""valid/complex_corr_mean"": 0.8064786195755005, ""valid/complex_corr_std"": ""NaN"", ""valid/distortion"": 0.7651063203811646, ""valid/kde"": 0.38748425245285034, ""valid/loss"": 5.456696510314941, ""valid/mse"": 0.184100940823555, ""valid/phase_err_mean"": 0.13102982938289642, ""valid/phase_err_std"": ""NaN"", ""valid/psnr_amp"": 25.606531143188477, ""valid/rate"": 0.10095281898975372, ""valid/rd_scatter_table"": {""_latest_artifact_path"": ""wandb-client-artifact://ojhxa2agc6ojl12hfqr6jb3cimxc1zv9zpgzw7pb9mu85u4oshb7pgf6dwhpmmt6xzz6p8xrx56efwq16u4rt6ptcmxwu4m153oh9v3or7ia8k7untwl5euee9wxqfs4:latest/valid/rd_scatter_table.table.json"", ""_type"": ""table-file"", ""artifact_path"": ""wandb-client-artifact://kip97zckhey5l33kpfym1ydzr5qc08w142n8ptmkm9fvl4ogkl1oxsyuuovqau3tljna1dq5edhxb79ylk3xah7s2ac3muxijw0xbix4w73112l4uqg68tm2a3vszun6/valid/rd_scatter_table.table.json"", ""log_mode"": ""IMMUTABLE"", ""ncols"": 3, ""nrows"": 19, ""path"": ""media/table/valid/rd_scatter_table_90000_babfc3674402d842d21c.table.json"", ""sha256"": ""babfc3674402d842d21cc026d3166035ea854a4d466ad32aaae4326339e65f11"", ""size"": 936}, ""valid/ssim_amp"": 0.15435555577278137}","{""azimuth_buffer"": 512, ""callbacks"": {""early_stopping"": {""_target_"": ""lightning.pytorch.callbacks.EarlyStopping"", ""check_finite"": true, ""check_on_train_epoch_end"": false, ""divergence_threshold"": null, ""min_delta"": 0, ""mode"": ""min"", ""monitor"": ""valid/loss"", ""patience"": 10, ""stopping_threshold"": null, ""strict"": true, ""verbose"": false}, ""model_checkpoint"": {""_target_"": ""lightning.pytorch.callbacks.ModelCheckpoint"", ""auto_insert_metric_name"": false, ""dirpath"": ""/lustre/projects/1001/rdelprete/MAYA_DC/logs/default/multiruns/2026-03-24_17-14-16_non_square/lmbda_7_seed_0/checkpoints"", ""every_n_epochs"": null, ""every_n_train_steps"": null, ""filename"": ""epoch_{epoch:03d}_loss_{valid/loss:.4f}"", ""mode"": ""min"", ""monitor"": ""valid/loss"", ""save_last"": true, ""save_on_train_epoch_end"": null, ""save_top_k"": 1, ""save_weights_only"": false, ""train_time_interval"": null, ""verbose"": false}, ""model_summary"": {""_target_"": ""lightning.pytorch.callbacks.RichModelSummary"", ""max_depth"": 2}, ""monitor_fix_patch"": {""verbose"": true}, ""monitor_fixed_patch"": {""_target_"": ""src.callbacks.monitor_fixed_patch.MonitorFixedPatch"", ""clip_factor"": 3, ""log_every_n_epochs"": 1, ""patch_json"": ""data/fixed_patches/s1c-s6-raw-s-vv-20250422t061414-20250422t061446-002002-0040d4.json"", ""verbose"": false}, ""monitor_val_recon"": {""_target_"": ""src.callbacks.monitor_val_reconstruction.MonitorValReconstruction"", ""clip_factor"": 3, ""log_every_n_epochs"": 1, ""num_images"": 3, ""verbose"": true}, ""rich_progress_bar"": {""_target_"": ""lightning.pytorch.callbacks.RichProgressBar""}, ""wandb_osh"": {""_target_"": ""wandb_osh.lightning_hooks.TriggerWandbSyncLightningCallback""}}, ""ckpt_path"": null, ""data"": {""_target_"": ""src.data.maya4_dir_datamodule.MAYA4DirDataModule"", ""azimuth_buffer"": 512, ""batch_size"": 4, ""max_products_test"": 2, ""max_products_train"": 10, ""max_products_val"": 2, ""num_workers"": 4, ""online"": false, ""patch_size"": [512, 512], ""pin_memory"": true, ""samples_per_prod"": 1000, ""test_dir"": ""/lustre/projects/1001/rdelprete/SSM/data/ssm_dataset/focused/PT3"", ""train_dir"": ""/lustre/projects/1001/rdelprete/SSM/data/ssm_dataset/focused/PT1"", ""val_dir"": ""/lustre/projects/1001/rdelprete/SSM/data/ssm_dataset/focused/PT2""}, ""determinism"": true, ""experiment_name"": ""rcmc_compress_baseline"", ""extras"": {""enforce_tags"": true, ""ignore_warnings"": false, ""print_config"": true}, ""lambda"": 7, ""logger"": {""wandb"": {""_target_"": ""lightning.pytorch.loggers.wandb.WandbLogger"", ""anonymous"": null, ""entity"": ""cedric-leonard"", ""group"": ""rcmc_grid_non_square"", ""id"": null, ""job_type"": """", ""log_model"": false, ""offline"": true, ""prefix"": """", ""project"": ""MAYA_DC"", ""save_dir"": ""/lustre/projects/1001/rdelprete/MAYA_DC/logs/default/multiruns/2026-03-24_17-14-16_non_square/lmbda_7_seed_0"", ""tags"": []}}, ""model"": {""_target_"": ""src.models.rcmc_compress_module.RCMCDCmodule"", ""aux_optimizer"": {""_partial_"": true, ""_target_"": ""torch.optim.Adam"", ""lr"": 0.001}, ""azimuth_buffer"": 512, ""compile"": false, ""criterion"": {""_target_"": ""src.models.components.losses.CompoundCompressionLoss"", ""azimuth_buffer"": 512, ""delta_coherence"": 1, ""delta_kde"": 1, ""lmbda"": 7, ""num_kde_bins"": 100, ""patch_size"": [512, 512]}, ""gradient_clip_norm"": 1, ""net"": {""_target_"": ""src.models.components.scale_hyperprior.ScaleHyperprior"", ""activation"": ""gdn"", ""nb_channels_latent"": 256, ""nb_channels_main"": 128, ""nb_input_channels"": 2, ""non_square_kernels"": true}, ""net_optimizer"": {""_partial_"": true, ""_target_"": ""torch.optim.Adam"", ""betas"": [0.9, 0.999], ""lr"": 0.0001}, ""scheduler"": {""_partial_"": true, ""_target_"": ""torch.optim.lr_scheduler.ReduceLROnPlateau"", ""factor"": 0.5, ""mode"": ""min"", ""patience"": 5}, ""training_mode"": ""slc""}, ""model/params/non_trainable"": 0, ""model/params/total"": 16662274, ""model/params/trainable"": 16662274, ""patch_size"": [512, 512], ""paths"": {""data_dir"": ""/lustre/projects/1001/rdelprete/MAYA_DC/data/"", ""log_dir"": ""/lustre/projects/1001/rdelprete/MAYA_DC/logs/"", ""output_dir"": ""/lustre/projects/1001/rdelprete/MAYA_DC/logs/default/multiruns/2026-03-24_17-14-16_non_square/lmbda_7_seed_0"", ""root_dir"": ""/lustre/projects/1001/rdelprete/MAYA_DC"", ""work_dir"": ""/lustre/home/u10010007""}, ""seed"": 0, ""tags"": [""rcmc_compression"", ""scale_hyperprior"", ""maya4""], ""task_name"": ""default"", ""test"": true, ""train"": true, ""trainer"": {""_target_"": ""lightning.pytorch.trainer.Trainer"", ""accelerator"": ""gpu"", ""check_val_every_n_epoch"": 1, ""default_root_dir"": ""/lustre/projects/1001/rdelprete/MAYA_DC/logs/default/multiruns/2026-03-24_17-14-16_non_square/lmbda_7_seed_0"", ""deterministic"": false, ""devices"": 4, ""max_epochs"": 30, ""min_epochs"": 1, ""num_nodes"": 1, ""precision"": ""32-true"", ""strategy"": ""ddp_find_unused_parameters_true"", ""sync_batchnorm"": true}}"
x55iis7w,SHP-gdn_s1_L7_slc_buf512_Compound_lr0.0001_b4_10000p,finished,https://wandb.ai/cedric-leonard/MAYA_DC/runs/x55iis7w,2026-03-23T16:33:19Z,cedric-leonard,MAYA_DC,1.0,7.0,slc,512.0,src.models.components.scale_hyperprior.ScaleHyperprior,ScaleHyperprior,SHyp,gdn,GDN,src.data.maya4_dir_datamodule.MAYA4DirDataModule,MAYA4DirDataModule,MAYA4DirDataModule,src.models.components.losses.CompoundCompressionLoss,Compound,/lustre/projects/1001/rdelprete/MAYA_DC/logs/default/multiruns/2026-03-23_16-31-02/lmbda_7_seed_1,,False,rcmc_grid,"[""maya4"", ""rcmc_compression"", ""scale_hyperprior""]",SHyp-GDN | MAYA4DirDataModule | slc | sq,"{""_runtime"": 4346, ""_step"": 135001, ""_timestamp"": 1774287515.251179, ""epoch"": 27, ""fixed_patch/reconstruction"": {""_type"": ""image-file"", ""format"": ""png"", ""height"": 600, ""path"": ""media/images/fixed_patch/reconstruction_135000_1ef2f93b5d5cd684ccd3.png"", ""sha256"": ""1ef2f93b5d5cd684ccd3cb57d763c3e4e067859b0444e6bb91037038de9fda1d"", ""size"": 1576396, ""width"": 2000}, ""test/aux"": 26.583009719848633, ""test/coherence"": 0.15705573558807373, ""test/complex_corr_mean"": 0.842944324016571, ""test/complex_corr_std"": ""NaN"", ""test/distortion"": 0.35911503434181213, ""test/kde"": 0.09358992427587508, ""test/loss"": 2.7144696712493896, ""test/mse"": 0.10846949368715286, ""test/phase_err_mean"": 0.11284200847148897, ""test/phase_err_std"": ""NaN"", ""test/psnr_amp"": 22.663921356201172, ""test/rate"": 0.20066341757774353, ""test/ssim_amp"": 0.2408999651670456, ""train/aux"": 33.74656677246094, ""train/coherence"": 0.11189791560173036, ""train/distortion"": 0.19814355671405792, ""train/grad_norm_g_a"": 3.014535665512085, ""train/grad_norm_g_s"": 2.5030863285064697, ""train/grad_norm_h_a"": 0.02199328877031803, ""train/grad_norm_h_s"": 0.0529710128903389, ""train/kde"": 0.016965994611382484, ""train/loss"": 1.7765250205993652, ""train/lr"": 2.499999936844688e-05, ""train/mse"": 0.06927965581417084, ""train/rate"": 0.38952022790908813, ""trainer/global_step"": 67500, ""val_batch/coherence_loss"": 0.04372936487197876, ""val_batch/correlation_metric_mean"": 0.9562706351280212, ""val_batch/correlation_metric_std"": ""NaN"", ""val_batch/kde_loss"": 0.2879001200199127, ""val_batch/phase_error"": 0.02389085292816162, ""val_batch/psnr_slc"": 19.79193878173828, ""val_batch/reconstructions"": {""_type"": ""image-file"", ""format"": ""png"", ""height"": 1700, ""path"": ""media/images/val_batch/reconstructions_130051_20183f0510d0013e2f27.png"", ""sha256"": ""20183f0510d0013e2f275b782d43960c3b45328ad86d9b69d00bccf49d5483c1"", ""size"": 1522039, ""width"": 500}, ""val_batch/ssim_slc"": 0.20645499229431152, ""val_batch/x_hat_histogram"": {""_type"": ""histogram""}, ""valid/aux"": 33.24909591674805, ""valid/coherence"": 0.18845154345035553, ""valid/complex_corr_mean"": 0.8115483522415161, ""valid/complex_corr_std"": ""NaN"", ""valid/distortion"": 0.5341991186141968, ""valid/kde"": 0.16186779737472534, ""valid/loss"": 3.9638822078704834, ""valid/mse"": 0.18387968838214871, ""valid/phase_err_mean"": 0.13846606016159058, ""valid/phase_err_std"": ""NaN"", ""valid/psnr_amp"": 25.84162139892578, ""valid/rate"": 0.22448910772800448, ""valid/rd_scatter_table"": {""_latest_artifact_path"": ""wandb-client-artifact://yevnde699w7dseiyu6r7lupst273ias4z7b7r7qm6efbvjeb269eio6bcylkjmzcudl07jnr7rh3nuxvdojim6hh7teb7zntblvxc895e6d06wm43hz7dyb8psstrgc6:latest/valid/rd_scatter_table.table.json"", ""_type"": ""table-file"", ""artifact_path"": ""wandb-client-artifact://fmb1484ba3tqd4ewq02jyui8uhqkqek90znhmw1pr5ewp3xgn88ibp1afytw05wyz2o8lw1qtfz2p0ezlebjzjpka5ep5409jag9wss542u23ksq9mygzo78av6gp0a9/valid/rd_scatter_table.table.json"", ""log_mode"": ""IMMUTABLE"", ""ncols"": 3, ""nrows"": 28, ""path"": ""media/table/valid/rd_scatter_table_135000_41fedf6c556f17536812.table.json"", ""sha256"": ""41fedf6c556f1753681252075a4345d3aafc4e90eb52f624161ddd75559ec583"", ""size"": 1356}, ""valid/ssim_amp"": 0.25695037841796875}","{""azimuth_buffer"": 512, ""callbacks"": {""early_stopping"": {""_target_"": ""lightning.pytorch.callbacks.EarlyStopping"", ""check_finite"": true, ""check_on_train_epoch_end"": false, ""divergence_threshold"": null, ""min_delta"": 0, ""mode"": ""min"", ""monitor"": ""valid/loss"", ""patience"": 10, ""stopping_threshold"": null, ""strict"": true, ""verbose"": false}, ""model_checkpoint"": {""_target_"": ""lightning.pytorch.callbacks.ModelCheckpoint"", ""auto_insert_metric_name"": false, ""dirpath"": ""/lustre/projects/1001/rdelprete/MAYA_DC/logs/default/multiruns/2026-03-23_16-31-02/lmbda_7_seed_1/checkpoints"", ""every_n_epochs"": null, ""every_n_train_steps"": null, ""filename"": ""epoch_{epoch:03d}_loss_{valid/loss:.4f}"", ""mode"": ""min"", ""monitor"": ""valid/loss"", ""save_last"": true, ""save_on_train_epoch_end"": null, ""save_top_k"": 1, ""save_weights_only"": false, ""train_time_interval"": null, ""verbose"": false}, ""model_summary"": {""_target_"": ""lightning.pytorch.callbacks.RichModelSummary"", ""max_depth"": 2}, ""monitor_fix_patch"": {""verbose"": true}, ""monitor_fixed_patch"": {""_target_"": ""src.callbacks.monitor_fixed_patch.MonitorFixedPatch"", ""clip_factor"": 3, ""log_every_n_epochs"": 1, ""patch_json"": ""data/fixed_patches/s1c-s6-raw-s-vv-20250422t061414-20250422t061446-002002-0040d4.json"", ""verbose"": false}, ""monitor_val_recon"": {""_target_"": ""src.callbacks.monitor_val_reconstruction.MonitorValReconstruction"", ""clip_factor"": 3, ""log_every_n_epochs"": 1, ""num_images"": 3, ""verbose"": true}, ""rich_progress_bar"": {""_target_"": ""lightning.pytorch.callbacks.RichProgressBar""}, ""wandb_osh"": {""_target_"": ""wandb_osh.lightning_hooks.TriggerWandbSyncLightningCallback""}}, ""ckpt_path"": null, ""data"": {""_target_"": ""src.data.maya4_dir_datamodule.MAYA4DirDataModule"", ""azimuth_buffer"": 512, ""batch_size"": 4, ""max_products_test"": 2, ""max_products_train"": 10, ""max_products_val"": 2, ""num_workers"": 4, ""online"": false, ""patch_size"": [512, 512], ""pin_memory"": true, ""samples_per_prod"": 1000, ""test_dir"": ""/lustre/projects/1001/rdelprete/SSM/data/ssm_dataset/focused/PT3"", ""train_dir"": ""/lustre/projects/1001/rdelprete/SSM/data/ssm_dataset/focused/PT1"", ""val_dir"": ""/lustre/projects/1001/rdelprete/SSM/data/ssm_dataset/focused/PT2""}, ""determinism"": true, ""experiment_name"": ""rcmc_compress_baseline"", ""extras"": {""enforce_tags"": true, ""ignore_warnings"": false, ""print_config"": true}, ""lambda"": 7, ""logger"": {""wandb"": {""_target_"": ""lightning.pytorch.loggers.wandb.WandbLogger"", ""anonymous"": null, ""entity"": ""cedric-leonard"", ""group"": ""rcmc_grid"", ""id"": null, ""job_type"": """", ""log_model"": false, ""offline"": true, ""prefix"": """", ""project"": ""MAYA_DC"", ""save_dir"": ""/lustre/projects/1001/rdelprete/MAYA_DC/logs/default/multiruns/2026-03-23_16-31-02/lmbda_7_seed_1"", ""tags"": []}}, ""model"": {""_target_"": ""src.models.rcmc_compress_module.RCMCDCmodule"", ""aux_optimizer"": {""_partial_"": true, ""_target_"": ""torch.optim.Adam"", ""lr"": 0.001}, ""azimuth_buffer"": 512, ""compile"": false, ""criterion"": {""_target_"": ""src.models.components.losses.CompoundCompressionLoss"", ""azimuth_buffer"": 512, ""delta_coherence"": 1, ""delta_kde"": 1, ""lmbda"": 7, ""num_kde_bins"": 100, ""patch_size"": [512, 512]}, ""gradient_clip_norm"": 1, ""net"": {""_target_"": ""src.models.components.scale_hyperprior.ScaleHyperprior"", ""activation"": ""gdn"", ""nb_channels_latent"": 256, ""nb_channels_main"": 128, ""nb_input_channels"": 2}, ""net_optimizer"": {""_partial_"": true, ""_target_"": ""torch.optim.Adam"", ""betas"": [0.9, 0.999], ""lr"": 0.0001}, ""scheduler"": {""_partial_"": true, ""_target_"": ""torch.optim.lr_scheduler.ReduceLROnPlateau"", ""factor"": 0.5, ""mode"": ""min"", ""patience"": 5}, ""training_mode"": ""slc""}, ""model/params/non_trainable"": 0, ""model/params/total"": 5626626, ""model/params/trainable"": 5626626, ""patch_size"": [512, 512], ""paths"": {""data_dir"": ""/lustre/projects/1001/rdelprete/MAYA_DC/data/"", ""log_dir"": ""/lustre/projects/1001/rdelprete/MAYA_DC/logs/"", ""output_dir"": ""/lustre/projects/1001/rdelprete/MAYA_DC/logs/default/multiruns/2026-03-23_16-31-02/lmbda_7_seed_1"", ""root_dir"": ""/lustre/projects/1001/rdelprete/MAYA_DC"", ""work_dir"": ""/lustre/home/u10010007""}, ""seed"": 1, ""tags"": [""rcmc_compression"", ""scale_hyperprior"", ""maya4""], ""task_name"": ""default"", ""test"": true, ""train"": true, ""trainer"": {""_target_"": ""lightning.pytorch.trainer.Trainer"", ""accelerator"": ""gpu"", ""check_val_every_n_epoch"": 1, ""default_root_dir"": ""/lustre/projects/1001/rdelprete/MAYA_DC/logs/default/multiruns/2026-03-23_16-31-02/lmbda_7_seed_1"", ""deterministic"": false, ""devices"": 4, ""max_epochs"": 30, ""min_epochs"": 1, ""num_nodes"": 1, ""precision"": ""32-true"", ""strategy"": ""ddp_find_unused_parameters_true"", ""sync_batchnorm"": true}}"
lh52b0kh,SHP-gdn_s1_L7_slc_buf512_Compound_lr0.0001_b4_10000p,finished,https://wandb.ai/cedric-leonard/MAYA_DC/runs/lh52b0kh,2026-03-25T09:06:55Z,cedric-leonard,MAYA_DC,1.0,7.0,slc,512.0,src.models.components.scale_hyperprior.ScaleHyperprior,ScaleHyperprior,SHyp,gdn,GDN,src.data.maya4_dir_datamodule.MAYA4DirDataModule,MAYA4DirDataModule,MAYA4DirDataModule,src.models.components.losses.CompoundCompressionLoss,Compound,/lustre/projects/1001/rdelprete/MAYA_DC/logs/default/multiruns/2026-03-24_17-14-16_non_square/lmbda_7_seed_1,,True,rcmc_grid_non_square,"[""maya4"", ""rcmc_compression"", ""scale_hyperprior""]",SHyp-GDN | MAYA4DirDataModule | slc | nsk,"{""_runtime"": 3093, ""_step"": 85001, ""_timestamp"": 1774408237.275033, ""epoch"": 17, ""fixed_patch/reconstruction"": {""_type"": ""image-file"", ""format"": ""png"", ""height"": 600, ""path"": ""media/images/fixed_patch/reconstruction_85000_fc80461b05555bbbeb19.png"", ""sha256"": ""fc80461b05555bbbeb1991635d2030f203ffe1f49d0ba4bf1d2609347d7b162b"", ""size"": 1498412, ""width"": 2000}, ""test/aux"": 12403.0107421875, ""test/coherence"": 0.176170215010643, ""test/complex_corr_mean"": 0.8238298892974854, ""test/complex_corr_std"": ""NaN"", ""test/distortion"": 0.4262605011463166, ""test/kde"": 0.12955862283706665, ""test/loss"": 3.0778043270111084, ""test/mse"": 0.1205315962433815, ""test/phase_err_mean"": 0.12074841558933258, ""test/phase_err_std"": ""NaN"", ""test/psnr_amp"": 22.222410202026367, ""test/rate"": 0.093980610370636, ""test/ssim_amp"": 0.135333314538002, ""train/aux"": 21.89937973022461, ""train/coherence"": 0.12564300000667572, ""train/distortion"": 0.22148430347442627, ""train/grad_norm_g_a"": 2.9980475902557373, ""train/grad_norm_g_s"": 3.0138356685638428, ""train/grad_norm_h_a"": 0.021517373621463776, ""train/grad_norm_h_s"": 0.10503149032592772, ""train/kde"": 0.019369713962078094, ""train/loss"": 1.884122610092163, ""train/lr"": 4.999999873689376e-05, ""train/mse"": 0.07647158205509186, ""train/rate"": 0.333732545375824, ""trainer/global_step"": 42500, ""val_batch/coherence_loss"": 0.04147261381149292, ""val_batch/correlation_metric_mean"": 0.958527445793152, ""val_batch/correlation_metric_std"": ""NaN"", ""val_batch/kde_loss"": 0.35770171880722046, ""val_batch/phase_error"": 0.02174144983291626, ""val_batch/psnr_slc"": 19.833641052246097, ""val_batch/reconstructions"": {""_type"": ""image-file"", ""format"": ""png"", ""height"": 1700, ""path"": ""media/images/val_batch/reconstructions_80051_758f29d560e028db6ab4.png"", ""sha256"": ""758f29d560e028db6ab4feee4ab5c07188e54ede4b027a33df21517a579b1a3f"", ""size"": 1520064, ""width"": 500}, ""val_batch/ssim_slc"": 0.18229514360427856, ""val_batch/x_hat_histogram"": {""_type"": ""histogram""}, ""valid/aux"": 21.020795822143555, ""valid/coherence"": 0.19265389442443848, ""valid/complex_corr_mean"": 0.8073461055755615, ""valid/complex_corr_std"": ""NaN"", ""valid/distortion"": 0.7670144438743591, ""valid/kde"": 0.3910128176212311, ""valid/loss"": 5.474804878234863, ""valid/mse"": 0.18334786593914032, ""valid/phase_err_mean"": 0.13078714907169342, ""valid/phase_err_std"": ""NaN"", ""valid/psnr_amp"": 25.606164932250977, ""valid/rate"": 0.10570309311151505, ""valid/rd_scatter_table"": {""_latest_artifact_path"": ""wandb-client-artifact://un7srejrjqv1ycygr7mgac7rbjpng1lmkimtfy69b82s2yhhr3mtsla0pka2eprx3zvvqdhunrqmtp5kxmhkd3gk84c14qdpzmzyu6xkpjbms2ul7nrn4j5z21cdo9y1:latest/valid/rd_scatter_table.table.json"", ""_type"": ""table-file"", ""artifact_path"": ""wandb-client-artifact://fv6h58y8alybdz47n8k4si2h1g5xrx7hpr3g42yk6e7rkdolpdh83io7npeczvaxcmfyrzvdqmmimcnruua8bjpcte573lpki66mrpskcw0xlsdmpw6xqmt6vjmax763/valid/rd_scatter_table.table.json"", ""log_mode"": ""IMMUTABLE"", ""ncols"": 3, ""nrows"": 18, ""path"": ""media/table/valid/rd_scatter_table_85000_9fd129df59053d893523.table.json"", ""sha256"": ""9fd129df59053d893523e3492744bd7666db3a1d0ca975fa12d31990f798828c"", ""size"": 889}, ""valid/ssim_amp"": 0.15414832532405853}","{""azimuth_buffer"": 512, ""callbacks"": {""early_stopping"": {""_target_"": ""lightning.pytorch.callbacks.EarlyStopping"", ""check_finite"": true, ""check_on_train_epoch_end"": false, ""divergence_threshold"": null, ""min_delta"": 0, ""mode"": ""min"", ""monitor"": ""valid/loss"", ""patience"": 10, ""stopping_threshold"": null, ""strict"": true, ""verbose"": false}, ""model_checkpoint"": {""_target_"": ""lightning.pytorch.callbacks.ModelCheckpoint"", ""auto_insert_metric_name"": false, ""dirpath"": ""/lustre/projects/1001/rdelprete/MAYA_DC/logs/default/multiruns/2026-03-24_17-14-16_non_square/lmbda_7_seed_1/checkpoints"", ""every_n_epochs"": null, ""every_n_train_steps"": null, ""filename"": ""epoch_{epoch:03d}_loss_{valid/loss:.4f}"", ""mode"": ""min"", ""monitor"": ""valid/loss"", ""save_last"": true, ""save_on_train_epoch_end"": null, ""save_top_k"": 1, ""save_weights_only"": false, ""train_time_interval"": null, ""verbose"": false}, ""model_summary"": {""_target_"": ""lightning.pytorch.callbacks.RichModelSummary"", ""max_depth"": 2}, ""monitor_fix_patch"": {""verbose"": true}, ""monitor_fixed_patch"": {""_target_"": ""src.callbacks.monitor_fixed_patch.MonitorFixedPatch"", ""clip_factor"": 3, ""log_every_n_epochs"": 1, ""patch_json"": ""data/fixed_patches/s1c-s6-raw-s-vv-20250422t061414-20250422t061446-002002-0040d4.json"", ""verbose"": false}, ""monitor_val_recon"": {""_target_"": ""src.callbacks.monitor_val_reconstruction.MonitorValReconstruction"", ""clip_factor"": 3, ""log_every_n_epochs"": 1, ""num_images"": 3, ""verbose"": true}, ""rich_progress_bar"": {""_target_"": ""lightning.pytorch.callbacks.RichProgressBar""}, ""wandb_osh"": {""_target_"": ""wandb_osh.lightning_hooks.TriggerWandbSyncLightningCallback""}}, ""ckpt_path"": null, ""data"": {""_target_"": ""src.data.maya4_dir_datamodule.MAYA4DirDataModule"", ""azimuth_buffer"": 512, ""batch_size"": 4, ""max_products_test"": 2, ""max_products_train"": 10, ""max_products_val"": 2, ""num_workers"": 4, ""online"": false, ""patch_size"": [512, 512], ""pin_memory"": true, ""samples_per_prod"": 1000, ""test_dir"": ""/lustre/projects/1001/rdelprete/SSM/data/ssm_dataset/focused/PT3"", ""train_dir"": ""/lustre/projects/1001/rdelprete/SSM/data/ssm_dataset/focused/PT1"", ""val_dir"": ""/lustre/projects/1001/rdelprete/SSM/data/ssm_dataset/focused/PT2""}, ""determinism"": true, ""experiment_name"": ""rcmc_compress_baseline"", ""extras"": {""enforce_tags"": true, ""ignore_warnings"": false, ""print_config"": true}, ""lambda"": 7, ""logger"": {""wandb"": {""_target_"": ""lightning.pytorch.loggers.wandb.WandbLogger"", ""anonymous"": null, ""entity"": ""cedric-leonard"", ""group"": ""rcmc_grid_non_square"", ""id"": null, ""job_type"": """", ""log_model"": false, ""offline"": true, ""prefix"": """", ""project"": ""MAYA_DC"", ""save_dir"": ""/lustre/projects/1001/rdelprete/MAYA_DC/logs/default/multiruns/2026-03-24_17-14-16_non_square/lmbda_7_seed_1"", ""tags"": []}}, ""model"": {""_target_"": ""src.models.rcmc_compress_module.RCMCDCmodule"", ""aux_optimizer"": {""_partial_"": true, ""_target_"": ""torch.optim.Adam"", ""lr"": 0.001}, ""azimuth_buffer"": 512, ""compile"": false, ""criterion"": {""_target_"": ""src.models.components.losses.CompoundCompressionLoss"", ""azimuth_buffer"": 512, ""delta_coherence"": 1, ""delta_kde"": 1, ""lmbda"": 7, ""num_kde_bins"": 100, ""patch_size"": [512, 512]}, ""gradient_clip_norm"": 1, ""net"": {""_target_"": ""src.models.components.scale_hyperprior.ScaleHyperprior"", ""activation"": ""gdn"", ""nb_channels_latent"": 256, ""nb_channels_main"": 128, ""nb_input_channels"": 2, ""non_square_kernels"": true}, ""net_optimizer"": {""_partial_"": true, ""_target_"": ""torch.optim.Adam"", ""betas"": [0.9, 0.999], ""lr"": 0.0001}, ""scheduler"": {""_partial_"": true, ""_target_"": ""torch.optim.lr_scheduler.ReduceLROnPlateau"", ""factor"": 0.5, ""mode"": ""min"", ""patience"": 5}, ""training_mode"": ""slc""}, ""model/params/non_trainable"": 0, ""model/params/total"": 16662274, ""model/params/trainable"": 16662274, ""patch_size"": [512, 512], ""paths"": {""data_dir"": ""/lustre/projects/1001/rdelprete/MAYA_DC/data/"", ""log_dir"": ""/lustre/projects/1001/rdelprete/MAYA_DC/logs/"", ""output_dir"": ""/lustre/projects/1001/rdelprete/MAYA_DC/logs/default/multiruns/2026-03-24_17-14-16_non_square/lmbda_7_seed_1"", ""root_dir"": ""/lustre/projects/1001/rdelprete/MAYA_DC"", ""work_dir"": ""/lustre/home/u10010007""}, ""seed"": 1, ""tags"": [""rcmc_compression"", ""scale_hyperprior"", ""maya4""], ""task_name"": ""default"", ""test"": true, ""train"": true, ""trainer"": {""_target_"": ""lightning.pytorch.trainer.Trainer"", ""accelerator"": ""gpu"", ""check_val_every_n_epoch"": 1, ""default_root_dir"": ""/lustre/projects/1001/rdelprete/MAYA_DC/logs/default/multiruns/2026-03-24_17-14-16_non_square/lmbda_7_seed_1"", ""deterministic"": false, ""devices"": 4, ""max_epochs"": 30, ""min_epochs"": 1, ""num_nodes"": 1, ""precision"": ""32-true"", ""strategy"": ""ddp_find_unused_parameters_true"", ""sync_batchnorm"": true}}"
uc714x58,SHP-gdn_s2_L7_slc_buf512_Compound_lr0.0001_b4_10000p,finished,https://wandb.ai/cedric-leonard/MAYA_DC/runs/uc714x58,2026-03-23T16:36:22Z,cedric-leonard,MAYA_DC,2.0,7.0,slc,512.0,src.models.components.scale_hyperprior.ScaleHyperprior,ScaleHyperprior,SHyp,gdn,GDN,src.data.maya4_dir_datamodule.MAYA4DirDataModule,MAYA4DirDataModule,MAYA4DirDataModule,src.models.components.losses.CompoundCompressionLoss,Compound,/lustre/projects/1001/rdelprete/MAYA_DC/logs/default/multiruns/2026-03-23_16-31-02/lmbda_7_seed_2,,False,rcmc_grid,"[""maya4"", ""rcmc_compression"", ""scale_hyperprior""]",SHyp-GDN | MAYA4DirDataModule | slc | sq,"{""_runtime"": 2969, ""_step"": 90001, ""_timestamp"": 1774286336.2869542, ""epoch"": 18, ""fixed_patch/reconstruction"": {""_type"": ""image-file"", ""format"": ""png"", ""height"": 600, ""path"": ""media/images/fixed_patch/reconstruction_90000_6798c7501857cd1e6537.png"", ""sha256"": ""6798c7501857cd1e6537da9671688b5fb31ff87337da2a8e5890b889c1e1c294"", ""size"": 1601417, ""width"": 2000}, ""test/aux"": 9266.00390625, ""test/coherence"": 0.18273942172527313, ""test/complex_corr_mean"": 0.8172602653503418, ""test/complex_corr_std"": ""NaN"", ""test/distortion"": 0.3614700138568878, ""test/kde"": 0.0504181832075119, ""test/loss"": 2.6650636196136475, ""test/mse"": 0.12831242382526398, ""test/phase_err_mean"": 0.13118363916873932, ""test/phase_err_std"": ""NaN"", ""test/psnr_amp"": 22.14482688903809, ""test/rate"": 0.13477282226085663, ""test/ssim_amp"": 0.17826786637306213, ""train/aux"": 21.598407745361328, ""train/coherence"": 0.2361517548561096, ""train/distortion"": 0.547355055809021, ""train/grad_norm_g_a"": 5.911718368530273, ""train/grad_norm_g_s"": 5.496184825897217, ""train/grad_norm_h_a"": 0.028954481706023216, ""train/grad_norm_h_s"": 0.02929447963833809, ""train/kde"": 0.03608698025345802, ""train/loss"": 4.249723434448242, ""train/lr"": 4.999999873689376e-05, ""train/mse"": 0.27511635422706604, ""train/rate"": 0.41823774576187134, ""trainer/global_step"": 45000, ""val_batch/coherence_loss"": 0.045787155628204346, ""val_batch/correlation_metric_mean"": 0.9542129635810852, ""val_batch/correlation_metric_std"": ""NaN"", ""val_batch/kde_loss"": 0.22985324263572693, ""val_batch/phase_error"": 0.0250927209854126, ""val_batch/psnr_slc"": 19.657310485839844, ""val_batch/reconstructions"": {""_type"": ""image-file"", ""format"": ""png"", ""height"": 1700, ""path"": ""media/images/val_batch/reconstructions_85051_f290eca7a2e8b9089a7b.png"", ""sha256"": ""f290eca7a2e8b9089a7b90bf785d91f4bc2764f4c05a891d38e1bc6376fc1a15"", ""size"": 1502017, ""width"": 500}, ""val_batch/ssim_slc"": 0.2040306925773621, ""val_batch/x_hat_histogram"": {""_type"": ""histogram""}, ""valid/aux"": 22.72956085205078, ""valid/coherence"": 0.1988600641489029, ""valid/complex_corr_mean"": 0.8011401295661926, ""valid/complex_corr_std"": ""NaN"", ""valid/distortion"": 0.5229207277297974, ""valid/kde"": 0.12966930866241455, ""valid/loss"": 3.8688511848449703, ""valid/mse"": 0.19439123570919037, ""valid/phase_err_mean"": 0.14569701254367828, ""valid/phase_err_std"": ""NaN"", ""valid/psnr_amp"": 25.672643661499023, ""valid/rate"": 0.20840537548065183, ""valid/rd_scatter_table"": {""_latest_artifact_path"": ""wandb-client-artifact://mwpq4hu9j7724aak3po1lknuyrromicergo1lwu7nt0q9oi2yzxvorjcejwhw2oy3g7q7aaxc0cajn6ccfltbj4lfy3egzzim2biaadiqdh1zskl8ko8frp4ecjy6kua:latest/valid/rd_scatter_table.table.json"", ""_type"": ""table-file"", ""artifact_path"": ""wandb-client-artifact://69po54wwrs5d4i4gw56s32bjw9c3z50wqe8dzy65m6qkg2ofrrkdngy97r7l7fibzohudqpa8g46i4f4wjktkfdba6skk92zjop7yo3uejgv9n95nmnjgn8q17bw2gn2/valid/rd_scatter_table.table.json"", ""log_mode"": ""IMMUTABLE"", ""ncols"": 3, ""nrows"": 19, ""path"": ""media/table/valid/rd_scatter_table_90000_098ae95bf5808a9d3bf9.table.json"", ""sha256"": ""098ae95bf5808a9d3bf9bde39187b0dbc249fc469f76e7879c967feae53dd2bb"", ""size"": 936}, ""valid/ssim_amp"": 0.23657312989234924}","{""azimuth_buffer"": 512, ""callbacks"": {""early_stopping"": {""_target_"": ""lightning.pytorch.callbacks.EarlyStopping"", ""check_finite"": true, ""check_on_train_epoch_end"": false, ""divergence_threshold"": null, ""min_delta"": 0, ""mode"": ""min"", ""monitor"": ""valid/loss"", ""patience"": 10, ""stopping_threshold"": null, ""strict"": true, ""verbose"": false}, ""model_checkpoint"": {""_target_"": ""lightning.pytorch.callbacks.ModelCheckpoint"", ""auto_insert_metric_name"": false, ""dirpath"": ""/lustre/projects/1001/rdelprete/MAYA_DC/logs/default/multiruns/2026-03-23_16-31-02/lmbda_7_seed_2/checkpoints"", ""every_n_epochs"": null, ""every_n_train_steps"": null, ""filename"": ""epoch_{epoch:03d}_loss_{valid/loss:.4f}"", ""mode"": ""min"", ""monitor"": ""valid/loss"", ""save_last"": true, ""save_on_train_epoch_end"": null, ""save_top_k"": 1, ""save_weights_only"": false, ""train_time_interval"": null, ""verbose"": false}, ""model_summary"": {""_target_"": ""lightning.pytorch.callbacks.RichModelSummary"", ""max_depth"": 2}, ""monitor_fix_patch"": {""verbose"": true}, ""monitor_fixed_patch"": {""_target_"": ""src.callbacks.monitor_fixed_patch.MonitorFixedPatch"", ""clip_factor"": 3, ""log_every_n_epochs"": 1, ""patch_json"": ""data/fixed_patches/s1c-s6-raw-s-vv-20250422t061414-20250422t061446-002002-0040d4.json"", ""verbose"": false}, ""monitor_val_recon"": {""_target_"": ""src.callbacks.monitor_val_reconstruction.MonitorValReconstruction"", ""clip_factor"": 3, ""log_every_n_epochs"": 1, ""num_images"": 3, ""verbose"": true}, ""rich_progress_bar"": {""_target_"": ""lightning.pytorch.callbacks.RichProgressBar""}, ""wandb_osh"": {""_target_"": ""wandb_osh.lightning_hooks.TriggerWandbSyncLightningCallback""}}, ""ckpt_path"": null, ""data"": {""_target_"": ""src.data.maya4_dir_datamodule.MAYA4DirDataModule"", ""azimuth_buffer"": 512, ""batch_size"": 4, ""max_products_test"": 2, ""max_products_train"": 10, ""max_products_val"": 2, ""num_workers"": 4, ""online"": false, ""patch_size"": [512, 512], ""pin_memory"": true, ""samples_per_prod"": 1000, ""test_dir"": ""/lustre/projects/1001/rdelprete/SSM/data/ssm_dataset/focused/PT3"", ""train_dir"": ""/lustre/projects/1001/rdelprete/SSM/data/ssm_dataset/focused/PT1"", ""val_dir"": ""/lustre/projects/1001/rdelprete/SSM/data/ssm_dataset/focused/PT2""}, ""determinism"": true, ""experiment_name"": ""rcmc_compress_baseline"", ""extras"": {""enforce_tags"": true, ""ignore_warnings"": false, ""print_config"": true}, ""lambda"": 7, ""logger"": {""wandb"": {""_target_"": ""lightning.pytorch.loggers.wandb.WandbLogger"", ""anonymous"": null, ""entity"": ""cedric-leonard"", ""group"": ""rcmc_grid"", ""id"": null, ""job_type"": """", ""log_model"": false, ""offline"": true, ""prefix"": """", ""project"": ""MAYA_DC"", ""save_dir"": ""/lustre/projects/1001/rdelprete/MAYA_DC/logs/default/multiruns/2026-03-23_16-31-02/lmbda_7_seed_2"", ""tags"": []}}, ""model"": {""_target_"": ""src.models.rcmc_compress_module.RCMCDCmodule"", ""aux_optimizer"": {""_partial_"": true, ""_target_"": ""torch.optim.Adam"", ""lr"": 0.001}, ""azimuth_buffer"": 512, ""compile"": false, ""criterion"": {""_target_"": ""src.models.components.losses.CompoundCompressionLoss"", ""azimuth_buffer"": 512, ""delta_coherence"": 1, ""delta_kde"": 1, ""lmbda"": 7, ""num_kde_bins"": 100, ""patch_size"": [512, 512]}, ""gradient_clip_norm"": 1, ""net"": {""_target_"": ""src.models.components.scale_hyperprior.ScaleHyperprior"", ""activation"": ""gdn"", ""nb_channels_latent"": 256, ""nb_channels_main"": 128, ""nb_input_channels"": 2}, ""net_optimizer"": {""_partial_"": true, ""_target_"": ""torch.optim.Adam"", ""betas"": [0.9, 0.999], ""lr"": 0.0001}, ""scheduler"": {""_partial_"": true, ""_target_"": ""torch.optim.lr_scheduler.ReduceLROnPlateau"", ""factor"": 0.5, ""mode"": ""min"", ""patience"": 5}, ""training_mode"": ""slc""}, ""model/params/non_trainable"": 0, ""model/params/total"": 5626626, ""model/params/trainable"": 5626626, ""patch_size"": [512, 512], ""paths"": {""data_dir"": ""/lustre/projects/1001/rdelprete/MAYA_DC/data/"", ""log_dir"": ""/lustre/projects/1001/rdelprete/MAYA_DC/logs/"", ""output_dir"": ""/lustre/projects/1001/rdelprete/MAYA_DC/logs/default/multiruns/2026-03-23_16-31-02/lmbda_7_seed_2"", ""root_dir"": ""/lustre/projects/1001/rdelprete/MAYA_DC"", ""work_dir"": ""/lustre/home/u10010007""}, ""seed"": 2, ""tags"": [""rcmc_compression"", ""scale_hyperprior"", ""maya4""], ""task_name"": ""default"", ""test"": true, ""train"": true, ""trainer"": {""_target_"": ""lightning.pytorch.trainer.Trainer"", ""accelerator"": ""gpu"", ""check_val_every_n_epoch"": 1, ""default_root_dir"": ""/lustre/projects/1001/rdelprete/MAYA_DC/logs/default/multiruns/2026-03-23_16-31-02/lmbda_7_seed_2"", ""deterministic"": false, ""devices"": 4, ""max_epochs"": 30, ""min_epochs"": 1, ""num_nodes"": 1, ""precision"": ""32-true"", ""strategy"": ""ddp_find_unused_parameters_true"", ""sync_batchnorm"": true}}"
0lg3v7yw,SHP-gdn_s2_L7_slc_buf512_Compound_lr0.0001_b4_10000p,finished,https://wandb.ai/cedric-leonard/MAYA_DC/runs/0lg3v7yw,2026-03-25T09:04:47Z,cedric-leonard,MAYA_DC,2.0,7.0,slc,512.0,src.models.components.scale_hyperprior.ScaleHyperprior,ScaleHyperprior,SHyp,gdn,GDN,src.data.maya4_dir_datamodule.MAYA4DirDataModule,MAYA4DirDataModule,MAYA4DirDataModule,src.models.components.losses.CompoundCompressionLoss,Compound,/lustre/projects/1001/rdelprete/MAYA_DC/logs/default/multiruns/2026-03-24_17-14-16_non_square/lmbda_7_seed_2,,True,rcmc_grid_non_square,"[""maya4"", ""rcmc_compression"", ""scale_hyperprior""]",SHyp-GDN | MAYA4DirDataModule | slc | nsk,"{""_runtime"": 2913, ""_step"": 80001, ""_timestamp"": 1774410016.7321403, ""epoch"": 16, ""fixed_patch/reconstruction"": {""_type"": ""image-file"", ""format"": ""png"", ""height"": 600, ""path"": ""media/images/fixed_patch/reconstruction_80000_61761b406c16f8b286e6.png"", ""sha256"": ""61761b406c16f8b286e62d69d6b6b87ea3eb1ae831e6db47cf0cf99eda3c3c11"", ""size"": 1524102, ""width"": 2000}, ""test/aux"": 11106.5361328125, ""test/coherence"": 0.18596862256526947, ""test/complex_corr_mean"": 0.8140313625335693, ""test/complex_corr_std"": ""NaN"", ""test/distortion"": 0.39548802375793457, ""test/kde"": 0.08125165104866028, ""test/loss"": 2.858116865158081, ""test/mse"": 0.12826769053936005, ""test/phase_err_mean"": 0.1297784000635147, ""test/phase_err_std"": ""NaN"", ""test/psnr_amp"": 22.04610061645508, ""test/rate"": 0.08969886600971222, ""test/ssim_amp"": 0.12998385727405548, ""train/aux"": 22.781328201293945, ""train/coherence"": 0.13177764415740967, ""train/distortion"": 0.2358451783657074, ""train/grad_norm_g_a"": 5.45321798324585, ""train/grad_norm_g_s"": 4.084674835205078, ""train/grad_norm_h_a"": 0.03218591958284378, ""train/grad_norm_h_s"": 0.06776050478219986, ""train/kde"": 0.02390255406498909, ""train/loss"": 1.9434502124786377, ""train/lr"": 4.999999873689376e-05, ""train/mse"": 0.08016498386859894, ""train/rate"": 0.2925339341163635, ""trainer/global_step"": 40000, ""val_batch/coherence_loss"": 0.04448580741882324, ""val_batch/correlation_metric_mean"": 0.9555141925811768, ""val_batch/correlation_metric_std"": ""NaN"", ""val_batch/kde_loss"": 0.29907432198524475, ""val_batch/phase_error"": 0.023556232452392575, ""val_batch/psnr_slc"": 19.647924423217773, ""val_batch/reconstructions"": {""_type"": ""image-file"", ""format"": ""png"", ""height"": 1700, ""path"": ""media/images/val_batch/reconstructions_75051_d6fb21236f5e985ff989.png"", ""sha256"": ""d6fb21236f5e985ff98938660aae360ce6a6e5bd9a1fcdcc8e44e3727d884870"", ""size"": 1499762, ""width"": 500}, ""val_batch/ssim_slc"": 0.17124298214912417, ""val_batch/x_hat_histogram"": {""_type"": ""histogram""}, ""valid/aux"": 23.119483947753903, ""valid/coherence"": 0.20495262742042544, ""valid/complex_corr_mean"": 0.7950474619865417, ""valid/complex_corr_std"": ""NaN"", ""valid/distortion"": 0.7073342800140381, ""valid/kde"": 0.3078821301460266, ""valid/loss"": 5.037266254425049, ""valid/mse"": 0.19449947774410248, ""valid/phase_err_mean"": 0.13963061571121216, ""valid/phase_err_std"": ""NaN"", ""valid/psnr_amp"": 25.44221305847168, ""valid/rate"": 0.08592582494020462, ""valid/rd_scatter_table"": {""_latest_artifact_path"": ""wandb-client-artifact://u5twyd7k4acg3auj9sjo91059vowisbfqwodzw8gfxzuymd06r0d5so1mnd4yk0m8zm5uqz1s58kshddh5pfsim8zhfug4l4jelxm8vu4ixr9ujcvx3tgljdm96w9bvy:latest/valid/rd_scatter_table.table.json"", ""_type"": ""table-file"", ""artifact_path"": ""wandb-client-artifact://vmy8l46wvwgp1wni5q388kwq5yzhjxv5ofud55cw66pq2o39mcsotqntzwotfditvokpsj341v7k5pwvwus0bfh03ngsjvr05ac5u8nihvd9j47ypr75zpjqgrxvd01w/valid/rd_scatter_table.table.json"", ""log_mode"": ""IMMUTABLE"", ""ncols"": 3, ""nrows"": 17, ""path"": ""media/table/valid/rd_scatter_table_80000_7a645889f3093a4a94c5.table.json"", ""sha256"": ""7a645889f3093a4a94c51043f399a5117ab000c14647a93a79793323e16a073c"", ""size"": 842}, ""valid/ssim_amp"": 0.14575985074043274}","{""azimuth_buffer"": 512, ""callbacks"": {""early_stopping"": {""_target_"": ""lightning.pytorch.callbacks.EarlyStopping"", ""check_finite"": true, ""check_on_train_epoch_end"": false, ""divergence_threshold"": null, ""min_delta"": 0, ""mode"": ""min"", ""monitor"": ""valid/loss"", ""patience"": 10, ""stopping_threshold"": null, ""strict"": true, ""verbose"": false}, ""model_checkpoint"": {""_target_"": ""lightning.pytorch.callbacks.ModelCheckpoint"", ""auto_insert_metric_name"": false, ""dirpath"": ""/lustre/projects/1001/rdelprete/MAYA_DC/logs/default/multiruns/2026-03-24_17-14-16_non_square/lmbda_7_seed_2/checkpoints"", ""every_n_epochs"": null, ""every_n_train_steps"": null, ""filename"": ""epoch_{epoch:03d}_loss_{valid/loss:.4f}"", ""mode"": ""min"", ""monitor"": ""valid/loss"", ""save_last"": true, ""save_on_train_epoch_end"": null, ""save_top_k"": 1, ""save_weights_only"": false, ""train_time_interval"": null, ""verbose"": false}, ""model_summary"": {""_target_"": ""lightning.pytorch.callbacks.RichModelSummary"", ""max_depth"": 2}, ""monitor_fix_patch"": {""verbose"": true}, ""monitor_fixed_patch"": {""_target_"": ""src.callbacks.monitor_fixed_patch.MonitorFixedPatch"", ""clip_factor"": 3, ""log_every_n_epochs"": 1, ""patch_json"": ""data/fixed_patches/s1c-s6-raw-s-vv-20250422t061414-20250422t061446-002002-0040d4.json"", ""verbose"": false}, ""monitor_val_recon"": {""_target_"": ""src.callbacks.monitor_val_reconstruction.MonitorValReconstruction"", ""clip_factor"": 3, ""log_every_n_epochs"": 1, ""num_images"": 3, ""verbose"": true}, ""rich_progress_bar"": {""_target_"": ""lightning.pytorch.callbacks.RichProgressBar""}, ""wandb_osh"": {""_target_"": ""wandb_osh.lightning_hooks.TriggerWandbSyncLightningCallback""}}, ""ckpt_path"": null, ""data"": {""_target_"": ""src.data.maya4_dir_datamodule.MAYA4DirDataModule"", ""azimuth_buffer"": 512, ""batch_size"": 4, ""max_products_test"": 2, ""max_products_train"": 10, ""max_products_val"": 2, ""num_workers"": 4, ""online"": false, ""patch_size"": [512, 512], ""pin_memory"": true, ""samples_per_prod"": 1000, ""test_dir"": ""/lustre/projects/1001/rdelprete/SSM/data/ssm_dataset/focused/PT3"", ""train_dir"": ""/lustre/projects/1001/rdelprete/SSM/data/ssm_dataset/focused/PT1"", ""val_dir"": ""/lustre/projects/1001/rdelprete/SSM/data/ssm_dataset/focused/PT2""}, ""determinism"": true, ""experiment_name"": ""rcmc_compress_baseline"", ""extras"": {""enforce_tags"": true, ""ignore_warnings"": false, ""print_config"": true}, ""lambda"": 7, ""logger"": {""wandb"": {""_target_"": ""lightning.pytorch.loggers.wandb.WandbLogger"", ""anonymous"": null, ""entity"": ""cedric-leonard"", ""group"": ""rcmc_grid_non_square"", ""id"": null, ""job_type"": """", ""log_model"": false, ""offline"": true, ""prefix"": """", ""project"": ""MAYA_DC"", ""save_dir"": ""/lustre/projects/1001/rdelprete/MAYA_DC/logs/default/multiruns/2026-03-24_17-14-16_non_square/lmbda_7_seed_2"", ""tags"": []}}, ""model"": {""_target_"": ""src.models.rcmc_compress_module.RCMCDCmodule"", ""aux_optimizer"": {""_partial_"": true, ""_target_"": ""torch.optim.Adam"", ""lr"": 0.001}, ""azimuth_buffer"": 512, ""compile"": false, ""criterion"": {""_target_"": ""src.models.components.losses.CompoundCompressionLoss"", ""azimuth_buffer"": 512, ""delta_coherence"": 1, ""delta_kde"": 1, ""lmbda"": 7, ""num_kde_bins"": 100, ""patch_size"": [512, 512]}, ""gradient_clip_norm"": 1, ""net"": {""_target_"": ""src.models.components.scale_hyperprior.ScaleHyperprior"", ""activation"": ""gdn"", ""nb_channels_latent"": 256, ""nb_channels_main"": 128, ""nb_input_channels"": 2, ""non_square_kernels"": true}, ""net_optimizer"": {""_partial_"": true, ""_target_"": ""torch.optim.Adam"", ""betas"": [0.9, 0.999], ""lr"": 0.0001}, ""scheduler"": {""_partial_"": true, ""_target_"": ""torch.optim.lr_scheduler.ReduceLROnPlateau"", ""factor"": 0.5, ""mode"": ""min"", ""patience"": 5}, ""training_mode"": ""slc""}, ""model/params/non_trainable"": 0, ""model/params/total"": 16662274, ""model/params/trainable"": 16662274, ""patch_size"": [512, 512], ""paths"": {""data_dir"": ""/lustre/projects/1001/rdelprete/MAYA_DC/data/"", ""log_dir"": ""/lustre/projects/1001/rdelprete/MAYA_DC/logs/"", ""output_dir"": ""/lustre/projects/1001/rdelprete/MAYA_DC/logs/default/multiruns/2026-03-24_17-14-16_non_square/lmbda_7_seed_2"", ""root_dir"": ""/lustre/projects/1001/rdelprete/MAYA_DC"", ""work_dir"": ""/lustre/home/u10010007""}, ""seed"": 2, ""tags"": [""rcmc_compression"", ""scale_hyperprior"", ""maya4""], ""task_name"": ""default"", ""test"": true, ""train"": true, ""trainer"": {""_target_"": ""lightning.pytorch.trainer.Trainer"", ""accelerator"": ""gpu"", ""check_val_every_n_epoch"": 1, ""default_root_dir"": ""/lustre/projects/1001/rdelprete/MAYA_DC/logs/default/multiruns/2026-03-24_17-14-16_non_square/lmbda_7_seed_2"", ""deterministic"": false, ""devices"": 4, ""max_epochs"": 30, ""min_epochs"": 1, ""num_nodes"": 1, ""precision"": ""32-true"", ""strategy"": ""ddp_find_unused_parameters_true"", ""sync_batchnorm"": true}}"
c6o3hgsf,SHP-gdn_s0_L8_slc_buf512_Compound_lr0.0001_b4_10000p,finished,https://wandb.ai/cedric-leonard/MAYA_DC/runs/c6o3hgsf,2026-03-25T08:46:04Z,cedric-leonard,MAYA_DC,0.0,8.0,slc,512.0,src.models.components.scale_hyperprior.ScaleHyperprior,ScaleHyperprior,SHyp,gdn,GDN,src.data.maya4_dir_datamodule.MAYA4DirDataModule,MAYA4DirDataModule,MAYA4DirDataModule,src.models.components.losses.CompoundCompressionLoss,Compound,/lustre/projects/1001/rdelprete/MAYA_DC/logs/default/multiruns/2026-03-24_17-14-16_non_square/lmbda_8_seed_0,,True,rcmc_grid_non_square,"[""maya4"", ""rcmc_compression"", ""scale_hyperprior""]",SHyp-GDN | MAYA4DirDataModule | slc | nsk,"{""_runtime"": 2414, ""_step"": 65001, ""_timestamp"": 1774410666.8797565, ""epoch"": 13, ""fixed_patch/reconstruction"": {""_type"": ""image-file"", ""format"": ""png"", ""height"": 600, ""path"": ""media/images/fixed_patch/reconstruction_65000_e05c64b6360d3efd9dc4.png"", ""sha256"": ""e05c64b6360d3efd9dc4d1203b7c8c5c1a02c8039cd24549152071acee336a12"", ""size"": 1478112, ""width"": 2000}, ""test/aux"": 1816.2322998046875, ""test/coherence"": 0.1933107823133469, ""test/complex_corr_mean"": 0.8066892623901367, ""test/complex_corr_std"": ""NaN"", ""test/distortion"": 0.3989659547805786, ""test/kde"": 0.07142394781112671, ""test/loss"": 3.3157474994659424, ""test/mse"": 0.13423126935958862, ""test/phase_err_mean"": 0.13630680739879608, ""test/phase_err_std"": ""NaN"", ""test/psnr_amp"": 21.889835357666016, ""test/rate"": 0.12401968985795976, ""test/ssim_amp"": 0.12145467847585678, ""train/aux"": 18.77928924560547, ""train/coherence"": 0.17410016059875488, ""train/distortion"": 0.354463666677475, ""train/grad_norm_g_a"": 6.196310997009277, ""train/grad_norm_g_s"": 4.645101547241211, ""train/grad_norm_h_a"": 0.06072776019573212, ""train/grad_norm_h_s"": 0.11332501471042632, ""train/kde"": 0.02444380521774292, ""train/loss"": 3.23360538482666, ""train/lr"": 4.999999873689376e-05, ""train/mse"": 0.15591970086097717, ""train/rate"": 0.39789608120918274, ""trainer/global_step"": 32500, ""val_batch/coherence_loss"": 0.04380476474761963, ""val_batch/correlation_metric_mean"": 0.9561952352523804, ""val_batch/correlation_metric_std"": ""NaN"", ""val_batch/kde_loss"": 0.27692490816116333, ""val_batch/phase_error"": 0.022808194160461422, ""val_batch/psnr_slc"": 19.627771377563477, ""val_batch/reconstructions"": {""_type"": ""image-file"", ""format"": ""png"", ""height"": 1700, ""path"": ""media/images/val_batch/reconstructions_60051_976c38d23f927e932fc6.png"", ""sha256"": ""976c38d23f927e932fc6a18e916702bdda5e45cd2b8925837c38fe7d696282b9"", ""size"": 1523251, ""width"": 500}, ""val_batch/ssim_slc"": 0.18327507376670835, ""val_batch/x_hat_histogram"": {""_type"": ""histogram""}, ""valid/aux"": 16.939451217651367, ""valid/coherence"": 0.19904407858848572, ""valid/complex_corr_mean"": 0.8009559512138367, ""valid/complex_corr_std"": ""NaN"", ""valid/distortion"": 0.6621881127357483, ""valid/kde"": 0.2737567126750946, ""valid/loss"": 5.429986000061035, ""valid/mse"": 0.1893871873617172, ""valid/phase_err_mean"": 0.13715992867946625, ""valid/phase_err_std"": ""NaN"", ""valid/psnr_amp"": 25.469165802001953, ""valid/rate"": 0.13248147070407867, ""valid/rd_scatter_table"": {""_latest_artifact_path"": ""wandb-client-artifact://8l49rxvglzupcw6rgdfh1h8ookskvivq0kqm3hheqodikoltmwf9yq1mqybvwdgpdvvgxvnyf3l9myytq1maqei11pe93vwyoyjf5l4s1a1a8vjwebfbucvoil09emov:latest/valid/rd_scatter_table.table.json"", ""_type"": ""table-file"", ""artifact_path"": ""wandb-client-artifact://lu8txnrx8e8yfvh5dlb3no4vdssmsgqg5iljlanzyekb44lued9xdfpiqmavgdvlg8aauo88iw5b7is8uv2011cs2pp7o8wad7uszoz1g5foagowfzcuzr631en8yot2/valid/rd_scatter_table.table.json"", ""log_mode"": ""IMMUTABLE"", ""ncols"": 3, ""nrows"": 14, ""path"": ""media/table/valid/rd_scatter_table_65000_216ece8ca0114b7325ba.table.json"", ""sha256"": ""216ece8ca0114b7325bab8ad9af2e40ee7430bf6cf53b43dc1d085e085635a38"", ""size"": 701}, ""valid/ssim_amp"": 0.16774871945381165}","{""azimuth_buffer"": 512, ""callbacks"": {""early_stopping"": {""_target_"": ""lightning.pytorch.callbacks.EarlyStopping"", ""check_finite"": true, ""check_on_train_epoch_end"": false, ""divergence_threshold"": null, ""min_delta"": 0, ""mode"": ""min"", ""monitor"": ""valid/loss"", ""patience"": 10, ""stopping_threshold"": null, ""strict"": true, ""verbose"": false}, ""model_checkpoint"": {""_target_"": ""lightning.pytorch.callbacks.ModelCheckpoint"", ""auto_insert_metric_name"": false, ""dirpath"": ""/lustre/projects/1001/rdelprete/MAYA_DC/logs/default/multiruns/2026-03-24_17-14-16_non_square/lmbda_8_seed_0/checkpoints"", ""every_n_epochs"": null, ""every_n_train_steps"": null, ""filename"": ""epoch_{epoch:03d}_loss_{valid/loss:.4f}"", ""mode"": ""min"", ""monitor"": ""valid/loss"", ""save_last"": true, ""save_on_train_epoch_end"": null, ""save_top_k"": 1, ""save_weights_only"": false, ""train_time_interval"": null, ""verbose"": false}, ""model_summary"": {""_target_"": ""lightning.pytorch.callbacks.RichModelSummary"", ""max_depth"": 2}, ""monitor_fix_patch"": {""verbose"": true}, ""monitor_fixed_patch"": {""_target_"": ""src.callbacks.monitor_fixed_patch.MonitorFixedPatch"", ""clip_factor"": 3, ""log_every_n_epochs"": 1, ""patch_json"": ""data/fixed_patches/s1c-s6-raw-s-vv-20250422t061414-20250422t061446-002002-0040d4.json"", ""verbose"": false}, ""monitor_val_recon"": {""_target_"": ""src.callbacks.monitor_val_reconstruction.MonitorValReconstruction"", ""clip_factor"": 3, ""log_every_n_epochs"": 1, ""num_images"": 3, ""verbose"": true}, ""rich_progress_bar"": {""_target_"": ""lightning.pytorch.callbacks.RichProgressBar""}, ""wandb_osh"": {""_target_"": ""wandb_osh.lightning_hooks.TriggerWandbSyncLightningCallback""}}, ""ckpt_path"": null, ""data"": {""_target_"": ""src.data.maya4_dir_datamodule.MAYA4DirDataModule"", ""azimuth_buffer"": 512, ""batch_size"": 4, ""max_products_test"": 2, ""max_products_train"": 10, ""max_products_val"": 2, ""num_workers"": 4, ""online"": false, ""patch_size"": [512, 512], ""pin_memory"": true, ""samples_per_prod"": 1000, ""test_dir"": ""/lustre/projects/1001/rdelprete/SSM/data/ssm_dataset/focused/PT3"", ""train_dir"": ""/lustre/projects/1001/rdelprete/SSM/data/ssm_dataset/focused/PT1"", ""val_dir"": ""/lustre/projects/1001/rdelprete/SSM/data/ssm_dataset/focused/PT2""}, ""determinism"": true, ""experiment_name"": ""rcmc_compress_baseline"", ""extras"": {""enforce_tags"": true, ""ignore_warnings"": false, ""print_config"": true}, ""lambda"": 8, ""logger"": {""wandb"": {""_target_"": ""lightning.pytorch.loggers.wandb.WandbLogger"", ""anonymous"": null, ""entity"": ""cedric-leonard"", ""group"": ""rcmc_grid_non_square"", ""id"": null, ""job_type"": """", ""log_model"": false, ""offline"": true, ""prefix"": """", ""project"": ""MAYA_DC"", ""save_dir"": ""/lustre/projects/1001/rdelprete/MAYA_DC/logs/default/multiruns/2026-03-24_17-14-16_non_square/lmbda_8_seed_0"", ""tags"": []}}, ""model"": {""_target_"": ""src.models.rcmc_compress_module.RCMCDCmodule"", ""aux_optimizer"": {""_partial_"": true, ""_target_"": ""torch.optim.Adam"", ""lr"": 0.001}, ""azimuth_buffer"": 512, ""compile"": false, ""criterion"": {""_target_"": ""src.models.components.losses.CompoundCompressionLoss"", ""azimuth_buffer"": 512, ""delta_coherence"": 1, ""delta_kde"": 1, ""lmbda"": 8, ""num_kde_bins"": 100, ""patch_size"": [512, 512]}, ""gradient_clip_norm"": 1, ""net"": {""_target_"": ""src.models.components.scale_hyperprior.ScaleHyperprior"", ""activation"": ""gdn"", ""nb_channels_latent"": 256, ""nb_channels_main"": 128, ""nb_input_channels"": 2, ""non_square_kernels"": true}, ""net_optimizer"": {""_partial_"": true, ""_target_"": ""torch.optim.Adam"", ""betas"": [0.9, 0.999], ""lr"": 0.0001}, ""scheduler"": {""_partial_"": true, ""_target_"": ""torch.optim.lr_scheduler.ReduceLROnPlateau"", ""factor"": 0.5, ""mode"": ""min"", ""patience"": 5}, ""training_mode"": ""slc""}, ""model/params/non_trainable"": 0, ""model/params/total"": 16662274, ""model/params/trainable"": 16662274, ""patch_size"": [512, 512], ""paths"": {""data_dir"": ""/lustre/projects/1001/rdelprete/MAYA_DC/data/"", ""log_dir"": ""/lustre/projects/1001/rdelprete/MAYA_DC/logs/"", ""output_dir"": ""/lustre/projects/1001/rdelprete/MAYA_DC/logs/default/multiruns/2026-03-24_17-14-16_non_square/lmbda_8_seed_0"", ""root_dir"": ""/lustre/projects/1001/rdelprete/MAYA_DC"", ""work_dir"": ""/lustre/home/u10010007""}, ""seed"": 0, ""tags"": [""rcmc_compression"", ""scale_hyperprior"", ""maya4""], ""task_name"": ""default"", ""test"": true, ""train"": true, ""trainer"": {""_target_"": ""lightning.pytorch.trainer.Trainer"", ""accelerator"": ""gpu"", ""check_val_every_n_epoch"": 1, ""default_root_dir"": ""/lustre/projects/1001/rdelprete/MAYA_DC/logs/default/multiruns/2026-03-24_17-14-16_non_square/lmbda_8_seed_0"", ""deterministic"": false, ""devices"": 4, ""max_epochs"": 30, ""min_epochs"": 1, ""num_nodes"": 1, ""precision"": ""32-true"", ""strategy"": ""ddp_find_unused_parameters_true"", ""sync_batchnorm"": true}}"
dsizc414,SHP-gdn_s0_L8_slc_buf512_Compound_lr0.0001_b4_10000p,finished,https://wandb.ai/cedric-leonard/MAYA_DC/runs/dsizc414,2026-03-25T09:57:25Z,cedric-leonard,MAYA_DC,0.0,8.0,slc,512.0,src.models.components.scale_hyperprior.ScaleHyperprior,ScaleHyperprior,SHyp,gdn,GDN,src.data.maya4_dir_datamodule.MAYA4DirDataModule,MAYA4DirDataModule,MAYA4DirDataModule,src.models.components.losses.CompoundCompressionLoss,Compound,/lustre/projects/1001/rdelprete/MAYA_DC/logs/default/multiruns/2026-03-24_15-29-55/lmbda_8_seed_0,,False,rcmc_grid,"[""maya4"", ""rcmc_compression"", ""scale_hyperprior""]",SHyp-GDN | MAYA4DirDataModule | slc | sq,"{""_runtime"": 3729, ""_step"": 115001, ""_timestamp"": 1774366477.2546103, ""epoch"": 23, ""fixed_patch/reconstruction"": {""_type"": ""image-file"", ""format"": ""png"", ""height"": 600, ""path"": ""media/images/fixed_patch/reconstruction_115000_7e482f28082f64758f00.png"", ""sha256"": ""7e482f28082f64758f00d4acbfb0b56b856ec8b5097dff8bfa7afc47d484fc90"", ""size"": 1564734, ""width"": 2000}, ""test/aux"": 20.365140914916992, ""test/coherence"": 0.1633148193359375, ""test/complex_corr_mean"": 0.8366851806640625, ""test/complex_corr_std"": ""NaN"", ""test/distortion"": 0.32664525508880615, ""test/kde"": 0.0489494614303112, ""test/loss"": 2.838160514831543, ""test/mse"": 0.11438098549842834, ""test/phase_err_mean"": 0.11926772445440292, ""test/phase_err_std"": ""NaN"", ""test/psnr_amp"": 22.53947639465332, ""test/rate"": 0.22499918937683103, ""test/ssim_amp"": 0.24649061262607577, ""train/aux"": 36.648983001708984, ""train/coherence"": 0.18549542129039764, ""train/distortion"": 0.45065954327583313, ""train/grad_norm_g_a"": 3.2686285972595215, ""train/grad_norm_g_s"": 4.108805179595947, ""train/grad_norm_h_a"": 0.05952848866581917, ""train/grad_norm_h_s"": 0.01964283175766468, ""train/kde"": 0.03156264126300812, ""train/loss"": 4.138882160186768, ""train/lr"": 4.999999873689376e-05, ""train/mse"": 0.23360148072242737, ""train/rate"": 0.5336057543754578, ""trainer/global_step"": 57500, ""val_batch/coherence_loss"": 0.043846189975738525, ""val_batch/correlation_metric_mean"": 0.956153929233551, ""val_batch/correlation_metric_std"": ""NaN"", ""val_batch/kde_loss"": 0.23646923899650577, ""val_batch/phase_error"": 0.024148404598236084, ""val_batch/psnr_slc"": 19.796602249145508, ""val_batch/reconstructions"": {""_type"": ""image-file"", ""format"": ""png"", ""height"": 1700, ""path"": ""media/images/val_batch/reconstructions_110051_dacbe585b761dcd92a18.png"", ""sha256"": ""dacbe585b761dcd92a18288e2490d90465229ef414310d28058688bbc0ca317f"", ""size"": 1525196, ""width"": 500}, ""val_batch/ssim_slc"": 0.22983212769031525, ""val_batch/x_hat_histogram"": {""_type"": ""histogram""}, ""valid/aux"": 35.74916076660156, ""valid/coherence"": 0.1691751331090927, ""valid/complex_corr_mean"": 0.8308247327804565, ""valid/complex_corr_std"": ""NaN"", ""valid/distortion"": 0.47883784770965576, ""valid/kde"": 0.14215697348117828, ""valid/loss"": 4.178633689880371, ""valid/mse"": 0.16750575602054596, ""valid/phase_err_mean"": 0.1289510875940323, ""valid/phase_err_std"": ""NaN"", ""valid/psnr_amp"": 26.217113494873047, ""valid/rate"": 0.34793147444725037, ""valid/rd_scatter_table"": {""_latest_artifact_path"": ""wandb-client-artifact://pqjxvm8t72d7ukay4lvautfk1ptw1a2gslwdo4djkl12k37z1uf7lah5lr8t43mzna66in8rdbat2kzg8s5kj3901b07v2qu7x51lcyg2bsnucw9bwpg984668pmtq5m:latest/valid/rd_scatter_table.table.json"", ""_type"": ""table-file"", ""artifact_path"": ""wandb-client-artifact://y8s8zvtr6pnqocv9ptf5ooymdqex5fd35fht46sixatzmhrmnkxt5l6emqjb65ujtk35f3w3kr22jej7cdk137d0te7i47ct790hmop5lg53dtr2lneo1qxh7ayz0ikt/valid/rd_scatter_table.table.json"", ""log_mode"": ""IMMUTABLE"", ""ncols"": 3, ""nrows"": 24, ""path"": ""media/table/valid/rd_scatter_table_115000_2453f510ad73cf6e1d36.table.json"", ""sha256"": ""2453f510ad73cf6e1d3655b3327608b51e9a51c0f2ea5b11c58f94103b637b78"", ""size"": 1168}, ""valid/ssim_amp"": 0.3205958604812622}","{""azimuth_buffer"": 512, ""callbacks"": {""early_stopping"": {""_target_"": ""lightning.pytorch.callbacks.EarlyStopping"", ""check_finite"": true, ""check_on_train_epoch_end"": false, ""divergence_threshold"": null, ""min_delta"": 0, ""mode"": ""min"", ""monitor"": ""valid/loss"", ""patience"": 10, ""stopping_threshold"": null, ""strict"": true, ""verbose"": false}, ""model_checkpoint"": {""_target_"": ""lightning.pytorch.callbacks.ModelCheckpoint"", ""auto_insert_metric_name"": false, ""dirpath"": ""/lustre/projects/1001/rdelprete/MAYA_DC/logs/default/multiruns/2026-03-24_15-29-55/lmbda_8_seed_0/checkpoints"", ""every_n_epochs"": null, ""every_n_train_steps"": null, ""filename"": ""epoch_{epoch:03d}_loss_{valid/loss:.4f}"", ""mode"": ""min"", ""monitor"": ""valid/loss"", ""save_last"": true, ""save_on_train_epoch_end"": null, ""save_top_k"": 1, ""save_weights_only"": false, ""train_time_interval"": null, ""verbose"": false}, ""model_summary"": {""_target_"": ""lightning.pytorch.callbacks.RichModelSummary"", ""max_depth"": 2}, ""monitor_fix_patch"": {""verbose"": true}, ""monitor_fixed_patch"": {""_target_"": ""src.callbacks.monitor_fixed_patch.MonitorFixedPatch"", ""clip_factor"": 3, ""log_every_n_epochs"": 1, ""patch_json"": ""data/fixed_patches/s1c-s6-raw-s-vv-20250422t061414-20250422t061446-002002-0040d4.json"", ""verbose"": false}, ""monitor_val_recon"": {""_target_"": ""src.callbacks.monitor_val_reconstruction.MonitorValReconstruction"", ""clip_factor"": 3, ""log_every_n_epochs"": 1, ""num_images"": 3, ""verbose"": true}, ""rich_progress_bar"": {""_target_"": ""lightning.pytorch.callbacks.RichProgressBar""}, ""wandb_osh"": {""_target_"": ""wandb_osh.lightning_hooks.TriggerWandbSyncLightningCallback""}}, ""ckpt_path"": null, ""data"": {""_target_"": ""src.data.maya4_dir_datamodule.MAYA4DirDataModule"", ""azimuth_buffer"": 512, ""batch_size"": 4, ""max_products_test"": 2, ""max_products_train"": 10, ""max_products_val"": 2, ""num_workers"": 4, ""online"": false, ""patch_size"": [512, 512], ""pin_memory"": true, ""samples_per_prod"": 1000, ""test_dir"": ""/lustre/projects/1001/rdelprete/SSM/data/ssm_dataset/focused/PT3"", ""train_dir"": ""/lustre/projects/1001/rdelprete/SSM/data/ssm_dataset/focused/PT1"", ""val_dir"": ""/lustre/projects/1001/rdelprete/SSM/data/ssm_dataset/focused/PT2""}, ""determinism"": true, ""experiment_name"": ""rcmc_compress_baseline"", ""extras"": {""enforce_tags"": true, ""ignore_warnings"": false, ""print_config"": true}, ""lambda"": 8, ""logger"": {""wandb"": {""_target_"": ""lightning.pytorch.loggers.wandb.WandbLogger"", ""anonymous"": null, ""entity"": ""cedric-leonard"", ""group"": ""rcmc_grid"", ""id"": null, ""job_type"": """", ""log_model"": false, ""offline"": true, ""prefix"": """", ""project"": ""MAYA_DC"", ""save_dir"": ""/lustre/projects/1001/rdelprete/MAYA_DC/logs/default/multiruns/2026-03-24_15-29-55/lmbda_8_seed_0"", ""tags"": []}}, ""model"": {""_target_"": ""src.models.rcmc_compress_module.RCMCDCmodule"", ""aux_optimizer"": {""_partial_"": true, ""_target_"": ""torch.optim.Adam"", ""lr"": 0.001}, ""azimuth_buffer"": 512, ""compile"": false, ""criterion"": {""_target_"": ""src.models.components.losses.CompoundCompressionLoss"", ""azimuth_buffer"": 512, ""delta_coherence"": 1, ""delta_kde"": 1, ""lmbda"": 8, ""num_kde_bins"": 100, ""patch_size"": [512, 512]}, ""gradient_clip_norm"": 1, ""net"": {""_target_"": ""src.models.components.scale_hyperprior.ScaleHyperprior"", ""activation"": ""gdn"", ""nb_channels_latent"": 256, ""nb_channels_main"": 128, ""nb_input_channels"": 2}, ""net_optimizer"": {""_partial_"": true, ""_target_"": ""torch.optim.Adam"", ""betas"": [0.9, 0.999], ""lr"": 0.0001}, ""scheduler"": {""_partial_"": true, ""_target_"": ""torch.optim.lr_scheduler.ReduceLROnPlateau"", ""factor"": 0.5, ""mode"": ""min"", ""patience"": 5}, ""training_mode"": ""slc""}, ""model/params/non_trainable"": 0, ""model/params/total"": 5626626, ""model/params/trainable"": 5626626, ""patch_size"": [512, 512], ""paths"": {""data_dir"": ""/lustre/projects/1001/rdelprete/MAYA_DC/data/"", ""log_dir"": ""/lustre/projects/1001/rdelprete/MAYA_DC/logs/"", ""output_dir"": ""/lustre/projects/1001/rdelprete/MAYA_DC/logs/default/multiruns/2026-03-24_15-29-55/lmbda_8_seed_0"", ""root_dir"": ""/lustre/projects/1001/rdelprete/MAYA_DC"", ""work_dir"": ""/lustre/home/u10010007""}, ""seed"": 0, ""tags"": [""rcmc_compression"", ""scale_hyperprior"", ""maya4""], ""task_name"": ""default"", ""test"": true, ""train"": true, ""trainer"": {""_target_"": ""lightning.pytorch.trainer.Trainer"", ""accelerator"": ""gpu"", ""check_val_every_n_epoch"": 1, ""default_root_dir"": ""/lustre/projects/1001/rdelprete/MAYA_DC/logs/default/multiruns/2026-03-24_15-29-55/lmbda_8_seed_0"", ""deterministic"": false, ""devices"": 4, ""max_epochs"": 30, ""min_epochs"": 1, ""num_nodes"": 1, ""precision"": ""32-true"", ""strategy"": ""ddp_find_unused_parameters_true"", ""sync_batchnorm"": true}}"
e37l7qt7,SHP-gdn_s0_L8_slc_buf512_Compound_lr0.0001_b4_10000p,finished,https://wandb.ai/cedric-leonard/MAYA_DC/runs/e37l7qt7,2026-03-26T08:34:59Z,cedric-leonard,MAYA_DC,0.0,8.0,slc,512.0,src.models.components.scale_hyperprior.ScaleHyperprior,ScaleHyperprior,SHyp,gdn,GDN,src.data.maya4_dir_datamodule.MAYA4DirDataModule,MAYA4DirDataModule,MAYA4DirDataModule,src.models.components.losses.CompoundCompressionLoss,Compound,/lustre/projects/1001/rdelprete/MAYA_DC/logs/default/multiruns/2026-03-26_09-05-52/lmbda_8_seed_0,,False,rcmc_grid,"[""maya4"", ""rcmc_compression"", ""scale_hyperprior""]",SHyp-GDN | MAYA4DirDataModule | slc | sq,"{""_runtime"": 3862, ""_step"": 115001, ""_timestamp"": 1774516219.7964542, ""epoch"": 23, ""fixed_patch/reconstruction"": {""_type"": ""image-file"", ""format"": ""png"", ""height"": 600, ""path"": ""media/images/fixed_patch/reconstruction_115000_b96bb42a921bf89eaf00.png"", ""sha256"": ""b96bb42a921bf89eaf00a0e8b12206453a04199d31cb7e565d191b0c0d7d959c"", ""size"": 1567690, ""width"": 2000}, ""test/aux"": 24.028257369995117, ""test/coherence"": 0.16394305229187012, ""test/complex_corr_mean"": 0.8360570073127747, ""test/complex_corr_std"": ""NaN"", ""test/distortion"": 0.3337003290653229, ""test/kde"": 0.055259380489587784, ""test/loss"": 2.8854236602783203, ""test/mse"": 0.11449793726205826, ""test/phase_err_mean"": 0.11909165978431702, ""test/phase_err_std"": ""NaN"", ""test/psnr_amp"": 22.53030776977539, ""test/rate"": 0.21582083404064176, ""test/ssim_amp"": 0.23766623437404633, ""train/aux"": 36.59820556640625, ""train/coherence"": 0.19530779123306272, ""train/distortion"": 0.4671157896518707, ""train/grad_norm_g_a"": 3.24833607673645, ""train/grad_norm_g_s"": 5.890651702880859, ""train/grad_norm_h_a"": 0.02821938320994377, ""train/grad_norm_h_s"": 0.013516372069716454, ""train/kde"": 0.02607973851263523, ""train/loss"": 4.230114936828613, ""train/lr"": 4.999999873689376e-05, ""train/mse"": 0.2457282543182373, ""train/rate"": 0.49318867921829224, ""trainer/global_step"": 57500, ""val_batch/coherence_loss"": 0.04505300521850586, ""val_batch/correlation_metric_mean"": 0.9549470543861388, ""val_batch/correlation_metric_std"": ""NaN"", ""val_batch/kde_loss"": 0.2255263477563858, ""val_batch/phase_error"": 0.024457097053527832, ""val_batch/psnr_slc"": 19.67339324951172, ""val_batch/reconstructions"": {""_type"": ""image-file"", ""format"": ""png"", ""height"": 1700, ""path"": ""media/images/val_batch/reconstructions_110051_a32dcd1a12aa391f2c63.png"", ""sha256"": ""a32dcd1a12aa391f2c636cafd48f9d909b44f3f9ea0f05bbea3d81c47d08d7c1"", ""size"": 1514094, ""width"": 500}, ""val_batch/ssim_slc"": 0.2089980840682983, ""val_batch/x_hat_histogram"": {""_type"": ""histogram""}, ""valid/aux"": 33.11521911621094, ""valid/coherence"": 0.17784219980239868, ""valid/complex_corr_mean"": 0.8221578598022461, ""valid/complex_corr_std"": ""NaN"", ""valid/distortion"": 0.4966585636138916, ""valid/kde"": 0.1436864137649536, ""valid/loss"": 4.2727861404418945, ""valid/mse"": 0.17513003945350647, ""valid/phase_err_mean"": 0.13301607966423035, ""valid/phase_err_std"": ""NaN"", ""valid/psnr_amp"": 26.04240608215332, ""valid/rate"": 0.2995166480541229, ""valid/rd_scatter_table"": {""_latest_artifact_path"": ""wandb-client-artifact://2p1p3tpnqpfklvm14miigjhydvcv175tokpby3qq6zqem6eu3thuxeicip32299n7rooe9pc7pyio94bsi73103vmnxy29u35p5fdpfgq64aatjjzouxgpmxqgcn0wcf:latest/valid/rd_scatter_table.table.json"", ""_type"": ""table-file"", ""artifact_path"": ""wandb-client-artifact://gtbs8gvnf1h9km30ryqwj7lhs1aynnq9nrqe8dj3vpq995jr8kq6522jafo6qb76ia2qx96ex3mjjcgezkintj5db069ko5lc1ujm3uwkakrhrwyguscouqpvmfq5unk/valid/rd_scatter_table.table.json"", ""log_mode"": ""IMMUTABLE"", ""ncols"": 3, ""nrows"": 24, ""path"": ""media/table/valid/rd_scatter_table_115000_7e577c647c9a29edcb45.table.json"", ""sha256"": ""7e577c647c9a29edcb4589ef23390e769e9e5f7a752b7080b73c4200237c55ab"", ""size"": 1165}, ""valid/ssim_amp"": 0.2964829206466675}","{""azimuth_buffer"": 512, ""callbacks"": {""early_stopping"": {""_target_"": ""lightning.pytorch.callbacks.EarlyStopping"", ""check_finite"": true, ""check_on_train_epoch_end"": false, ""divergence_threshold"": null, ""min_delta"": 0, ""mode"": ""min"", ""monitor"": ""valid/loss"", ""patience"": 10, ""stopping_threshold"": null, ""strict"": true, ""verbose"": false}, ""model_checkpoint"": {""_target_"": ""lightning.pytorch.callbacks.ModelCheckpoint"", ""auto_insert_metric_name"": false, ""dirpath"": ""/lustre/projects/1001/rdelprete/MAYA_DC/logs/default/multiruns/2026-03-26_09-05-52/lmbda_8_seed_0/checkpoints"", ""every_n_epochs"": null, ""every_n_train_steps"": null, ""filename"": ""epoch_{epoch:03d}_loss_{valid/loss:.4f}"", ""mode"": ""min"", ""monitor"": ""valid/loss"", ""save_last"": true, ""save_on_train_epoch_end"": null, ""save_top_k"": 1, ""save_weights_only"": false, ""train_time_interval"": null, ""verbose"": false}, ""model_summary"": {""_target_"": ""lightning.pytorch.callbacks.RichModelSummary"", ""max_depth"": 2}, ""monitor_fix_patch"": {""verbose"": true}, ""monitor_fixed_patch"": {""_target_"": ""src.callbacks.monitor_fixed_patch.MonitorFixedPatch"", ""clip_factor"": 3, ""log_every_n_epochs"": 1, ""patch_json"": ""data/fixed_patches/s1c-s6-raw-s-vv-20250422t061414-20250422t061446-002002-0040d4.json"", ""verbose"": false}, ""monitor_val_recon"": {""_target_"": ""src.callbacks.monitor_val_reconstruction.MonitorValReconstruction"", ""clip_factor"": 3, ""log_every_n_epochs"": 1, ""num_images"": 3, ""verbose"": true}, ""rich_progress_bar"": {""_target_"": ""lightning.pytorch.callbacks.RichProgressBar""}, ""wandb_osh"": {""_target_"": ""wandb_osh.lightning_hooks.TriggerWandbSyncLightningCallback""}}, ""ckpt_path"": null, ""data"": {""_target_"": ""src.data.maya4_dir_datamodule.MAYA4DirDataModule"", ""azimuth_buffer"": 512, ""batch_size"": 4, ""max_products_test"": 2, ""max_products_train"": 10, ""max_products_val"": 2, ""num_workers"": 4, ""online"": false, ""patch_size"": [512, 512], ""pin_memory"": true, ""samples_per_prod"": 1000, ""test_dir"": ""/lustre/projects/1001/rdelprete/SSM/data/ssm_dataset/focused/PT3"", ""train_dir"": ""/lustre/projects/1001/rdelprete/SSM/data/ssm_dataset/focused/PT1"", ""val_dir"": ""/lustre/projects/1001/rdelprete/SSM/data/ssm_dataset/focused/PT2""}, ""determinism"": true, ""experiment_name"": ""rcmc_compress_baseline"", ""extras"": {""enforce_tags"": true, ""ignore_warnings"": false, ""print_config"": true}, ""lambda"": 8, ""logger"": {""wandb"": {""_target_"": ""lightning.pytorch.loggers.wandb.WandbLogger"", ""anonymous"": null, ""entity"": ""cedric-leonard"", ""group"": ""rcmc_grid"", ""id"": null, ""job_type"": """", ""log_model"": false, ""offline"": true, ""prefix"": """", ""project"": ""MAYA_DC"", ""save_dir"": ""/lustre/projects/1001/rdelprete/MAYA_DC/logs/default/multiruns/2026-03-26_09-05-52/lmbda_8_seed_0"", ""tags"": []}}, ""model"": {""_target_"": ""src.models.rcmc_compress_module.RCMCDCmodule"", ""aux_optimizer"": {""_partial_"": true, ""_target_"": ""torch.optim.Adam"", ""lr"": 0.001}, ""azimuth_buffer"": 512, ""compile"": false, ""criterion"": {""_target_"": ""src.models.components.losses.CompoundCompressionLoss"", ""azimuth_buffer"": 512, ""delta_coherence"": 1, ""delta_kde"": 1, ""lmbda"": 8, ""num_kde_bins"": 100, ""patch_size"": [512, 512]}, ""gradient_clip_norm"": 1, ""net"": {""_target_"": ""src.models.components.scale_hyperprior.ScaleHyperprior"", ""activation"": ""gdn"", ""nb_channels_latent"": 256, ""nb_channels_main"": 128, ""nb_input_channels"": 2, ""non_square_kernels"": false}, ""net_optimizer"": {""_partial_"": true, ""_target_"": ""torch.optim.Adam"", ""betas"": [0.9, 0.999], ""lr"": 0.0001}, ""scheduler"": {""_partial_"": true, ""_target_"": ""torch.optim.lr_scheduler.ReduceLROnPlateau"", ""factor"": 0.5, ""mode"": ""min"", ""patience"": 5}, ""training_mode"": ""slc""}, ""model/params/non_trainable"": 0, ""model/params/total"": 5626626, ""model/params/trainable"": 5626626, ""patch_size"": [512, 512], ""paths"": {""data_dir"": ""/lustre/projects/1001/rdelprete/MAYA_DC/data/"", ""log_dir"": ""/lustre/projects/1001/rdelprete/MAYA_DC/logs/"", ""output_dir"": ""/lustre/projects/1001/rdelprete/MAYA_DC/logs/default/multiruns/2026-03-26_09-05-52/lmbda_8_seed_0"", ""root_dir"": ""/lustre/projects/1001/rdelprete/MAYA_DC"", ""work_dir"": ""/lustre/home/u10010007""}, ""seed"": 0, ""tags"": [""rcmc_compression"", ""scale_hyperprior"", ""maya4""], ""task_name"": ""default"", ""test"": true, ""train"": true, ""trainer"": {""_target_"": ""lightning.pytorch.trainer.Trainer"", ""accelerator"": ""gpu"", ""check_val_every_n_epoch"": 1, ""default_root_dir"": ""/lustre/projects/1001/rdelprete/MAYA_DC/logs/default/multiruns/2026-03-26_09-05-52/lmbda_8_seed_0"", ""deterministic"": false, ""devices"": 4, ""max_epochs"": 30, ""min_epochs"": 1, ""num_nodes"": 1, ""precision"": ""32-true"", ""strategy"": ""ddp_find_unused_parameters_true"", ""sync_batchnorm"": true}}"
55h3schb,SHP-gdn_s1_L8_slc_buf512_Compound_lr0.0001_b4_10000p,finished,https://wandb.ai/cedric-leonard/MAYA_DC/runs/55h3schb,2026-03-25T09:26:16Z,cedric-leonard,MAYA_DC,1.0,8.0,slc,512.0,src.models.components.scale_hyperprior.ScaleHyperprior,ScaleHyperprior,SHyp,gdn,GDN,src.data.maya4_dir_datamodule.MAYA4DirDataModule,MAYA4DirDataModule,MAYA4DirDataModule,src.models.components.losses.CompoundCompressionLoss,Compound,/lustre/projects/1001/rdelprete/MAYA_DC/logs/default/multiruns/2026-03-24_17-14-16_non_square/lmbda_8_seed_1,,True,rcmc_grid_non_square,"[""maya4"", ""rcmc_compression"", ""scale_hyperprior""]",SHyp-GDN | MAYA4DirDataModule | slc | nsk,"{""_runtime"": 2570, ""_step"": 70001, ""_timestamp"": 1774412601.357063, ""epoch"": 14, ""fixed_patch/reconstruction"": {""_type"": ""image-file"", ""format"": ""png"", ""height"": 600, ""path"": ""media/images/fixed_patch/reconstruction_70000_da33e8776fb8970cbf1b.png"", ""sha256"": ""da33e8776fb8970cbf1bed9f1d528eaffea3b3b9ac2bc86033de36786dd92035"", ""size"": 1502097, ""width"": 2000}, ""test/aux"": 4540.908203125, ""test/coherence"": 0.1850687563419342, ""test/complex_corr_mean"": 0.8149312734603882, ""test/complex_corr_std"": ""NaN"", ""test/distortion"": 0.4223942458629608, ""test/kde"": 0.11025793105363846, ""test/loss"": 3.4711124897003174, ""test/mse"": 0.12706750631332395, ""test/phase_err_mean"": 0.12777547538280487, ""test/phase_err_std"": ""NaN"", ""test/psnr_amp"": 22.071372985839844, ""test/rate"": 0.0919591337442398, ""test/ssim_amp"": 0.1162308007478714, ""train/aux"": 14.416080474853516, ""train/coherence"": 0.10610705614089966, ""train/distortion"": 0.19393916428089145, ""train/grad_norm_g_a"": 4.937770366668701, ""train/grad_norm_g_s"": 3.137693166732788, ""train/grad_norm_h_a"": 0.09301784634590148, ""train/grad_norm_h_s"": 0.08230607211589813, ""train/kde"": 0.02427128329873085, ""train/loss"": 1.8785340785980225, ""train/lr"": 4.999999873689376e-05, ""train/mse"": 0.06356082111597061, ""train/rate"": 0.32702067494392395, ""trainer/global_step"": 35000, ""val_batch/coherence_loss"": 0.04236769676208496, ""val_batch/correlation_metric_mean"": 0.957632303237915, ""val_batch/correlation_metric_std"": ""NaN"", ""val_batch/kde_loss"": 0.3058137595653534, ""val_batch/phase_error"": 0.02209383249282837, ""val_batch/psnr_slc"": 19.74748992919922, ""val_batch/reconstructions"": {""_type"": ""image-file"", ""format"": ""png"", ""height"": 1700, ""path"": ""media/images/val_batch/reconstructions_65051_8babda75dfac81ae35c6.png"", ""sha256"": ""8babda75dfac81ae35c6dc807485d297be87084cc899590d82b8219991c6107f"", ""size"": 1509932, ""width"": 500}, ""val_batch/ssim_slc"": 0.1835181266069412, ""val_batch/x_hat_histogram"": {""_type"": ""histogram""}, ""valid/aux"": 14.888190269470217, ""valid/coherence"": 0.19603954255580905, ""valid/complex_corr_mean"": 0.8039605021476746, ""valid/complex_corr_std"": ""NaN"", ""valid/distortion"": 0.7325404286384583, ""valid/kde"": 0.3499455153942108, ""valid/loss"": 5.977829933166504, ""valid/mse"": 0.186555415391922, ""valid/phase_err_mean"": 0.13284727931022644, ""valid/phase_err_std"": ""NaN"", ""valid/psnr_amp"": 25.530847549438477, ""valid/rate"": 0.11750775575637816, ""valid/rd_scatter_table"": {""_latest_artifact_path"": ""wandb-client-artifact://dzliv35pt7pu4y0fi3hv260x09jnvt3qxut9lfpbkbanehdgsgc2d59ak43iotc484zsp1q3r26gg9eqnsvp1ibodjmzksnzniqq408d7bqqb10d048oepotu9xn6ew6:latest/valid/rd_scatter_table.table.json"", ""_type"": ""table-file"", ""artifact_path"": ""wandb-client-artifact://0527xa2zppjfd6ufu75dibpibt7093t50qj9g682vsagmd673696zsuodgqnjqcx2pa9hbswhys3mkzlqa6xjnpm18viqxjs05vfuo6866f7vbbtrvcb87sjwoj8lo5p/valid/rd_scatter_table.table.json"", ""log_mode"": ""IMMUTABLE"", ""ncols"": 3, ""nrows"": 15, ""path"": ""media/table/valid/rd_scatter_table_70000_3696d2f1466f9d359542.table.json"", ""sha256"": ""3696d2f1466f9d359542498b275e44d333703b6ce01bcf50912535ce4a2e4dcb"", ""size"": 749}, ""valid/ssim_amp"": 0.15438827872276306}","{""azimuth_buffer"": 512, ""callbacks"": {""early_stopping"": {""_target_"": ""lightning.pytorch.callbacks.EarlyStopping"", ""check_finite"": true, ""check_on_train_epoch_end"": false, ""divergence_threshold"": null, ""min_delta"": 0, ""mode"": ""min"", ""monitor"": ""valid/loss"", ""patience"": 10, ""stopping_threshold"": null, ""strict"": true, ""verbose"": false}, ""model_checkpoint"": {""_target_"": ""lightning.pytorch.callbacks.ModelCheckpoint"", ""auto_insert_metric_name"": false, ""dirpath"": ""/lustre/projects/1001/rdelprete/MAYA_DC/logs/default/multiruns/2026-03-24_17-14-16_non_square/lmbda_8_seed_1/checkpoints"", ""every_n_epochs"": null, ""every_n_train_steps"": null, ""filename"": ""epoch_{epoch:03d}_loss_{valid/loss:.4f}"", ""mode"": ""min"", ""monitor"": ""valid/loss"", ""save_last"": true, ""save_on_train_epoch_end"": null, ""save_top_k"": 1, ""save_weights_only"": false, ""train_time_interval"": null, ""verbose"": false}, ""model_summary"": {""_target_"": ""lightning.pytorch.callbacks.RichModelSummary"", ""max_depth"": 2}, ""monitor_fix_patch"": {""verbose"": true}, ""monitor_fixed_patch"": {""_target_"": ""src.callbacks.monitor_fixed_patch.MonitorFixedPatch"", ""clip_factor"": 3, ""log_every_n_epochs"": 1, ""patch_json"": ""data/fixed_patches/s1c-s6-raw-s-vv-20250422t061414-20250422t061446-002002-0040d4.json"", ""verbose"": false}, ""monitor_val_recon"": {""_target_"": ""src.callbacks.monitor_val_reconstruction.MonitorValReconstruction"", ""clip_factor"": 3, ""log_every_n_epochs"": 1, ""num_images"": 3, ""verbose"": true}, ""rich_progress_bar"": {""_target_"": ""lightning.pytorch.callbacks.RichProgressBar""}, ""wandb_osh"": {""_target_"": ""wandb_osh.lightning_hooks.TriggerWandbSyncLightningCallback""}}, ""ckpt_path"": null, ""data"": {""_target_"": ""src.data.maya4_dir_datamodule.MAYA4DirDataModule"", ""azimuth_buffer"": 512, ""batch_size"": 4, ""max_products_test"": 2, ""max_products_train"": 10, ""max_products_val"": 2, ""num_workers"": 4, ""online"": false, ""patch_size"": [512, 512], ""pin_memory"": true, ""samples_per_prod"": 1000, ""test_dir"": ""/lustre/projects/1001/rdelprete/SSM/data/ssm_dataset/focused/PT3"", ""train_dir"": ""/lustre/projects/1001/rdelprete/SSM/data/ssm_dataset/focused/PT1"", ""val_dir"": ""/lustre/projects/1001/rdelprete/SSM/data/ssm_dataset/focused/PT2""}, ""determinism"": true, ""experiment_name"": ""rcmc_compress_baseline"", ""extras"": {""enforce_tags"": true, ""ignore_warnings"": false, ""print_config"": true}, ""lambda"": 8, ""logger"": {""wandb"": {""_target_"": ""lightning.pytorch.loggers.wandb.WandbLogger"", ""anonymous"": null, ""entity"": ""cedric-leonard"", ""group"": ""rcmc_grid_non_square"", ""id"": null, ""job_type"": """", ""log_model"": false, ""offline"": true, ""prefix"": """", ""project"": ""MAYA_DC"", ""save_dir"": ""/lustre/projects/1001/rdelprete/MAYA_DC/logs/default/multiruns/2026-03-24_17-14-16_non_square/lmbda_8_seed_1"", ""tags"": []}}, ""model"": {""_target_"": ""src.models.rcmc_compress_module.RCMCDCmodule"", ""aux_optimizer"": {""_partial_"": true, ""_target_"": ""torch.optim.Adam"", ""lr"": 0.001}, ""azimuth_buffer"": 512, ""compile"": false, ""criterion"": {""_target_"": ""src.models.components.losses.CompoundCompressionLoss"", ""azimuth_buffer"": 512, ""delta_coherence"": 1, ""delta_kde"": 1, ""lmbda"": 8, ""num_kde_bins"": 100, ""patch_size"": [512, 512]}, ""gradient_clip_norm"": 1, ""net"": {""_target_"": ""src.models.components.scale_hyperprior.ScaleHyperprior"", ""activation"": ""gdn"", ""nb_channels_latent"": 256, ""nb_channels_main"": 128, ""nb_input_channels"": 2, ""non_square_kernels"": true}, ""net_optimizer"": {""_partial_"": true, ""_target_"": ""torch.optim.Adam"", ""betas"": [0.9, 0.999], ""lr"": 0.0001}, ""scheduler"": {""_partial_"": true, ""_target_"": ""torch.optim.lr_scheduler.ReduceLROnPlateau"", ""factor"": 0.5, ""mode"": ""min"", ""patience"": 5}, ""training_mode"": ""slc""}, ""model/params/non_trainable"": 0, ""model/params/total"": 16662274, ""model/params/trainable"": 16662274, ""patch_size"": [512, 512], ""paths"": {""data_dir"": ""/lustre/projects/1001/rdelprete/MAYA_DC/data/"", ""log_dir"": ""/lustre/projects/1001/rdelprete/MAYA_DC/logs/"", ""output_dir"": ""/lustre/projects/1001/rdelprete/MAYA_DC/logs/default/multiruns/2026-03-24_17-14-16_non_square/lmbda_8_seed_1"", ""root_dir"": ""/lustre/projects/1001/rdelprete/MAYA_DC"", ""work_dir"": ""/lustre/home/u10010007""}, ""seed"": 1, ""tags"": [""rcmc_compression"", ""scale_hyperprior"", ""maya4""], ""task_name"": ""default"", ""test"": true, ""train"": true, ""trainer"": {""_target_"": ""lightning.pytorch.trainer.Trainer"", ""accelerator"": ""gpu"", ""check_val_every_n_epoch"": 1, ""default_root_dir"": ""/lustre/projects/1001/rdelprete/MAYA_DC/logs/default/multiruns/2026-03-24_17-14-16_non_square/lmbda_8_seed_1"", ""deterministic"": false, ""devices"": 4, ""max_epochs"": 30, ""min_epochs"": 1, ""num_nodes"": 1, ""precision"": ""32-true"", ""strategy"": ""ddp_find_unused_parameters_true"", ""sync_batchnorm"": true}}"
i98mm3fa,SHP-gdn_s1_L8_slc_buf512_Compound_lr0.0001_b4_10000p,finished,https://wandb.ai/cedric-leonard/MAYA_DC/runs/i98mm3fa,2026-03-25T10:06:49Z,cedric-leonard,MAYA_DC,1.0,8.0,slc,512.0,src.models.components.scale_hyperprior.ScaleHyperprior,ScaleHyperprior,SHyp,gdn,GDN,src.data.maya4_dir_datamodule.MAYA4DirDataModule,MAYA4DirDataModule,MAYA4DirDataModule,src.models.components.losses.CompoundCompressionLoss,Compound,/lustre/projects/1001/rdelprete/MAYA_DC/logs/default/multiruns/2026-03-24_15-29-55/lmbda_8_seed_1,,False,rcmc_grid,"[""maya4"", ""rcmc_compression"", ""scale_hyperprior""]",SHyp-GDN | MAYA4DirDataModule | slc | sq,"{""_runtime"": 3111, ""_step"": 95001, ""_timestamp"": 1774365931.6374247, ""epoch"": 19, ""fixed_patch/reconstruction"": {""_type"": ""image-file"", ""format"": ""png"", ""height"": 600, ""path"": ""media/images/fixed_patch/reconstruction_95000_58422146d352d827174a.png"", ""sha256"": ""58422146d352d827174a0dbda46f36131ba37ac6ece565a6715a47c99991be40"", ""size"": 1588154, ""width"": 2000}, ""test/aux"": 7.323663234710693, ""test/coherence"": 0.17224273085594177, ""test/complex_corr_mean"": 0.8277572393417358, ""test/complex_corr_std"": ""NaN"", ""test/distortion"": 0.34161192178726196, ""test/kde"": 0.04851723462343216, ""test/loss"": 2.923722743988037, ""test/mse"": 0.12085182219743729, ""test/phase_err_mean"": 0.12465176731348038, ""test/phase_err_std"": ""NaN"", ""test/psnr_amp"": 22.356416702270508, ""test/rate"": 0.19082793593406677, ""test/ssim_amp"": 0.2155072391033173, ""train/aux"": 24.74323844909668, ""train/coherence"": 0.2229057103395462, ""train/distortion"": 0.5151340961456299, ""train/grad_norm_g_a"": 3.8744335174560542, ""train/grad_norm_g_s"": 4.625014305114746, ""train/grad_norm_h_a"": 0.027570035308599472, ""train/grad_norm_h_s"": 0.012508459389209747, ""train/kde"": 0.034999702125787735, ""train/loss"": 4.607602119445801, ""train/lr"": 4.999999873689376e-05, ""train/mse"": 0.25722867250442505, ""train/rate"": 0.48652929067611694, ""trainer/global_step"": 47500, ""val_batch/coherence_loss"": 0.04538363218307495, ""val_batch/correlation_metric_mean"": 0.954616367816925, ""val_batch/correlation_metric_std"": ""NaN"", ""val_batch/kde_loss"": 0.16405583918094635, ""val_batch/phase_error"": 0.024839341640472412, ""val_batch/psnr_slc"": 19.652435302734375, ""val_batch/reconstructions"": {""_type"": ""image-file"", ""format"": ""png"", ""height"": 1700, ""path"": ""media/images/val_batch/reconstructions_90051_fdb057380bed12545794.png"", ""sha256"": ""fdb057380bed12545794629feb89b095e95be140c9cec80e171d3ade13ff445b"", ""size"": 1509243, ""width"": 500}, ""val_batch/ssim_slc"": 0.2357013374567032, ""val_batch/x_hat_histogram"": {""_type"": ""histogram""}, ""valid/aux"": 26.108110427856445, ""valid/coherence"": 0.1909831166267395, ""valid/complex_corr_mean"": 0.8090167045593262, ""valid/complex_corr_std"": ""NaN"", ""valid/distortion"": 0.4917507767677307, ""valid/kde"": 0.11298342794179916, ""valid/loss"": 4.2120747566223145, ""valid/mse"": 0.18778425455093384, ""valid/phase_err_mean"": 0.14155562222003937, ""valid/phase_err_std"": ""NaN"", ""valid/psnr_amp"": 25.8020076751709, ""valid/rate"": 0.27806800603866577, ""valid/rd_scatter_table"": {""_latest_artifact_path"": ""wandb-client-artifact://0xdhis0uhfdwcpdhhbl11459lq4fds13gr3t6vfbjcd18bnw92t9fd5tly6tpj0q0kv5jreabt1e1hkjsytgkyz15fqogth4w3t3svtygfj0gx7j2ndj5mnt47s8hy7c:latest/valid/rd_scatter_table.table.json"", ""_type"": ""table-file"", ""artifact_path"": ""wandb-client-artifact://7zqi0xibxv4laysksmmxh03h4tmp4ywtnyatko9q4gfo7tbyjuuwsa2vg485l3c4hmj1q4c9bs4qisctimvqbe2nhw45hg1z5pwvwna268x494a0s6gw6c72icbh98vb/valid/rd_scatter_table.table.json"", ""log_mode"": ""IMMUTABLE"", ""ncols"": 3, ""nrows"": 20, ""path"": ""media/table/valid/rd_scatter_table_95000_5fef0efdfe45a936ef28.table.json"", ""sha256"": ""5fef0efdfe45a936ef28d408674bf29f17b8587926c4eb24602ba41a2b243c2e"", ""size"": 980}, ""valid/ssim_amp"": 0.27035224437713623}","{""azimuth_buffer"": 512, ""callbacks"": {""early_stopping"": {""_target_"": ""lightning.pytorch.callbacks.EarlyStopping"", ""check_finite"": true, ""check_on_train_epoch_end"": false, ""divergence_threshold"": null, ""min_delta"": 0, ""mode"": ""min"", ""monitor"": ""valid/loss"", ""patience"": 10, ""stopping_threshold"": null, ""strict"": true, ""verbose"": false}, ""model_checkpoint"": {""_target_"": ""lightning.pytorch.callbacks.ModelCheckpoint"", ""auto_insert_metric_name"": false, ""dirpath"": ""/lustre/projects/1001/rdelprete/MAYA_DC/logs/default/multiruns/2026-03-24_15-29-55/lmbda_8_seed_1/checkpoints"", ""every_n_epochs"": null, ""every_n_train_steps"": null, ""filename"": ""epoch_{epoch:03d}_loss_{valid/loss:.4f}"", ""mode"": ""min"", ""monitor"": ""valid/loss"", ""save_last"": true, ""save_on_train_epoch_end"": null, ""save_top_k"": 1, ""save_weights_only"": false, ""train_time_interval"": null, ""verbose"": false}, ""model_summary"": {""_target_"": ""lightning.pytorch.callbacks.RichModelSummary"", ""max_depth"": 2}, ""monitor_fix_patch"": {""verbose"": true}, ""monitor_fixed_patch"": {""_target_"": ""src.callbacks.monitor_fixed_patch.MonitorFixedPatch"", ""clip_factor"": 3, ""log_every_n_epochs"": 1, ""patch_json"": ""data/fixed_patches/s1c-s6-raw-s-vv-20250422t061414-20250422t061446-002002-0040d4.json"", ""verbose"": false}, ""monitor_val_recon"": {""_target_"": ""src.callbacks.monitor_val_reconstruction.MonitorValReconstruction"", ""clip_factor"": 3, ""log_every_n_epochs"": 1, ""num_images"": 3, ""verbose"": true}, ""rich_progress_bar"": {""_target_"": ""lightning.pytorch.callbacks.RichProgressBar""}, ""wandb_osh"": {""_target_"": ""wandb_osh.lightning_hooks.TriggerWandbSyncLightningCallback""}}, ""ckpt_path"": null, ""data"": {""_target_"": ""src.data.maya4_dir_datamodule.MAYA4DirDataModule"", ""azimuth_buffer"": 512, ""batch_size"": 4, ""max_products_test"": 2, ""max_products_train"": 10, ""max_products_val"": 2, ""num_workers"": 4, ""online"": false, ""patch_size"": [512, 512], ""pin_memory"": true, ""samples_per_prod"": 1000, ""test_dir"": ""/lustre/projects/1001/rdelprete/SSM/data/ssm_dataset/focused/PT3"", ""train_dir"": ""/lustre/projects/1001/rdelprete/SSM/data/ssm_dataset/focused/PT1"", ""val_dir"": ""/lustre/projects/1001/rdelprete/SSM/data/ssm_dataset/focused/PT2""}, ""determinism"": true, ""experiment_name"": ""rcmc_compress_baseline"", ""extras"": {""enforce_tags"": true, ""ignore_warnings"": false, ""print_config"": true}, ""lambda"": 8, ""logger"": {""wandb"": {""_target_"": ""lightning.pytorch.loggers.wandb.WandbLogger"", ""anonymous"": null, ""entity"": ""cedric-leonard"", ""group"": ""rcmc_grid"", ""id"": null, ""job_type"": """", ""log_model"": false, ""offline"": true, ""prefix"": """", ""project"": ""MAYA_DC"", ""save_dir"": ""/lustre/projects/1001/rdelprete/MAYA_DC/logs/default/multiruns/2026-03-24_15-29-55/lmbda_8_seed_1"", ""tags"": []}}, ""model"": {""_target_"": ""src.models.rcmc_compress_module.RCMCDCmodule"", ""aux_optimizer"": {""_partial_"": true, ""_target_"": ""torch.optim.Adam"", ""lr"": 0.001}, ""azimuth_buffer"": 512, ""compile"": false, ""criterion"": {""_target_"": ""src.models.components.losses.CompoundCompressionLoss"", ""azimuth_buffer"": 512, ""delta_coherence"": 1, ""delta_kde"": 1, ""lmbda"": 8, ""num_kde_bins"": 100, ""patch_size"": [512, 512]}, ""gradient_clip_norm"": 1, ""net"": {""_target_"": ""src.models.components.scale_hyperprior.ScaleHyperprior"", ""activation"": ""gdn"", ""nb_channels_latent"": 256, ""nb_channels_main"": 128, ""nb_input_channels"": 2}, ""net_optimizer"": {""_partial_"": true, ""_target_"": ""torch.optim.Adam"", ""betas"": [0.9, 0.999], ""lr"": 0.0001}, ""scheduler"": {""_partial_"": true, ""_target_"": ""torch.optim.lr_scheduler.ReduceLROnPlateau"", ""factor"": 0.5, ""mode"": ""min"", ""patience"": 5}, ""training_mode"": ""slc""}, ""model/params/non_trainable"": 0, ""model/params/total"": 5626626, ""model/params/trainable"": 5626626, ""patch_size"": [512, 512], ""paths"": {""data_dir"": ""/lustre/projects/1001/rdelprete/MAYA_DC/data/"", ""log_dir"": ""/lustre/projects/1001/rdelprete/MAYA_DC/logs/"", ""output_dir"": ""/lustre/projects/1001/rdelprete/MAYA_DC/logs/default/multiruns/2026-03-24_15-29-55/lmbda_8_seed_1"", ""root_dir"": ""/lustre/projects/1001/rdelprete/MAYA_DC"", ""work_dir"": ""/lustre/home/u10010007""}, ""seed"": 1, ""tags"": [""rcmc_compression"", ""scale_hyperprior"", ""maya4""], ""task_name"": ""default"", ""test"": true, ""train"": true, ""trainer"": {""_target_"": ""lightning.pytorch.trainer.Trainer"", ""accelerator"": ""gpu"", ""check_val_every_n_epoch"": 1, ""default_root_dir"": ""/lustre/projects/1001/rdelprete/MAYA_DC/logs/default/multiruns/2026-03-24_15-29-55/lmbda_8_seed_1"", ""deterministic"": false, ""devices"": 4, ""max_epochs"": 30, ""min_epochs"": 1, ""num_nodes"": 1, ""precision"": ""32-true"", ""strategy"": ""ddp_find_unused_parameters_true"", ""sync_batchnorm"": true}}"
lleikh7g,SHP-gdn_s1_L8_slc_buf512_Compound_lr0.0001_b4_10000p,finished,https://wandb.ai/cedric-leonard/MAYA_DC/runs/lleikh7g,2026-03-26T08:39:20Z,cedric-leonard,MAYA_DC,1.0,8.0,slc,512.0,src.models.components.scale_hyperprior.ScaleHyperprior,ScaleHyperprior,SHyp,gdn,GDN,src.data.maya4_dir_datamodule.MAYA4DirDataModule,MAYA4DirDataModule,MAYA4DirDataModule,src.models.components.losses.CompoundCompressionLoss,Compound,/lustre/projects/1001/rdelprete/MAYA_DC/logs/default/multiruns/2026-03-26_09-05-52/lmbda_8_seed_1,,False,rcmc_grid,"[""maya4"", ""rcmc_compression"", ""scale_hyperprior""]",SHyp-GDN | MAYA4DirDataModule | slc | sq,"{""_runtime"": 3161, ""_step"": 95001, ""_timestamp"": 1774515518.018795, ""epoch"": 19, ""fixed_patch/reconstruction"": {""_type"": ""image-file"", ""format"": ""png"", ""height"": 600, ""path"": ""media/images/fixed_patch/reconstruction_95000_0bd804912e4acad0f267.png"", ""sha256"": ""0bd804912e4acad0f267da89b9a96b0942011318a41470b4ed7813297cdc81ca"", ""size"": 1586172, ""width"": 2000}, ""test/aux"": 7.323663234710693, ""test/coherence"": 0.17224273085594177, ""test/complex_corr_mean"": 0.8277572393417358, ""test/complex_corr_std"": ""NaN"", ""test/distortion"": 0.34161192178726196, ""test/kde"": 0.04851723462343216, ""test/loss"": 2.923722743988037, ""test/mse"": 0.12085182219743729, ""test/phase_err_mean"": 0.12465176731348038, ""test/phase_err_std"": ""NaN"", ""test/psnr_amp"": 22.356416702270508, ""test/rate"": 0.19082793593406677, ""test/ssim_amp"": 0.2155072391033173, ""train/aux"": 24.74323844909668, ""train/coherence"": 0.2229057103395462, ""train/distortion"": 0.5151340961456299, ""train/grad_norm_g_a"": 3.8744335174560542, ""train/grad_norm_g_s"": 4.625014305114746, ""train/grad_norm_h_a"": 0.027570035308599472, ""train/grad_norm_h_s"": 0.012508459389209747, ""train/kde"": 0.034999702125787735, ""train/loss"": 4.607602119445801, ""train/lr"": 4.999999873689376e-05, ""train/mse"": 0.25722867250442505, ""train/rate"": 0.48652929067611694, ""trainer/global_step"": 47500, ""val_batch/coherence_loss"": 0.04538363218307495, ""val_batch/correlation_metric_mean"": 0.954616367816925, ""val_batch/correlation_metric_std"": ""NaN"", ""val_batch/kde_loss"": 0.16405583918094635, ""val_batch/phase_error"": 0.024839341640472412, ""val_batch/psnr_slc"": 19.652435302734375, ""val_batch/reconstructions"": {""_type"": ""image-file"", ""format"": ""png"", ""height"": 1700, ""path"": ""media/images/val_batch/reconstructions_90051_01290dbb0859b3498e22.png"", ""sha256"": ""01290dbb0859b3498e227cb5918bd67e08f9850dedd198d7f10eb55b35284e2a"", ""size"": 1512881, ""width"": 500}, ""val_batch/ssim_slc"": 0.2357013374567032, ""val_batch/x_hat_histogram"": {""_type"": ""histogram""}, ""valid/aux"": 26.108110427856445, ""valid/coherence"": 0.1909831166267395, ""valid/complex_corr_mean"": 0.8090167045593262, ""valid/complex_corr_std"": ""NaN"", ""valid/distortion"": 0.4917507767677307, ""valid/kde"": 0.11298342794179916, ""valid/loss"": 4.2120747566223145, ""valid/mse"": 0.18778425455093384, ""valid/phase_err_mean"": 0.14155562222003937, ""valid/phase_err_std"": ""NaN"", ""valid/psnr_amp"": 25.8020076751709, ""valid/rate"": 0.27806800603866577, ""valid/rd_scatter_table"": {""_latest_artifact_path"": ""wandb-client-artifact://l7uvkp1cb2nyi22c505jyr2ifpvtb2e93pvur7ux3pax83mrdidqbqngo1hbpydj3xe9hk4pl5lxwirvqbrl2r4vs3vv1imlh2jdyidqi94t461yi89izo6szrxmnogl:latest/valid/rd_scatter_table.table.json"", ""_type"": ""table-file"", ""artifact_path"": ""wandb-client-artifact://3chda8y6gy4derh8wx9gbvp24cv35p7p9rdtkvr6coobsr11b5njbtcs9gg68zzamrqitdx9d92kjh74rt4pgah186wt4cxd2t9n732h8pgq5ekyu87fnq05kldxekct/valid/rd_scatter_table.table.json"", ""log_mode"": ""IMMUTABLE"", ""ncols"": 3, ""nrows"": 20, ""path"": ""media/table/valid/rd_scatter_table_95000_5fef0efdfe45a936ef28.table.json"", ""sha256"": ""5fef0efdfe45a936ef28d408674bf29f17b8587926c4eb24602ba41a2b243c2e"", ""size"": 980}, ""valid/ssim_amp"": 0.27035224437713623}","{""azimuth_buffer"": 512, ""callbacks"": {""early_stopping"": {""_target_"": ""lightning.pytorch.callbacks.EarlyStopping"", ""check_finite"": true, ""check_on_train_epoch_end"": false, ""divergence_threshold"": null, ""min_delta"": 0, ""mode"": ""min"", ""monitor"": ""valid/loss"", ""patience"": 10, ""stopping_threshold"": null, ""strict"": true, ""verbose"": false}, ""model_checkpoint"": {""_target_"": ""lightning.pytorch.callbacks.ModelCheckpoint"", ""auto_insert_metric_name"": false, ""dirpath"": ""/lustre/projects/1001/rdelprete/MAYA_DC/logs/default/multiruns/2026-03-26_09-05-52/lmbda_8_seed_1/checkpoints"", ""every_n_epochs"": null, ""every_n_train_steps"": null, ""filename"": ""epoch_{epoch:03d}_loss_{valid/loss:.4f}"", ""mode"": ""min"", ""monitor"": ""valid/loss"", ""save_last"": true, ""save_on_train_epoch_end"": null, ""save_top_k"": 1, ""save_weights_only"": false, ""train_time_interval"": null, ""verbose"": false}, ""model_summary"": {""_target_"": ""lightning.pytorch.callbacks.RichModelSummary"", ""max_depth"": 2}, ""monitor_fix_patch"": {""verbose"": true}, ""monitor_fixed_patch"": {""_target_"": ""src.callbacks.monitor_fixed_patch.MonitorFixedPatch"", ""clip_factor"": 3, ""log_every_n_epochs"": 1, ""patch_json"": ""data/fixed_patches/s1c-s6-raw-s-vv-20250422t061414-20250422t061446-002002-0040d4.json"", ""verbose"": false}, ""monitor_val_recon"": {""_target_"": ""src.callbacks.monitor_val_reconstruction.MonitorValReconstruction"", ""clip_factor"": 3, ""log_every_n_epochs"": 1, ""num_images"": 3, ""verbose"": true}, ""rich_progress_bar"": {""_target_"": ""lightning.pytorch.callbacks.RichProgressBar""}, ""wandb_osh"": {""_target_"": ""wandb_osh.lightning_hooks.TriggerWandbSyncLightningCallback""}}, ""ckpt_path"": null, ""data"": {""_target_"": ""src.data.maya4_dir_datamodule.MAYA4DirDataModule"", ""azimuth_buffer"": 512, ""batch_size"": 4, ""max_products_test"": 2, ""max_products_train"": 10, ""max_products_val"": 2, ""num_workers"": 4, ""online"": false, ""patch_size"": [512, 512], ""pin_memory"": true, ""samples_per_prod"": 1000, ""test_dir"": ""/lustre/projects/1001/rdelprete/SSM/data/ssm_dataset/focused/PT3"", ""train_dir"": ""/lustre/projects/1001/rdelprete/SSM/data/ssm_dataset/focused/PT1"", ""val_dir"": ""/lustre/projects/1001/rdelprete/SSM/data/ssm_dataset/focused/PT2""}, ""determinism"": true, ""experiment_name"": ""rcmc_compress_baseline"", ""extras"": {""enforce_tags"": true, ""ignore_warnings"": false, ""print_config"": true}, ""lambda"": 8, ""logger"": {""wandb"": {""_target_"": ""lightning.pytorch.loggers.wandb.WandbLogger"", ""anonymous"": null, ""entity"": ""cedric-leonard"", ""group"": ""rcmc_grid"", ""id"": null, ""job_type"": """", ""log_model"": false, ""offline"": true, ""prefix"": """", ""project"": ""MAYA_DC"", ""save_dir"": ""/lustre/projects/1001/rdelprete/MAYA_DC/logs/default/multiruns/2026-03-26_09-05-52/lmbda_8_seed_1"", ""tags"": []}}, ""model"": {""_target_"": ""src.models.rcmc_compress_module.RCMCDCmodule"", ""aux_optimizer"": {""_partial_"": true, ""_target_"": ""torch.optim.Adam"", ""lr"": 0.001}, ""azimuth_buffer"": 512, ""compile"": false, ""criterion"": {""_target_"": ""src.models.components.losses.CompoundCompressionLoss"", ""azimuth_buffer"": 512, ""delta_coherence"": 1, ""delta_kde"": 1, ""lmbda"": 8, ""num_kde_bins"": 100, ""patch_size"": [512, 512]}, ""gradient_clip_norm"": 1, ""net"": {""_target_"": ""src.models.components.scale_hyperprior.ScaleHyperprior"", ""activation"": ""gdn"", ""nb_channels_latent"": 256, ""nb_channels_main"": 128, ""nb_input_channels"": 2, ""non_square_kernels"": false}, ""net_optimizer"": {""_partial_"": true, ""_target_"": ""torch.optim.Adam"", ""betas"": [0.9, 0.999], ""lr"": 0.0001}, ""scheduler"": {""_partial_"": true, ""_target_"": ""torch.optim.lr_scheduler.ReduceLROnPlateau"", ""factor"": 0.5, ""mode"": ""min"", ""patience"": 5}, ""training_mode"": ""slc""}, ""model/params/non_trainable"": 0, ""model/params/total"": 5626626, ""model/params/trainable"": 5626626, ""patch_size"": [512, 512], ""paths"": {""data_dir"": ""/lustre/projects/1001/rdelprete/MAYA_DC/data/"", ""log_dir"": ""/lustre/projects/1001/rdelprete/MAYA_DC/logs/"", ""output_dir"": ""/lustre/projects/1001/rdelprete/MAYA_DC/logs/default/multiruns/2026-03-26_09-05-52/lmbda_8_seed_1"", ""root_dir"": ""/lustre/projects/1001/rdelprete/MAYA_DC"", ""work_dir"": ""/lustre/home/u10010007""}, ""seed"": 1, ""tags"": [""rcmc_compression"", ""scale_hyperprior"", ""maya4""], ""task_name"": ""default"", ""test"": true, ""train"": true, ""trainer"": {""_target_"": ""lightning.pytorch.trainer.Trainer"", ""accelerator"": ""gpu"", ""check_val_every_n_epoch"": 1, ""default_root_dir"": ""/lustre/projects/1001/rdelprete/MAYA_DC/logs/default/multiruns/2026-03-26_09-05-52/lmbda_8_seed_1"", ""deterministic"": false, ""devices"": 4, ""max_epochs"": 30, ""min_epochs"": 1, ""num_nodes"": 1, ""precision"": ""32-true"", ""strategy"": ""ddp_find_unused_parameters_true"", ""sync_batchnorm"": true}}"
5zzqv78i,SHP-gdn_s2_L8_slc_buf512_Compound_lr0.0001_b4_10000p,finished,https://wandb.ai/cedric-leonard/MAYA_DC/runs/5zzqv78i,2026-03-25T09:16:04Z,cedric-leonard,MAYA_DC,2.0,8.0,slc,512.0,src.models.components.scale_hyperprior.ScaleHyperprior,ScaleHyperprior,SHyp,gdn,GDN,src.data.maya4_dir_datamodule.MAYA4DirDataModule,MAYA4DirDataModule,MAYA4DirDataModule,src.models.components.losses.CompoundCompressionLoss,Compound,/lustre/projects/1001/rdelprete/MAYA_DC/logs/default/multiruns/2026-03-24_17-14-16_non_square/lmbda_8_seed_2,,True,rcmc_grid_non_square,"[""maya4"", ""rcmc_compression"", ""scale_hyperprior""]",SHyp-GDN | MAYA4DirDataModule | slc | nsk,"{""_runtime"": 3266, ""_step"": 90001, ""_timestamp"": 1774413947.91266, ""epoch"": 18, ""fixed_patch/reconstruction"": {""_type"": ""image-file"", ""format"": ""png"", ""height"": 600, ""path"": ""media/images/fixed_patch/reconstruction_90000_711cb5e5cb0bcb7c835d.png"", ""sha256"": ""711cb5e5cb0bcb7c835d761620cffd914111d73f76d81d805e8ed14f48124fb5"", ""size"": 1494359, ""width"": 2000}, ""test/aux"": 5049.25048828125, ""test/coherence"": 0.17194606363773346, ""test/complex_corr_mean"": 0.8280540704727173, ""test/complex_corr_std"": ""NaN"", ""test/distortion"": 0.4214868247509002, ""test/kde"": 0.1316789835691452, ""test/loss"": 3.4809978008270264, ""test/mse"": 0.11786169558763504, ""test/phase_err_mean"": 0.1189599111676216, ""test/phase_err_std"": ""NaN"", ""test/psnr_amp"": 22.33908462524414, ""test/rate"": 0.10910383611917496, ""test/ssim_amp"": 0.15676026046276093, ""train/aux"": 20.99417495727539, ""train/coherence"": 0.23375143110752103, ""train/distortion"": 0.5355762243270874, ""train/grad_norm_g_a"": 4.746882438659668, ""train/grad_norm_g_s"": 5.528040409088135, ""train/grad_norm_h_a"": 0.33028027415275574, ""train/grad_norm_h_s"": 0.09597346186637878, ""train/kde"": 0.03342846408486366, ""train/loss"": 4.724443435668945, ""train/lr"": 4.999999873689376e-05, ""train/mse"": 0.2683963179588318, ""train/rate"": 0.43983331322669983, ""trainer/global_step"": 45000, ""val_batch/coherence_loss"": 0.041272878646850586, ""val_batch/correlation_metric_mean"": 0.9587271213531494, ""val_batch/correlation_metric_std"": ""NaN"", ""val_batch/kde_loss"": 0.420440137386322, ""val_batch/phase_error"": 0.022103190422058105, ""val_batch/psnr_slc"": 19.910053253173828, ""val_batch/reconstructions"": {""_type"": ""image-file"", ""format"": ""png"", ""height"": 1700, ""path"": ""media/images/val_batch/reconstructions_85051_a9a2c4ca9914ac350b50.png"", ""sha256"": ""a9a2c4ca9914ac350b50b648e6e99ed89d3adf6675f62a89508c7749270c1f4a"", ""size"": 1486728, ""width"": 500}, ""val_batch/ssim_slc"": 0.18523624539375305, ""val_batch/x_hat_histogram"": {""_type"": ""histogram""}, ""valid/aux"": 20.96904182434082, ""valid/coherence"": 0.18788601458072665, ""valid/complex_corr_mean"": 0.8121140003204346, ""valid/complex_corr_std"": ""NaN"", ""valid/distortion"": 0.775425910949707, ""valid/kde"": 0.4081873297691345, ""valid/loss"": 6.337829113006592, ""valid/mse"": 0.17935271561145782, ""valid/phase_err_mean"": 0.12921413779258728, ""valid/phase_err_std"": ""NaN"", ""valid/psnr_amp"": 25.720081329345703, ""valid/rate"": 0.13442273437976837, ""valid/rd_scatter_table"": {""_latest_artifact_path"": ""wandb-client-artifact://0bn1rdku6j34swdh9mic8hor2bmdfqj3j9j27f65hzx3kcfxdvge9jkwxl7zfmtlam28os1ic9xr29kq1bn0zzqa5mopsk97wyo9uvxn7s1j7mdanzjjugw4bz6scyz1:latest/valid/rd_scatter_table.table.json"", ""_type"": ""table-file"", ""artifact_path"": ""wandb-client-artifact://rsmok64s4vwb4me2m4f0vthvxfgk49e7qjk48kndrhlqegeqpai5yu1m5g5s5z9zo8q4zx918mh90zxqbv32m468jgeic7izbzx8rpj3n4d2msvx3gi6xtm0hvcpviv0/valid/rd_scatter_table.table.json"", ""log_mode"": ""IMMUTABLE"", ""ncols"": 3, ""nrows"": 19, ""path"": ""media/table/valid/rd_scatter_table_90000_129fec57c14c87212c12.table.json"", ""sha256"": ""129fec57c14c87212c126a44b973d22967e36dde1b7b4c2b818fe0e972787e8c"", ""size"": 934}, ""valid/ssim_amp"": 0.16816647350788116}","{""azimuth_buffer"": 512, ""callbacks"": {""early_stopping"": {""_target_"": ""lightning.pytorch.callbacks.EarlyStopping"", ""check_finite"": true, ""check_on_train_epoch_end"": false, ""divergence_threshold"": null, ""min_delta"": 0, ""mode"": ""min"", ""monitor"": ""valid/loss"", ""patience"": 10, ""stopping_threshold"": null, ""strict"": true, ""verbose"": false}, ""model_checkpoint"": {""_target_"": ""lightning.pytorch.callbacks.ModelCheckpoint"", ""auto_insert_metric_name"": false, ""dirpath"": ""/lustre/projects/1001/rdelprete/MAYA_DC/logs/default/multiruns/2026-03-24_17-14-16_non_square/lmbda_8_seed_2/checkpoints"", ""every_n_epochs"": null, ""every_n_train_steps"": null, ""filename"": ""epoch_{epoch:03d}_loss_{valid/loss:.4f}"", ""mode"": ""min"", ""monitor"": ""valid/loss"", ""save_last"": true, ""save_on_train_epoch_end"": null, ""save_top_k"": 1, ""save_weights_only"": false, ""train_time_interval"": null, ""verbose"": false}, ""model_summary"": {""_target_"": ""lightning.pytorch.callbacks.RichModelSummary"", ""max_depth"": 2}, ""monitor_fix_patch"": {""verbose"": true}, ""monitor_fixed_patch"": {""_target_"": ""src.callbacks.monitor_fixed_patch.MonitorFixedPatch"", ""clip_factor"": 3, ""log_every_n_epochs"": 1, ""patch_json"": ""data/fixed_patches/s1c-s6-raw-s-vv-20250422t061414-20250422t061446-002002-0040d4.json"", ""verbose"": false}, ""monitor_val_recon"": {""_target_"": ""src.callbacks.monitor_val_reconstruction.MonitorValReconstruction"", ""clip_factor"": 3, ""log_every_n_epochs"": 1, ""num_images"": 3, ""verbose"": true}, ""rich_progress_bar"": {""_target_"": ""lightning.pytorch.callbacks.RichProgressBar""}, ""wandb_osh"": {""_target_"": ""wandb_osh.lightning_hooks.TriggerWandbSyncLightningCallback""}}, ""ckpt_path"": null, ""data"": {""_target_"": ""src.data.maya4_dir_datamodule.MAYA4DirDataModule"", ""azimuth_buffer"": 512, ""batch_size"": 4, ""max_products_test"": 2, ""max_products_train"": 10, ""max_products_val"": 2, ""num_workers"": 4, ""online"": false, ""patch_size"": [512, 512], ""pin_memory"": true, ""samples_per_prod"": 1000, ""test_dir"": ""/lustre/projects/1001/rdelprete/SSM/data/ssm_dataset/focused/PT3"", ""train_dir"": ""/lustre/projects/1001/rdelprete/SSM/data/ssm_dataset/focused/PT1"", ""val_dir"": ""/lustre/projects/1001/rdelprete/SSM/data/ssm_dataset/focused/PT2""}, ""determinism"": true, ""experiment_name"": ""rcmc_compress_baseline"", ""extras"": {""enforce_tags"": true, ""ignore_warnings"": false, ""print_config"": true}, ""lambda"": 8, ""logger"": {""wandb"": {""_target_"": ""lightning.pytorch.loggers.wandb.WandbLogger"", ""anonymous"": null, ""entity"": ""cedric-leonard"", ""group"": ""rcmc_grid_non_square"", ""id"": null, ""job_type"": """", ""log_model"": false, ""offline"": true, ""prefix"": """", ""project"": ""MAYA_DC"", ""save_dir"": ""/lustre/projects/1001/rdelprete/MAYA_DC/logs/default/multiruns/2026-03-24_17-14-16_non_square/lmbda_8_seed_2"", ""tags"": []}}, ""model"": {""_target_"": ""src.models.rcmc_compress_module.RCMCDCmodule"", ""aux_optimizer"": {""_partial_"": true, ""_target_"": ""torch.optim.Adam"", ""lr"": 0.001}, ""azimuth_buffer"": 512, ""compile"": false, ""criterion"": {""_target_"": ""src.models.components.losses.CompoundCompressionLoss"", ""azimuth_buffer"": 512, ""delta_coherence"": 1, ""delta_kde"": 1, ""lmbda"": 8, ""num_kde_bins"": 100, ""patch_size"": [512, 512]}, ""gradient_clip_norm"": 1, ""net"": {""_target_"": ""src.models.components.scale_hyperprior.ScaleHyperprior"", ""activation"": ""gdn"", ""nb_channels_latent"": 256, ""nb_channels_main"": 128, ""nb_input_channels"": 2, ""non_square_kernels"": true}, ""net_optimizer"": {""_partial_"": true, ""_target_"": ""torch.optim.Adam"", ""betas"": [0.9, 0.999], ""lr"": 0.0001}, ""scheduler"": {""_partial_"": true, ""_target_"": ""torch.optim.lr_scheduler.ReduceLROnPlateau"", ""factor"": 0.5, ""mode"": ""min"", ""patience"": 5}, ""training_mode"": ""slc""}, ""model/params/non_trainable"": 0, ""model/params/total"": 16662274, ""model/params/trainable"": 16662274, ""patch_size"": [512, 512], ""paths"": {""data_dir"": ""/lustre/projects/1001/rdelprete/MAYA_DC/data/"", ""log_dir"": ""/lustre/projects/1001/rdelprete/MAYA_DC/logs/"", ""output_dir"": ""/lustre/projects/1001/rdelprete/MAYA_DC/logs/default/multiruns/2026-03-24_17-14-16_non_square/lmbda_8_seed_2"", ""root_dir"": ""/lustre/projects/1001/rdelprete/MAYA_DC"", ""work_dir"": ""/lustre/home/u10010007""}, ""seed"": 2, ""tags"": [""rcmc_compression"", ""scale_hyperprior"", ""maya4""], ""task_name"": ""default"", ""test"": true, ""train"": true, ""trainer"": {""_target_"": ""lightning.pytorch.trainer.Trainer"", ""accelerator"": ""gpu"", ""check_val_every_n_epoch"": 1, ""default_root_dir"": ""/lustre/projects/1001/rdelprete/MAYA_DC/logs/default/multiruns/2026-03-24_17-14-16_non_square/lmbda_8_seed_2"", ""deterministic"": false, ""devices"": 4, ""max_epochs"": 30, ""min_epochs"": 1, ""num_nodes"": 1, ""precision"": ""32-true"", ""strategy"": ""ddp_find_unused_parameters_true"", ""sync_batchnorm"": true}}"
6kbmioa5,SHP-gdn_s2_L8_slc_buf512_Compound_lr0.0001_b4_10000p,finished,https://wandb.ai/cedric-leonard/MAYA_DC/runs/6kbmioa5,2026-03-25T10:04:46Z,cedric-leonard,MAYA_DC,2.0,8.0,slc,512.0,src.models.components.scale_hyperprior.ScaleHyperprior,ScaleHyperprior,SHyp,gdn,GDN,src.data.maya4_dir_datamodule.MAYA4DirDataModule,MAYA4DirDataModule,MAYA4DirDataModule,src.models.components.losses.CompoundCompressionLoss,Compound,/lustre/projects/1001/rdelprete/MAYA_DC/logs/default/multiruns/2026-03-24_15-29-55/lmbda_8_seed_2,,False,rcmc_grid,"[""maya4"", ""rcmc_compression"", ""scale_hyperprior""]",SHyp-GDN | MAYA4DirDataModule | slc | sq,"{""_runtime"": 3883, ""_step"": 120001, ""_timestamp"": 1774369830.441476, ""epoch"": 24, ""fixed_patch/reconstruction"": {""_type"": ""image-file"", ""format"": ""png"", ""height"": 600, ""path"": ""media/images/fixed_patch/reconstruction_120000_7793d7a9e2d4ce8fff4c.png"", ""sha256"": ""7793d7a9e2d4ce8fff4c521bef08c3ff1901a8937307958d45c3a8dbac086862"", ""size"": 1579194, ""width"": 2000}, ""test/aux"": 20.790130615234375, ""test/coherence"": 0.15947331488132477, ""test/complex_corr_mean"": 0.8405266404151917, ""test/complex_corr_std"": ""NaN"", ""test/distortion"": 0.33502334356307983, ""test/kde"": 0.06432118266820908, ""test/loss"": 2.9103755950927734, ""test/mse"": 0.11122886836528778, ""test/phase_err_mean"": 0.11592864990234376, ""test/phase_err_std"": ""NaN"", ""test/psnr_amp"": 22.626628875732425, ""test/rate"": 0.23018914461135864, ""test/ssim_amp"": 0.25157973170280457, ""train/aux"": 28.829275131225582, ""train/coherence"": 0.11387388408184052, ""train/distortion"": 0.24087679386138916, ""train/grad_norm_g_a"": 5.506836414337158, ""train/grad_norm_g_s"": 4.908753395080566, ""train/grad_norm_h_a"": 0.01900821179151535, ""train/grad_norm_h_s"": 0.026997191831469536, ""train/kde"": 0.022398145869374275, ""train/loss"": 2.3351407051086426, ""train/lr"": 4.999999873689376e-05, ""train/mse"": 0.10460476577281952, ""train/rate"": 0.4081262946128845, ""trainer/global_step"": 60000, ""val_batch/coherence_loss"": 0.04449009895324707, ""val_batch/correlation_metric_mean"": 0.9555099010467528, ""val_batch/correlation_metric_std"": ""NaN"", ""val_batch/kde_loss"": 0.20915375649929047, ""val_batch/phase_error"": 0.02437138557434082, ""val_batch/psnr_slc"": 19.731611251831055, ""val_batch/reconstructions"": {""_type"": ""image-file"", ""format"": ""png"", ""height"": 1700, ""path"": ""media/images/val_batch/reconstructions_115051_31980010263433b0678d.png"", ""sha256"": ""31980010263433b0678d15c5649ed9f4f8f7308fedbff5172993e55ff8ece395"", ""size"": 1523701, ""width"": 500}, ""val_batch/ssim_slc"": 0.23230986297130585, ""val_batch/x_hat_histogram"": {""_type"": ""histogram""}, ""valid/aux"": 30.485349655151367, ""valid/coherence"": 0.17896859347820282, ""valid/complex_corr_mean"": 0.821031391620636, ""valid/complex_corr_std"": ""NaN"", ""valid/distortion"": 0.5147125124931335, ""valid/kde"": 0.16015887260437012, ""valid/loss"": 4.399099826812744, ""valid/mse"": 0.17558512091636658, ""valid/phase_err_mean"": 0.13272053003311157, ""valid/phase_err_std"": ""NaN"", ""valid/psnr_amp"": 26.028913497924805, ""valid/rate"": 0.28139856457710266, ""valid/rd_scatter_table"": {""_latest_artifact_path"": ""wandb-client-artifact://30aaf0epf9o7ot4fl16txqsl1r0b23e4vjd47ka144y4e5lm2n0umap0vrzu9vo6xgdp7o1v0lijp9y22aangbjgwodvn12n88hv7rmmcaumjnths26isgmxaeqzvax4:latest/valid/rd_scatter_table.table.json"", ""_type"": ""table-file"", ""artifact_path"": ""wandb-client-artifact://zfxqjylv4hjwky05vbjv1rop1fpswxdopnm2rne201s0dreef4mq9swn4xg3wdlimc9684t8xau7690siertnfrwdh1ehvh2o18dwtnh69bqyuse7yl5e5w5ipxki6u2/valid/rd_scatter_table.table.json"", ""log_mode"": ""IMMUTABLE"", ""ncols"": 3, ""nrows"": 25, ""path"": ""media/table/valid/rd_scatter_table_120000_ea7c200c1fd2d8241105.table.json"", ""sha256"": ""ea7c200c1fd2d8241105fc79d846fc88bcd46f0f4c8076dc3f41a7b0eef429ff"", ""size"": 1211}, ""valid/ssim_amp"": 0.2892657518386841}","{""azimuth_buffer"": 512, ""callbacks"": {""early_stopping"": {""_target_"": ""lightning.pytorch.callbacks.EarlyStopping"", ""check_finite"": true, ""check_on_train_epoch_end"": false, ""divergence_threshold"": null, ""min_delta"": 0, ""mode"": ""min"", ""monitor"": ""valid/loss"", ""patience"": 10, ""stopping_threshold"": null, ""strict"": true, ""verbose"": false}, ""model_checkpoint"": {""_target_"": ""lightning.pytorch.callbacks.ModelCheckpoint"", ""auto_insert_metric_name"": false, ""dirpath"": ""/lustre/projects/1001/rdelprete/MAYA_DC/logs/default/multiruns/2026-03-24_15-29-55/lmbda_8_seed_2/checkpoints"", ""every_n_epochs"": null, ""every_n_train_steps"": null, ""filename"": ""epoch_{epoch:03d}_loss_{valid/loss:.4f}"", ""mode"": ""min"", ""monitor"": ""valid/loss"", ""save_last"": true, ""save_on_train_epoch_end"": null, ""save_top_k"": 1, ""save_weights_only"": false, ""train_time_interval"": null, ""verbose"": false}, ""model_summary"": {""_target_"": ""lightning.pytorch.callbacks.RichModelSummary"", ""max_depth"": 2}, ""monitor_fix_patch"": {""verbose"": true}, ""monitor_fixed_patch"": {""_target_"": ""src.callbacks.monitor_fixed_patch.MonitorFixedPatch"", ""clip_factor"": 3, ""log_every_n_epochs"": 1, ""patch_json"": ""data/fixed_patches/s1c-s6-raw-s-vv-20250422t061414-20250422t061446-002002-0040d4.json"", ""verbose"": false}, ""monitor_val_recon"": {""_target_"": ""src.callbacks.monitor_val_reconstruction.MonitorValReconstruction"", ""clip_factor"": 3, ""log_every_n_epochs"": 1, ""num_images"": 3, ""verbose"": true}, ""rich_progress_bar"": {""_target_"": ""lightning.pytorch.callbacks.RichProgressBar""}, ""wandb_osh"": {""_target_"": ""wandb_osh.lightning_hooks.TriggerWandbSyncLightningCallback""}}, ""ckpt_path"": null, ""data"": {""_target_"": ""src.data.maya4_dir_datamodule.MAYA4DirDataModule"", ""azimuth_buffer"": 512, ""batch_size"": 4, ""max_products_test"": 2, ""max_products_train"": 10, ""max_products_val"": 2, ""num_workers"": 4, ""online"": false, ""patch_size"": [512, 512], ""pin_memory"": true, ""samples_per_prod"": 1000, ""test_dir"": ""/lustre/projects/1001/rdelprete/SSM/data/ssm_dataset/focused/PT3"", ""train_dir"": ""/lustre/projects/1001/rdelprete/SSM/data/ssm_dataset/focused/PT1"", ""val_dir"": ""/lustre/projects/1001/rdelprete/SSM/data/ssm_dataset/focused/PT2""}, ""determinism"": true, ""experiment_name"": ""rcmc_compress_baseline"", ""extras"": {""enforce_tags"": true, ""ignore_warnings"": false, ""print_config"": true}, ""lambda"": 8, ""logger"": {""wandb"": {""_target_"": ""lightning.pytorch.loggers.wandb.WandbLogger"", ""anonymous"": null, ""entity"": ""cedric-leonard"", ""group"": ""rcmc_grid"", ""id"": null, ""job_type"": """", ""log_model"": false, ""offline"": true, ""prefix"": """", ""project"": ""MAYA_DC"", ""save_dir"": ""/lustre/projects/1001/rdelprete/MAYA_DC/logs/default/multiruns/2026-03-24_15-29-55/lmbda_8_seed_2"", ""tags"": []}}, ""model"": {""_target_"": ""src.models.rcmc_compress_module.RCMCDCmodule"", ""aux_optimizer"": {""_partial_"": true, ""_target_"": ""torch.optim.Adam"", ""lr"": 0.001}, ""azimuth_buffer"": 512, ""compile"": false, ""criterion"": {""_target_"": ""src.models.components.losses.CompoundCompressionLoss"", ""azimuth_buffer"": 512, ""delta_coherence"": 1, ""delta_kde"": 1, ""lmbda"": 8, ""num_kde_bins"": 100, ""patch_size"": [512, 512]}, ""gradient_clip_norm"": 1, ""net"": {""_target_"": ""src.models.components.scale_hyperprior.ScaleHyperprior"", ""activation"": ""gdn"", ""nb_channels_latent"": 256, ""nb_channels_main"": 128, ""nb_input_channels"": 2}, ""net_optimizer"": {""_partial_"": true, ""_target_"": ""torch.optim.Adam"", ""betas"": [0.9, 0.999], ""lr"": 0.0001}, ""scheduler"": {""_partial_"": true, ""_target_"": ""torch.optim.lr_scheduler.ReduceLROnPlateau"", ""factor"": 0.5, ""mode"": ""min"", ""patience"": 5}, ""training_mode"": ""slc""}, ""model/params/non_trainable"": 0, ""model/params/total"": 5626626, ""model/params/trainable"": 5626626, ""patch_size"": [512, 512], ""paths"": {""data_dir"": ""/lustre/projects/1001/rdelprete/MAYA_DC/data/"", ""log_dir"": ""/lustre/projects/1001/rdelprete/MAYA_DC/logs/"", ""output_dir"": ""/lustre/projects/1001/rdelprete/MAYA_DC/logs/default/multiruns/2026-03-24_15-29-55/lmbda_8_seed_2"", ""root_dir"": ""/lustre/projects/1001/rdelprete/MAYA_DC"", ""work_dir"": ""/lustre/home/u10010007""}, ""seed"": 2, ""tags"": [""rcmc_compression"", ""scale_hyperprior"", ""maya4""], ""task_name"": ""default"", ""test"": true, ""train"": true, ""trainer"": {""_target_"": ""lightning.pytorch.trainer.Trainer"", ""accelerator"": ""gpu"", ""check_val_every_n_epoch"": 1, ""default_root_dir"": ""/lustre/projects/1001/rdelprete/MAYA_DC/logs/default/multiruns/2026-03-24_15-29-55/lmbda_8_seed_2"", ""deterministic"": false, ""devices"": 4, ""max_epochs"": 30, ""min_epochs"": 1, ""num_nodes"": 1, ""precision"": ""32-true"", ""strategy"": ""ddp_find_unused_parameters_true"", ""sync_batchnorm"": true}}"
5jrlraj0,SHP-gdn_s2_L8_slc_buf512_Compound_lr0.0001_b4_10000p,finished,https://wandb.ai/cedric-leonard/MAYA_DC/runs/5jrlraj0,2026-03-26T08:38:20Z,cedric-leonard,MAYA_DC,2.0,8.0,slc,512.0,src.models.components.scale_hyperprior.ScaleHyperprior,ScaleHyperprior,SHyp,gdn,GDN,src.data.maya4_dir_datamodule.MAYA4DirDataModule,MAYA4DirDataModule,MAYA4DirDataModule,src.models.components.losses.CompoundCompressionLoss,Compound,/lustre/projects/1001/rdelprete/MAYA_DC/logs/default/multiruns/2026-03-26_09-05-52/lmbda_8_seed_2,,False,rcmc_grid,"[""maya4"", ""rcmc_compression"", ""scale_hyperprior""]",SHyp-GDN | MAYA4DirDataModule | slc | sq,"{""_runtime"": 3845, ""_step"": 120001, ""_timestamp"": 1774516203.0050166, ""epoch"": 24, ""fixed_patch/reconstruction"": {""_type"": ""image-file"", ""format"": ""png"", ""height"": 600, ""path"": ""media/images/fixed_patch/reconstruction_120000_5a13f8d50b3b21d2e1f2.png"", ""sha256"": ""5a13f8d50b3b21d2e1f283990189d4f2a939f521130d2d1fafa03daa9055d9e3"", ""size"": 1577447, ""width"": 2000}, ""test/aux"": 20.790130615234375, ""test/coherence"": 0.15947331488132477, ""test/complex_corr_mean"": 0.8405266404151917, ""test/complex_corr_std"": ""NaN"", ""test/distortion"": 0.33502334356307983, ""test/kde"": 0.06432118266820908, ""test/loss"": 2.9103755950927734, ""test/mse"": 0.11122886836528778, ""test/phase_err_mean"": 0.11592864990234376, ""test/phase_err_std"": ""NaN"", ""test/psnr_amp"": 22.626628875732425, ""test/rate"": 0.23018914461135864, ""test/ssim_amp"": 0.25157973170280457, ""train/aux"": 28.829275131225582, ""train/coherence"": 0.11387388408184052, ""train/distortion"": 0.24087679386138916, ""train/grad_norm_g_a"": 5.506836414337158, ""train/grad_norm_g_s"": 4.908753395080566, ""train/grad_norm_h_a"": 0.01900821179151535, ""train/grad_norm_h_s"": 0.026997191831469536, ""train/kde"": 0.022398145869374275, ""train/loss"": 2.3351407051086426, ""train/lr"": 4.999999873689376e-05, ""train/mse"": 0.10460476577281952, ""train/rate"": 0.4081262946128845, ""trainer/global_step"": 60000, ""val_batch/coherence_loss"": 0.04449009895324707, ""val_batch/correlation_metric_mean"": 0.9555099010467528, ""val_batch/correlation_metric_std"": ""NaN"", ""val_batch/kde_loss"": 0.20915375649929047, ""val_batch/phase_error"": 0.02437138557434082, ""val_batch/psnr_slc"": 19.731611251831055, ""val_batch/reconstructions"": {""_type"": ""image-file"", ""format"": ""png"", ""height"": 1700, ""path"": ""media/images/val_batch/reconstructions_115051_e78441dc0b0f1f20f183.png"", ""sha256"": ""e78441dc0b0f1f20f18376d0f65246cc5512eeadceb4fdaaf5c9af88fae634af"", ""size"": 1527665, ""width"": 500}, ""val_batch/ssim_slc"": 0.23230986297130585, ""val_batch/x_hat_histogram"": {""_type"": ""histogram""}, ""valid/aux"": 30.485349655151367, ""valid/coherence"": 0.17896859347820282, ""valid/complex_corr_mean"": 0.821031391620636, ""valid/complex_corr_std"": ""NaN"", ""valid/distortion"": 0.5147125124931335, ""valid/kde"": 0.16015887260437012, ""valid/loss"": 4.399099826812744, ""valid/mse"": 0.17558512091636658, ""valid/phase_err_mean"": 0.13272053003311157, ""valid/phase_err_std"": ""NaN"", ""valid/psnr_amp"": 26.028913497924805, ""valid/rate"": 0.28139856457710266, ""valid/rd_scatter_table"": {""_latest_artifact_path"": ""wandb-client-artifact://8j1rqc456jhj3ktriboqaithzhnt3bwn8xq579gws5l68p64i4tq46bn97lkhz53jo5q9n20i57t9h5ulzfbzp3ubojoaa6tvwl347gkoq9328nxarzhglq9cbcz6ulb:latest/valid/rd_scatter_table.table.json"", ""_type"": ""table-file"", ""artifact_path"": ""wandb-client-artifact://s6fs4hlrdn3lew39chsjenwbb2gusnu0cn9u6mqdik3oeq4kixf6ad5m8zyc6uodmlgtk9o7dlnxl0n4lztly671m5rh7weqq8ykcf7utace36t17yxfrntj6mda21g3/valid/rd_scatter_table.table.json"", ""log_mode"": ""IMMUTABLE"", ""ncols"": 3, ""nrows"": 25, ""path"": ""media/table/valid/rd_scatter_table_120000_ea7c200c1fd2d8241105.table.json"", ""sha256"": ""ea7c200c1fd2d8241105fc79d846fc88bcd46f0f4c8076dc3f41a7b0eef429ff"", ""size"": 1211}, ""valid/ssim_amp"": 0.2892657518386841}","{""azimuth_buffer"": 512, ""callbacks"": {""early_stopping"": {""_target_"": ""lightning.pytorch.callbacks.EarlyStopping"", ""check_finite"": true, ""check_on_train_epoch_end"": false, ""divergence_threshold"": null, ""min_delta"": 0, ""mode"": ""min"", ""monitor"": ""valid/loss"", ""patience"": 10, ""stopping_threshold"": null, ""strict"": true, ""verbose"": false}, ""model_checkpoint"": {""_target_"": ""lightning.pytorch.callbacks.ModelCheckpoint"", ""auto_insert_metric_name"": false, ""dirpath"": ""/lustre/projects/1001/rdelprete/MAYA_DC/logs/default/multiruns/2026-03-26_09-05-52/lmbda_8_seed_2/checkpoints"", ""every_n_epochs"": null, ""every_n_train_steps"": null, ""filename"": ""epoch_{epoch:03d}_loss_{valid/loss:.4f}"", ""mode"": ""min"", ""monitor"": ""valid/loss"", ""save_last"": true, ""save_on_train_epoch_end"": null, ""save_top_k"": 1, ""save_weights_only"": false, ""train_time_interval"": null, ""verbose"": false}, ""model_summary"": {""_target_"": ""lightning.pytorch.callbacks.RichModelSummary"", ""max_depth"": 2}, ""monitor_fix_patch"": {""verbose"": true}, ""monitor_fixed_patch"": {""_target_"": ""src.callbacks.monitor_fixed_patch.MonitorFixedPatch"", ""clip_factor"": 3, ""log_every_n_epochs"": 1, ""patch_json"": ""data/fixed_patches/s1c-s6-raw-s-vv-20250422t061414-20250422t061446-002002-0040d4.json"", ""verbose"": false}, ""monitor_val_recon"": {""_target_"": ""src.callbacks.monitor_val_reconstruction.MonitorValReconstruction"", ""clip_factor"": 3, ""log_every_n_epochs"": 1, ""num_images"": 3, ""verbose"": true}, ""rich_progress_bar"": {""_target_"": ""lightning.pytorch.callbacks.RichProgressBar""}, ""wandb_osh"": {""_target_"": ""wandb_osh.lightning_hooks.TriggerWandbSyncLightningCallback""}}, ""ckpt_path"": null, ""data"": {""_target_"": ""src.data.maya4_dir_datamodule.MAYA4DirDataModule"", ""azimuth_buffer"": 512, ""batch_size"": 4, ""max_products_test"": 2, ""max_products_train"": 10, ""max_products_val"": 2, ""num_workers"": 4, ""online"": false, ""patch_size"": [512, 512], ""pin_memory"": true, ""samples_per_prod"": 1000, ""test_dir"": ""/lustre/projects/1001/rdelprete/SSM/data/ssm_dataset/focused/PT3"", ""train_dir"": ""/lustre/projects/1001/rdelprete/SSM/data/ssm_dataset/focused/PT1"", ""val_dir"": ""/lustre/projects/1001/rdelprete/SSM/data/ssm_dataset/focused/PT2""}, ""determinism"": true, ""experiment_name"": ""rcmc_compress_baseline"", ""extras"": {""enforce_tags"": true, ""ignore_warnings"": false, ""print_config"": true}, ""lambda"": 8, ""logger"": {""wandb"": {""_target_"": ""lightning.pytorch.loggers.wandb.WandbLogger"", ""anonymous"": null, ""entity"": ""cedric-leonard"", ""group"": ""rcmc_grid"", ""id"": null, ""job_type"": """", ""log_model"": false, ""offline"": true, ""prefix"": """", ""project"": ""MAYA_DC"", ""save_dir"": ""/lustre/projects/1001/rdelprete/MAYA_DC/logs/default/multiruns/2026-03-26_09-05-52/lmbda_8_seed_2"", ""tags"": []}}, ""model"": {""_target_"": ""src.models.rcmc_compress_module.RCMCDCmodule"", ""aux_optimizer"": {""_partial_"": true, ""_target_"": ""torch.optim.Adam"", ""lr"": 0.001}, ""azimuth_buffer"": 512, ""compile"": false, ""criterion"": {""_target_"": ""src.models.components.losses.CompoundCompressionLoss"", ""azimuth_buffer"": 512, ""delta_coherence"": 1, ""delta_kde"": 1, ""lmbda"": 8, ""num_kde_bins"": 100, ""patch_size"": [512, 512]}, ""gradient_clip_norm"": 1, ""net"": {""_target_"": ""src.models.components.scale_hyperprior.ScaleHyperprior"", ""activation"": ""gdn"", ""nb_channels_latent"": 256, ""nb_channels_main"": 128, ""nb_input_channels"": 2, ""non_square_kernels"": false}, ""net_optimizer"": {""_partial_"": true, ""_target_"": ""torch.optim.Adam"", ""betas"": [0.9, 0.999], ""lr"": 0.0001}, ""scheduler"": {""_partial_"": true, ""_target_"": ""torch.optim.lr_scheduler.ReduceLROnPlateau"", ""factor"": 0.5, ""mode"": ""min"", ""patience"": 5}, ""training_mode"": ""slc""}, ""model/params/non_trainable"": 0, ""model/params/total"": 5626626, ""model/params/trainable"": 5626626, ""patch_size"": [512, 512], ""paths"": {""data_dir"": ""/lustre/projects/1001/rdelprete/MAYA_DC/data/"", ""log_dir"": ""/lustre/projects/1001/rdelprete/MAYA_DC/logs/"", ""output_dir"": ""/lustre/projects/1001/rdelprete/MAYA_DC/logs/default/multiruns/2026-03-26_09-05-52/lmbda_8_seed_2"", ""root_dir"": ""/lustre/projects/1001/rdelprete/MAYA_DC"", ""work_dir"": ""/lustre/home/u10010007""}, ""seed"": 2, ""tags"": [""rcmc_compression"", ""scale_hyperprior"", ""maya4""], ""task_name"": ""default"", ""test"": true, ""train"": true, ""trainer"": {""_target_"": ""lightning.pytorch.trainer.Trainer"", ""accelerator"": ""gpu"", ""check_val_every_n_epoch"": 1, ""default_root_dir"": ""/lustre/projects/1001/rdelprete/MAYA_DC/logs/default/multiruns/2026-03-26_09-05-52/lmbda_8_seed_2"", ""deterministic"": false, ""devices"": 4, ""max_epochs"": 30, ""min_epochs"": 1, ""num_nodes"": 1, ""precision"": ""32-true"", ""strategy"": ""ddp_find_unused_parameters_true"", ""sync_batchnorm"": true}}"
fxwrsthh,SHP-gdn_s0_L10_slc_buf512_Compound_lr0.0001_b4_10000p,finished,https://wandb.ai/cedric-leonard/MAYA_DC/runs/fxwrsthh,2026-03-23T16:39:22Z,cedric-leonard,MAYA_DC,0.0,10.0,slc,512.0,src.models.components.scale_hyperprior.ScaleHyperprior,ScaleHyperprior,SHyp,gdn,GDN,src.data.maya4_dir_datamodule.MAYA4DirDataModule,MAYA4DirDataModule,MAYA4DirDataModule,src.models.components.losses.CompoundCompressionLoss,Compound,/lustre/projects/1001/rdelprete/MAYA_DC/logs/default/multiruns/2026-03-23_16-31-02/lmbda_10_seed_0,,False,rcmc_grid,"[""maya4"", ""rcmc_compression"", ""scale_hyperprior""]",SHyp-GDN | MAYA4DirDataModule | slc | sq,"{""_runtime"": 4787, ""_step"": 150001, ""_timestamp"": 1774288288.8240447, ""epoch"": 30, ""fixed_patch/reconstruction"": {""_type"": ""image-file"", ""format"": ""png"", ""height"": 600, ""path"": ""media/images/fixed_patch/reconstruction_150000_db66f22d4ac77acbc11b.png"", ""sha256"": ""db66f22d4ac77acbc11beb696958936b4895da765f003743ed08f6e80d0360c9"", ""size"": 1525181, ""width"": 2000}, ""test/aux"": 40.504058837890625, ""test/coherence"": 0.11081648617982864, ""test/complex_corr_mean"": 0.8891834020614624, ""test/complex_corr_std"": ""NaN"", ""test/distortion"": 0.28198882937431335, ""test/kde"": 0.09385470300912856, ""test/loss"": 3.3108465671539307, ""test/mse"": 0.07731764018535614, ""test/phase_err_mean"": 0.08552911132574081, ""test/phase_err_std"": ""NaN"", ""test/psnr_amp"": 23.875980377197266, ""test/rate"": 0.4909578263759613, ""test/ssim_amp"": 0.4312788248062134, ""train/aux"": 41.38182067871094, ""train/coherence"": 0.08179840445518494, ""train/distortion"": 0.15346530079841614, ""train/grad_norm_g_a"": 8.896828651428223, ""train/grad_norm_g_s"": 6.956645965576172, ""train/grad_norm_h_a"": 0.028484998270869255, ""train/grad_norm_h_s"": 0.02534734643995762, ""train/kde"": 0.01942665688693523, ""train/loss"": 2.087881326675415, ""train/lr"": 9.999999747378752e-05, ""train/mse"": 0.05224024131894112, ""train/rate"": 0.5532283782958984, ""trainer/global_step"": 75000, ""val_batch/coherence_loss"": 0.039351582527160645, ""val_batch/correlation_metric_mean"": 0.960648477077484, ""val_batch/correlation_metric_std"": ""NaN"", ""val_batch/kde_loss"": 0.2830641567707062, ""val_batch/phase_error"": 0.021744191646575928, ""val_batch/psnr_slc"": 20.113019943237305, ""val_batch/reconstructions"": {""_type"": ""image-file"", ""format"": ""png"", ""height"": 1700, ""path"": ""media/images/val_batch/reconstructions_145051_7dba2e82e3a03031ce49.png"", ""sha256"": ""7dba2e82e3a03031ce499f0fd6e6f3ac3d58ce13d0c731b6165f4000893913ff"", ""size"": 1549787, ""width"": 500}, ""val_batch/ssim_slc"": 0.2802206575870514, ""val_batch/x_hat_histogram"": {""_type"": ""histogram""}, ""valid/aux"": 40.504058837890625, ""valid/coherence"": 0.14475564658641815, ""valid/complex_corr_mean"": 0.8552442193031311, ""valid/complex_corr_std"": ""NaN"", ""valid/distortion"": 0.3857422471046448, ""valid/kde"": 0.09358075261116028, ""valid/loss"": 4.385663032531738, ""valid/mse"": 0.1474059820175171, ""valid/phase_err_mean"": 0.117805115878582, ""valid/phase_err_std"": ""NaN"", ""valid/psnr_amp"": 26.796281814575195, ""valid/rate"": 0.5282392501831055, ""valid/rd_scatter_table"": {""_latest_artifact_path"": ""wandb-client-artifact://3ubrzyc5vqwl96fivl8i8r1st5jurbuhixse3pbrkyw9akh45qmyyc7ia8qela46mijdzubzvgfgc6pylkdan4u7osd5nc8fksra1el5mppky1frpppc2xys2jajgyfp:latest/valid/rd_scatter_table.table.json"", ""_type"": ""table-file"", ""artifact_path"": ""wandb-client-artifact://hg310uzul8h83c8ljoo4jegmig9x3k85i95sk9oexqcuwd0jyfci1mq8vpeh290mnje9isnmdhg5afn4akbac3wtau8qm447lr31iq2poo1ds9smhn54y5qtflhiwced/valid/rd_scatter_table.table.json"", ""log_mode"": ""IMMUTABLE"", ""ncols"": 3, ""nrows"": 31, ""path"": ""media/table/valid/rd_scatter_table_150000_abe23988fceba62d565e.table.json"", ""sha256"": ""abe23988fceba62d565ef94267d139bcf5c0649464ef6b18e1081b5d21aed5a6"", ""size"": 1497}, ""valid/ssim_amp"": 0.4211162030696869}","{""azimuth_buffer"": 512, ""callbacks"": {""early_stopping"": {""_target_"": ""lightning.pytorch.callbacks.EarlyStopping"", ""check_finite"": true, ""check_on_train_epoch_end"": false, ""divergence_threshold"": null, ""min_delta"": 0, ""mode"": ""min"", ""monitor"": ""valid/loss"", ""patience"": 10, ""stopping_threshold"": null, ""strict"": true, ""verbose"": false}, ""model_checkpoint"": {""_target_"": ""lightning.pytorch.callbacks.ModelCheckpoint"", ""auto_insert_metric_name"": false, ""dirpath"": ""/lustre/projects/1001/rdelprete/MAYA_DC/logs/default/multiruns/2026-03-23_16-31-02/lmbda_10_seed_0/checkpoints"", ""every_n_epochs"": null, ""every_n_train_steps"": null, ""filename"": ""epoch_{epoch:03d}_loss_{valid/loss:.4f}"", ""mode"": ""min"", ""monitor"": ""valid/loss"", ""save_last"": true, ""save_on_train_epoch_end"": null, ""save_top_k"": 1, ""save_weights_only"": false, ""train_time_interval"": null, ""verbose"": false}, ""model_summary"": {""_target_"": ""lightning.pytorch.callbacks.RichModelSummary"", ""max_depth"": 2}, ""monitor_fix_patch"": {""verbose"": true}, ""monitor_fixed_patch"": {""_target_"": ""src.callbacks.monitor_fixed_patch.MonitorFixedPatch"", ""clip_factor"": 3, ""log_every_n_epochs"": 1, ""patch_json"": ""data/fixed_patches/s1c-s6-raw-s-vv-20250422t061414-20250422t061446-002002-0040d4.json"", ""verbose"": false}, ""monitor_val_recon"": {""_target_"": ""src.callbacks.monitor_val_reconstruction.MonitorValReconstruction"", ""clip_factor"": 3, ""log_every_n_epochs"": 1, ""num_images"": 3, ""verbose"": true}, ""rich_progress_bar"": {""_target_"": ""lightning.pytorch.callbacks.RichProgressBar""}, ""wandb_osh"": {""_target_"": ""wandb_osh.lightning_hooks.TriggerWandbSyncLightningCallback""}}, ""ckpt_path"": null, ""data"": {""_target_"": ""src.data.maya4_dir_datamodule.MAYA4DirDataModule"", ""azimuth_buffer"": 512, ""batch_size"": 4, ""max_products_test"": 2, ""max_products_train"": 10, ""max_products_val"": 2, ""num_workers"": 4, ""online"": false, ""patch_size"": [512, 512], ""pin_memory"": true, ""samples_per_prod"": 1000, ""test_dir"": ""/lustre/projects/1001/rdelprete/SSM/data/ssm_dataset/focused/PT3"", ""train_dir"": ""/lustre/projects/1001/rdelprete/SSM/data/ssm_dataset/focused/PT1"", ""val_dir"": ""/lustre/projects/1001/rdelprete/SSM/data/ssm_dataset/focused/PT2""}, ""determinism"": true, ""experiment_name"": ""rcmc_compress_baseline"", ""extras"": {""enforce_tags"": true, ""ignore_warnings"": false, ""print_config"": true}, ""lambda"": 10, ""logger"": {""wandb"": {""_target_"": ""lightning.pytorch.loggers.wandb.WandbLogger"", ""anonymous"": null, ""entity"": ""cedric-leonard"", ""group"": ""rcmc_grid"", ""id"": null, ""job_type"": """", ""log_model"": false, ""offline"": true, ""prefix"": """", ""project"": ""MAYA_DC"", ""save_dir"": ""/lustre/projects/1001/rdelprete/MAYA_DC/logs/default/multiruns/2026-03-23_16-31-02/lmbda_10_seed_0"", ""tags"": []}}, ""model"": {""_target_"": ""src.models.rcmc_compress_module.RCMCDCmodule"", ""aux_optimizer"": {""_partial_"": true, ""_target_"": ""torch.optim.Adam"", ""lr"": 0.001}, ""azimuth_buffer"": 512, ""compile"": false, ""criterion"": {""_target_"": ""src.models.components.losses.CompoundCompressionLoss"", ""azimuth_buffer"": 512, ""delta_coherence"": 1, ""delta_kde"": 1, ""lmbda"": 10, ""num_kde_bins"": 100, ""patch_size"": [512, 512]}, ""gradient_clip_norm"": 1, ""net"": {""_target_"": ""src.models.components.scale_hyperprior.ScaleHyperprior"", ""activation"": ""gdn"", ""nb_channels_latent"": 256, ""nb_channels_main"": 128, ""nb_input_channels"": 2}, ""net_optimizer"": {""_partial_"": true, ""_target_"": ""torch.optim.Adam"", ""betas"": [0.9, 0.999], ""lr"": 0.0001}, ""scheduler"": {""_partial_"": true, ""_target_"": ""torch.optim.lr_scheduler.ReduceLROnPlateau"", ""factor"": 0.5, ""mode"": ""min"", ""patience"": 5}, ""training_mode"": ""slc""}, ""model/params/non_trainable"": 0, ""model/params/total"": 5626626, ""model/params/trainable"": 5626626, ""patch_size"": [512, 512], ""paths"": {""data_dir"": ""/lustre/projects/1001/rdelprete/MAYA_DC/data/"", ""log_dir"": ""/lustre/projects/1001/rdelprete/MAYA_DC/logs/"", ""output_dir"": ""/lustre/projects/1001/rdelprete/MAYA_DC/logs/default/multiruns/2026-03-23_16-31-02/lmbda_10_seed_0"", ""root_dir"": ""/lustre/projects/1001/rdelprete/MAYA_DC"", ""work_dir"": ""/lustre/home/u10010007""}, ""seed"": 0, ""tags"": [""rcmc_compression"", ""scale_hyperprior"", ""maya4""], ""task_name"": ""default"", ""test"": true, ""train"": true, ""trainer"": {""_target_"": ""lightning.pytorch.trainer.Trainer"", ""accelerator"": ""gpu"", ""check_val_every_n_epoch"": 1, ""default_root_dir"": ""/lustre/projects/1001/rdelprete/MAYA_DC/logs/default/multiruns/2026-03-23_16-31-02/lmbda_10_seed_0"", ""deterministic"": false, ""devices"": 4, ""max_epochs"": 30, ""min_epochs"": 1, ""num_nodes"": 1, ""precision"": ""32-true"", ""strategy"": ""ddp_find_unused_parameters_true"", ""sync_batchnorm"": true}}"
36p3sq1h,SHP-gdn_s0_L10_slc_buf512_Compound_lr0.0001_b4_10000p,finished,https://wandb.ai/cedric-leonard/MAYA_DC/runs/36p3sq1h,2026-03-25T09:24:28Z,cedric-leonard,MAYA_DC,0.0,10.0,slc,512.0,src.models.components.scale_hyperprior.ScaleHyperprior,ScaleHyperprior,SHyp,gdn,GDN,src.data.maya4_dir_datamodule.MAYA4DirDataModule,MAYA4DirDataModule,MAYA4DirDataModule,src.models.components.losses.CompoundCompressionLoss,Compound,/lustre/projects/1001/rdelprete/MAYA_DC/logs/default/multiruns/2026-03-24_17-14-16_non_square/lmbda_10_seed_0,,True,rcmc_grid_non_square,"[""maya4"", ""rcmc_compression"", ""scale_hyperprior""]",SHyp-GDN | MAYA4DirDataModule | slc | nsk,"{""_runtime"": 2404, ""_step"": 65001, ""_timestamp"": 1774415021.3925476, ""epoch"": 13, ""fixed_patch/reconstruction"": {""_type"": ""image-file"", ""format"": ""png"", ""height"": 600, ""path"": ""media/images/fixed_patch/reconstruction_65000_a6752e387b4ef765a081.png"", ""sha256"": ""a6752e387b4ef765a081d3876f0cf645f58dea51921fdaf8cda2bdd9137be610"", ""size"": 1512088, ""width"": 2000}, ""test/aux"": 1612.792236328125, ""test/coherence"": 0.19102227687835693, ""test/complex_corr_mean"": 0.8089779019355774, ""test/complex_corr_std"": ""NaN"", ""test/distortion"": 0.4026765823364258, ""test/kde"": 0.07943249493837357, ""test/loss"": 4.163936138153076, ""test/mse"": 0.13222180306911469, ""test/phase_err_mean"": 0.13404089212417605, ""test/phase_err_std"": ""NaN"", ""test/psnr_amp"": 21.889833450317383, ""test/rate"": 0.13716959953308103, ""test/ssim_amp"": 0.1215176358819008, ""train/aux"": 14.581040382385254, ""train/coherence"": 0.17016124725341797, ""train/distortion"": 0.3450409173965454, ""train/grad_norm_g_a"": 14.56344509124756, ""train/grad_norm_g_s"": 11.662216186523438, ""train/grad_norm_h_a"": 0.02883056551218033, ""train/grad_norm_h_s"": 0.04169177636504173, ""train/kde"": 0.02051000669598579, ""train/loss"": 3.8934786319732666, ""train/lr"": 4.999999873689376e-05, ""train/mse"": 0.15436963737010956, ""train/rate"": 0.4430697560310364, ""trainer/global_step"": 32500, ""val_batch/coherence_loss"": 0.04321491718292236, ""val_batch/correlation_metric_mean"": 0.9567850828170776, ""val_batch/correlation_metric_std"": ""NaN"", ""val_batch/kde_loss"": 0.2742377519607544, ""val_batch/phase_error"": 0.022779226303100582, ""val_batch/psnr_slc"": 19.71449089050293, ""val_batch/reconstructions"": {""_type"": ""image-file"", ""format"": ""png"", ""height"": 1700, ""path"": ""media/images/val_batch/reconstructions_60051_b3acdd25a5f1093a825a.png"", ""sha256"": ""b3acdd25a5f1093a825ad44a5afabae059384759906ff90f03f9803c6153b1c4"", ""size"": 1523902, ""width"": 500}, ""val_batch/ssim_slc"": 0.19052335619926453, ""val_batch/x_hat_histogram"": {""_type"": ""histogram""}, ""valid/aux"": 15.33339786529541, ""valid/coherence"": 0.19466285407543185, ""valid/complex_corr_mean"": 0.805337131023407, ""valid/complex_corr_std"": ""NaN"", ""valid/distortion"": 0.6270236968994141, ""valid/kde"": 0.24616649746894836, ""valid/loss"": 6.4484052658081055, ""valid/mse"": 0.1861942708492279, ""valid/phase_err_mean"": 0.13604244589805603, ""valid/phase_err_std"": ""NaN"", ""valid/psnr_amp"": 25.571208953857425, ""valid/rate"": 0.17817068099975586, ""valid/rd_scatter_table"": {""_latest_artifact_path"": ""wandb-client-artifact://47xw6rzmijds8ztnultxgz8x41b06oifpdc5uuxwn1gxo97lq3hko2xf8ep18f4vbuqmno1ghfrn54eqc6veov2h0j2cttfnopxnkqug50m2fn74k2usb7axpixfyud4:latest/valid/rd_scatter_table.table.json"", ""_type"": ""table-file"", ""artifact_path"": ""wandb-client-artifact://aoj7p9mo0lg2gml00wusuvqgah4q7gd5wb1ger9v3h5empp22x6hhpmpl1cigoydnzllj35h2puclwabixck6cty6xukzm2dhwj65hjeu1zdvm2yti854fht7w5awlt5/valid/rd_scatter_table.table.json"", ""log_mode"": ""IMMUTABLE"", ""ncols"": 3, ""nrows"": 14, ""path"": ""media/table/valid/rd_scatter_table_65000_50d75405676b8fd0770d.table.json"", ""sha256"": ""50d75405676b8fd0770dd6c69e6b96e7a4e09893a4a201d2277824a3d59c72ad"", ""size"": 700}, ""valid/ssim_amp"": 0.1918460875749588}","{""azimuth_buffer"": 512, ""callbacks"": {""early_stopping"": {""_target_"": ""lightning.pytorch.callbacks.EarlyStopping"", ""check_finite"": true, ""check_on_train_epoch_end"": false, ""divergence_threshold"": null, ""min_delta"": 0, ""mode"": ""min"", ""monitor"": ""valid/loss"", ""patience"": 10, ""stopping_threshold"": null, ""strict"": true, ""verbose"": false}, ""model_checkpoint"": {""_target_"": ""lightning.pytorch.callbacks.ModelCheckpoint"", ""auto_insert_metric_name"": false, ""dirpath"": ""/lustre/projects/1001/rdelprete/MAYA_DC/logs/default/multiruns/2026-03-24_17-14-16_non_square/lmbda_10_seed_0/checkpoints"", ""every_n_epochs"": null, ""every_n_train_steps"": null, ""filename"": ""epoch_{epoch:03d}_loss_{valid/loss:.4f}"", ""mode"": ""min"", ""monitor"": ""valid/loss"", ""save_last"": true, ""save_on_train_epoch_end"": null, ""save_top_k"": 1, ""save_weights_only"": false, ""train_time_interval"": null, ""verbose"": false}, ""model_summary"": {""_target_"": ""lightning.pytorch.callbacks.RichModelSummary"", ""max_depth"": 2}, ""monitor_fix_patch"": {""verbose"": true}, ""monitor_fixed_patch"": {""_target_"": ""src.callbacks.monitor_fixed_patch.MonitorFixedPatch"", ""clip_factor"": 3, ""log_every_n_epochs"": 1, ""patch_json"": ""data/fixed_patches/s1c-s6-raw-s-vv-20250422t061414-20250422t061446-002002-0040d4.json"", ""verbose"": false}, ""monitor_val_recon"": {""_target_"": ""src.callbacks.monitor_val_reconstruction.MonitorValReconstruction"", ""clip_factor"": 3, ""log_every_n_epochs"": 1, ""num_images"": 3, ""verbose"": true}, ""rich_progress_bar"": {""_target_"": ""lightning.pytorch.callbacks.RichProgressBar""}, ""wandb_osh"": {""_target_"": ""wandb_osh.lightning_hooks.TriggerWandbSyncLightningCallback""}}, ""ckpt_path"": null, ""data"": {""_target_"": ""src.data.maya4_dir_datamodule.MAYA4DirDataModule"", ""azimuth_buffer"": 512, ""batch_size"": 4, ""max_products_test"": 2, ""max_products_train"": 10, ""max_products_val"": 2, ""num_workers"": 4, ""online"": false, ""patch_size"": [512, 512], ""pin_memory"": true, ""samples_per_prod"": 1000, ""test_dir"": ""/lustre/projects/1001/rdelprete/SSM/data/ssm_dataset/focused/PT3"", ""train_dir"": ""/lustre/projects/1001/rdelprete/SSM/data/ssm_dataset/focused/PT1"", ""val_dir"": ""/lustre/projects/1001/rdelprete/SSM/data/ssm_dataset/focused/PT2""}, ""determinism"": true, ""experiment_name"": ""rcmc_compress_baseline"", ""extras"": {""enforce_tags"": true, ""ignore_warnings"": false, ""print_config"": true}, ""lambda"": 10, ""logger"": {""wandb"": {""_target_"": ""lightning.pytorch.loggers.wandb.WandbLogger"", ""anonymous"": null, ""entity"": ""cedric-leonard"", ""group"": ""rcmc_grid_non_square"", ""id"": null, ""job_type"": """", ""log_model"": false, ""offline"": true, ""prefix"": """", ""project"": ""MAYA_DC"", ""save_dir"": ""/lustre/projects/1001/rdelprete/MAYA_DC/logs/default/multiruns/2026-03-24_17-14-16_non_square/lmbda_10_seed_0"", ""tags"": []}}, ""model"": {""_target_"": ""src.models.rcmc_compress_module.RCMCDCmodule"", ""aux_optimizer"": {""_partial_"": true, ""_target_"": ""torch.optim.Adam"", ""lr"": 0.001}, ""azimuth_buffer"": 512, ""compile"": false, ""criterion"": {""_target_"": ""src.models.components.losses.CompoundCompressionLoss"", ""azimuth_buffer"": 512, ""delta_coherence"": 1, ""delta_kde"": 1, ""lmbda"": 10, ""num_kde_bins"": 100, ""patch_size"": [512, 512]}, ""gradient_clip_norm"": 1, ""net"": {""_target_"": ""src.models.components.scale_hyperprior.ScaleHyperprior"", ""activation"": ""gdn"", ""nb_channels_latent"": 256, ""nb_channels_main"": 128, ""nb_input_channels"": 2, ""non_square_kernels"": true}, ""net_optimizer"": {""_partial_"": true, ""_target_"": ""torch.optim.Adam"", ""betas"": [0.9, 0.999], ""lr"": 0.0001}, ""scheduler"": {""_partial_"": true, ""_target_"": ""torch.optim.lr_scheduler.ReduceLROnPlateau"", ""factor"": 0.5, ""mode"": ""min"", ""patience"": 5}, ""training_mode"": ""slc""}, ""model/params/non_trainable"": 0, ""model/params/total"": 16662274, ""model/params/trainable"": 16662274, ""patch_size"": [512, 512], ""paths"": {""data_dir"": ""/lustre/projects/1001/rdelprete/MAYA_DC/data/"", ""log_dir"": ""/lustre/projects/1001/rdelprete/MAYA_DC/logs/"", ""output_dir"": ""/lustre/projects/1001/rdelprete/MAYA_DC/logs/default/multiruns/2026-03-24_17-14-16_non_square/lmbda_10_seed_0"", ""root_dir"": ""/lustre/projects/1001/rdelprete/MAYA_DC"", ""work_dir"": ""/lustre/home/u10010007""}, ""seed"": 0, ""tags"": [""rcmc_compression"", ""scale_hyperprior"", ""maya4""], ""task_name"": ""default"", ""test"": true, ""train"": true, ""trainer"": {""_target_"": ""lightning.pytorch.trainer.Trainer"", ""accelerator"": ""gpu"", ""check_val_every_n_epoch"": 1, ""default_root_dir"": ""/lustre/projects/1001/rdelprete/MAYA_DC/logs/default/multiruns/2026-03-24_17-14-16_non_square/lmbda_10_seed_0"", ""deterministic"": false, ""devices"": 4, ""max_epochs"": 30, ""min_epochs"": 1, ""num_nodes"": 1, ""precision"": ""32-true"", ""strategy"": ""ddp_find_unused_parameters_true"", ""sync_batchnorm"": true}}"
k1egafuj,SHP-gdn_s1_L10_slc_buf512_Compound_lr0.0001_b4_10000p,finished,https://wandb.ai/cedric-leonard/MAYA_DC/runs/k1egafuj,2026-03-23T16:49:28Z,cedric-leonard,MAYA_DC,1.0,10.0,slc,512.0,src.models.components.scale_hyperprior.ScaleHyperprior,ScaleHyperprior,SHyp,gdn,GDN,src.data.maya4_dir_datamodule.MAYA4DirDataModule,MAYA4DirDataModule,MAYA4DirDataModule,src.models.components.losses.CompoundCompressionLoss,Compound,/lustre/projects/1001/rdelprete/MAYA_DC/logs/default/multiruns/2026-03-23_16-31-02/lmbda_10_seed_1,,False,rcmc_grid,"[""maya4"", ""rcmc_compression"", ""scale_hyperprior""]",SHyp-GDN | MAYA4DirDataModule | slc | sq,"{""_runtime"": 4793, ""_step"": 150001, ""_timestamp"": 1774288893.0754678, ""epoch"": 30, ""fixed_patch/reconstruction"": {""_type"": ""image-file"", ""format"": ""png"", ""height"": 600, ""path"": ""media/images/fixed_patch/reconstruction_150000_4f62fcaef0927d246058.png"", ""sha256"": ""4f62fcaef0927d246058d81b179512ded09c297489d87226fcf950cbae34e575"", ""size"": 1534837, ""width"": 2000}, ""test/aux"": 30.72384452819824, ""test/coherence"": 0.11558807641267776, ""test/complex_corr_mean"": 0.8844119906425476, ""test/complex_corr_std"": ""NaN"", ""test/distortion"": 0.30117273330688477, ""test/kde"": 0.10521695017814636, ""test/loss"": 3.465386152267456, ""test/mse"": 0.080367811024189, ""test/phase_err_mean"": 0.08796612918376923, ""test/phase_err_std"": ""NaN"", ""test/psnr_amp"": 23.722965240478516, ""test/rate"": 0.45365819334983826, ""test/ssim_amp"": 0.407150536775589, ""train/aux"": 30.86056900024414, ""train/coherence"": 0.15310238301753998, ""train/distortion"": 0.3371706008911133, ""train/grad_norm_g_a"": 5.782603740692139, ""train/grad_norm_g_s"": 6.001206398010254, ""train/grad_norm_h_a"": 0.04162607342004776, ""train/grad_norm_h_s"": 0.02996002323925495, ""train/kde"": 0.03798753768205643, ""train/loss"": 3.991411685943603, ""train/lr"": 4.999999873689376e-05, ""train/mse"": 0.14608065783977509, ""train/rate"": 0.6197057962417603, ""trainer/global_step"": 75000, ""val_batch/coherence_loss"": 0.041070520877838135, ""val_batch/correlation_metric_mean"": 0.958929479122162, ""val_batch/correlation_metric_std"": ""NaN"", ""val_batch/kde_loss"": 0.26240965723991394, ""val_batch/phase_error"": 0.02246403694152832, ""val_batch/psnr_slc"": 19.957839965820312, ""val_batch/reconstructions"": {""_type"": ""image-file"", ""format"": ""png"", ""height"": 1700, ""path"": ""media/images/val_batch/reconstructions_145051_4c5146c155bddab24941.png"", ""sha256"": ""4c5146c155bddab24941ee20bd6e76b646cefcd9e532d13cf87182b09f16179d"", ""size"": 1532675, ""width"": 500}, ""val_batch/ssim_slc"": 0.25738805532455444, ""val_batch/x_hat_histogram"": {""_type"": ""histogram""}, ""valid/aux"": 31.02052116394043, ""valid/coherence"": 0.14776356518268585, ""valid/complex_corr_mean"": 0.8522365689277649, ""valid/complex_corr_std"": ""NaN"", ""valid/distortion"": 0.426232784986496, ""valid/kde"": 0.12972857058048248, ""valid/loss"": 4.753264904022217, ""valid/mse"": 0.1487407088279724, ""valid/phase_err_mean"": 0.11707984656095503, ""valid/phase_err_std"": ""NaN"", ""valid/psnr_amp"": 26.689516067504883, ""valid/rate"": 0.4909361004829407, ""valid/rd_scatter_table"": {""_latest_artifact_path"": ""wandb-client-artifact://fggsunsz3w09wc4p2s8h11z9t2ufehap7jxyfe23fymnwefr8mmj7dmdpqfoj3jrrkknhngkgysisjr5cuyqgm0nqa34vx7e21woisyy1c35v95shn6p18nluqo2bvg6:latest/valid/rd_scatter_table.table.json"", ""_type"": ""table-file"", ""artifact_path"": ""wandb-client-artifact://x003z2xstro659d9px6hezr4pkyod76witp1kiwf9h5r2tq1dwnmx0a7v4djr8lldgths77roqnvpzm6x7n9phr77utew579jv4n4fomacr87kgtg14fxfrps7kccoij/valid/rd_scatter_table.table.json"", ""log_mode"": ""IMMUTABLE"", ""ncols"": 3, ""nrows"": 31, ""path"": ""media/table/valid/rd_scatter_table_150000_105261304b5fe45aab09.table.json"", ""sha256"": ""105261304b5fe45aab09f15dfd7ba3c9863055326a776c431703150bf922cf8a"", ""size"": 1500}, ""valid/ssim_amp"": 0.39960184693336487}","{""azimuth_buffer"": 512, ""callbacks"": {""early_stopping"": {""_target_"": ""lightning.pytorch.callbacks.EarlyStopping"", ""check_finite"": true, ""check_on_train_epoch_end"": false, ""divergence_threshold"": null, ""min_delta"": 0, ""mode"": ""min"", ""monitor"": ""valid/loss"", ""patience"": 10, ""stopping_threshold"": null, ""strict"": true, ""verbose"": false}, ""model_checkpoint"": {""_target_"": ""lightning.pytorch.callbacks.ModelCheckpoint"", ""auto_insert_metric_name"": false, ""dirpath"": ""/lustre/projects/1001/rdelprete/MAYA_DC/logs/default/multiruns/2026-03-23_16-31-02/lmbda_10_seed_1/checkpoints"", ""every_n_epochs"": null, ""every_n_train_steps"": null, ""filename"": ""epoch_{epoch:03d}_loss_{valid/loss:.4f}"", ""mode"": ""min"", ""monitor"": ""valid/loss"", ""save_last"": true, ""save_on_train_epoch_end"": null, ""save_top_k"": 1, ""save_weights_only"": false, ""train_time_interval"": null, ""verbose"": false}, ""model_summary"": {""_target_"": ""lightning.pytorch.callbacks.RichModelSummary"", ""max_depth"": 2}, ""monitor_fix_patch"": {""verbose"": true}, ""monitor_fixed_patch"": {""_target_"": ""src.callbacks.monitor_fixed_patch.MonitorFixedPatch"", ""clip_factor"": 3, ""log_every_n_epochs"": 1, ""patch_json"": ""data/fixed_patches/s1c-s6-raw-s-vv-20250422t061414-20250422t061446-002002-0040d4.json"", ""verbose"": false}, ""monitor_val_recon"": {""_target_"": ""src.callbacks.monitor_val_reconstruction.MonitorValReconstruction"", ""clip_factor"": 3, ""log_every_n_epochs"": 1, ""num_images"": 3, ""verbose"": true}, ""rich_progress_bar"": {""_target_"": ""lightning.pytorch.callbacks.RichProgressBar""}, ""wandb_osh"": {""_target_"": ""wandb_osh.lightning_hooks.TriggerWandbSyncLightningCallback""}}, ""ckpt_path"": null, ""data"": {""_target_"": ""src.data.maya4_dir_datamodule.MAYA4DirDataModule"", ""azimuth_buffer"": 512, ""batch_size"": 4, ""max_products_test"": 2, ""max_products_train"": 10, ""max_products_val"": 2, ""num_workers"": 4, ""online"": false, ""patch_size"": [512, 512], ""pin_memory"": true, ""samples_per_prod"": 1000, ""test_dir"": ""/lustre/projects/1001/rdelprete/SSM/data/ssm_dataset/focused/PT3"", ""train_dir"": ""/lustre/projects/1001/rdelprete/SSM/data/ssm_dataset/focused/PT1"", ""val_dir"": ""/lustre/projects/1001/rdelprete/SSM/data/ssm_dataset/focused/PT2""}, ""determinism"": true, ""experiment_name"": ""rcmc_compress_baseline"", ""extras"": {""enforce_tags"": true, ""ignore_warnings"": false, ""print_config"": true}, ""lambda"": 10, ""logger"": {""wandb"": {""_target_"": ""lightning.pytorch.loggers.wandb.WandbLogger"", ""anonymous"": null, ""entity"": ""cedric-leonard"", ""group"": ""rcmc_grid"", ""id"": null, ""job_type"": """", ""log_model"": false, ""offline"": true, ""prefix"": """", ""project"": ""MAYA_DC"", ""save_dir"": ""/lustre/projects/1001/rdelprete/MAYA_DC/logs/default/multiruns/2026-03-23_16-31-02/lmbda_10_seed_1"", ""tags"": []}}, ""model"": {""_target_"": ""src.models.rcmc_compress_module.RCMCDCmodule"", ""aux_optimizer"": {""_partial_"": true, ""_target_"": ""torch.optim.Adam"", ""lr"": 0.001}, ""azimuth_buffer"": 512, ""compile"": false, ""criterion"": {""_target_"": ""src.models.components.losses.CompoundCompressionLoss"", ""azimuth_buffer"": 512, ""delta_coherence"": 1, ""delta_kde"": 1, ""lmbda"": 10, ""num_kde_bins"": 100, ""patch_size"": [512, 512]}, ""gradient_clip_norm"": 1, ""net"": {""_target_"": ""src.models.components.scale_hyperprior.ScaleHyperprior"", ""activation"": ""gdn"", ""nb_channels_latent"": 256, ""nb_channels_main"": 128, ""nb_input_channels"": 2}, ""net_optimizer"": {""_partial_"": true, ""_target_"": ""torch.optim.Adam"", ""betas"": [0.9, 0.999], ""lr"": 0.0001}, ""scheduler"": {""_partial_"": true, ""_target_"": ""torch.optim.lr_scheduler.ReduceLROnPlateau"", ""factor"": 0.5, ""mode"": ""min"", ""patience"": 5}, ""training_mode"": ""slc""}, ""model/params/non_trainable"": 0, ""model/params/total"": 5626626, ""model/params/trainable"": 5626626, ""patch_size"": [512, 512], ""paths"": {""data_dir"": ""/lustre/projects/1001/rdelprete/MAYA_DC/data/"", ""log_dir"": ""/lustre/projects/1001/rdelprete/MAYA_DC/logs/"", ""output_dir"": ""/lustre/projects/1001/rdelprete/MAYA_DC/logs/default/multiruns/2026-03-23_16-31-02/lmbda_10_seed_1"", ""root_dir"": ""/lustre/projects/1001/rdelprete/MAYA_DC"", ""work_dir"": ""/lustre/home/u10010007""}, ""seed"": 1, ""tags"": [""rcmc_compression"", ""scale_hyperprior"", ""maya4""], ""task_name"": ""default"", ""test"": true, ""train"": true, ""trainer"": {""_target_"": ""lightning.pytorch.trainer.Trainer"", ""accelerator"": ""gpu"", ""check_val_every_n_epoch"": 1, ""default_root_dir"": ""/lustre/projects/1001/rdelprete/MAYA_DC/logs/default/multiruns/2026-03-23_16-31-02/lmbda_10_seed_1"", ""deterministic"": false, ""devices"": 4, ""max_epochs"": 30, ""min_epochs"": 1, ""num_nodes"": 1, ""precision"": ""32-true"", ""strategy"": ""ddp_find_unused_parameters_true"", ""sync_batchnorm"": true}}"
j9mv9jed,SHP-gdn_s1_L10_slc_buf512_Compound_lr0.0001_b4_10000p,finished,https://wandb.ai/cedric-leonard/MAYA_DC/runs/j9mv9jed,2026-03-25T08:30:42Z,cedric-leonard,MAYA_DC,1.0,10.0,slc,512.0,src.models.components.scale_hyperprior.ScaleHyperprior,ScaleHyperprior,SHyp,gdn,GDN,src.data.maya4_dir_datamodule.MAYA4DirDataModule,MAYA4DirDataModule,MAYA4DirDataModule,src.models.components.losses.CompoundCompressionLoss,Compound,/lustre/projects/1001/rdelprete/MAYA_DC/logs/default/multiruns/2026-03-24_17-14-16_non_square/lmbda_10_seed_1,,True,rcmc_grid_non_square,"[""maya4"", ""rcmc_compression"", ""scale_hyperprior""]",SHyp-GDN | MAYA4DirDataModule | slc | nsk,"{""_runtime"": 3094, ""_step"": 85001, ""_timestamp"": 1774417058.0569444, ""epoch"": 17, ""fixed_patch/reconstruction"": {""_type"": ""image-file"", ""format"": ""png"", ""height"": 600, ""path"": ""media/images/fixed_patch/reconstruction_85000_24cc0ead5db514a41a62.png"", ""sha256"": ""24cc0ead5db514a41a62a73e7e2b856488b127f63055a9effd092f2b8cd3e40a"", ""size"": 1526987, ""width"": 2000}, ""test/aux"": 11867.666015625, ""test/coherence"": 0.17218659818172455, ""test/complex_corr_mean"": 0.8278133869171143, ""test/complex_corr_std"": ""NaN"", ""test/distortion"": 0.37834298610687256, ""test/kde"": 0.08714668452739716, ""test/loss"": 3.957768440246582, ""test/mse"": 0.11900963634252548, ""test/phase_err_mean"": 0.12122181057929993, ""test/phase_err_std"": ""NaN"", ""test/psnr_amp"": 22.332456588745117, ""test/rate"": 0.17433886229991913, ""test/ssim_amp"": 0.18133202195167544, ""train/aux"": 17.923112869262695, ""train/coherence"": 0.1175662875175476, ""train/distortion"": 0.20688657462596893, ""train/grad_norm_g_a"": 4.582991600036621, ""train/grad_norm_g_s"": 3.745305299758911, ""train/grad_norm_h_a"": 0.07190487533807755, ""train/grad_norm_h_s"": 0.08178775012493134, ""train/kde"": 0.01756797730922699, ""train/loss"": 2.4886679649353027, ""train/lr"": 4.999999873689376e-05, ""train/mse"": 0.07175230979919434, ""train/rate"": 0.41980233788490295, ""trainer/global_step"": 42500, ""val_batch/coherence_loss"": 0.04119783639907837, ""val_batch/correlation_metric_mean"": 0.9588022232055664, ""val_batch/correlation_metric_std"": ""NaN"", ""val_batch/kde_loss"": 0.30945006012916565, ""val_batch/phase_error"": 0.02198237180709839, ""val_batch/psnr_slc"": 19.895828247070312, ""val_batch/reconstructions"": {""_type"": ""image-file"", ""format"": ""png"", ""height"": 1700, ""path"": ""media/images/val_batch/reconstructions_80051_076d86376d95be641695.png"", ""sha256"": ""076d86376d95be641695b3a6665a7eca0dad04b6c1cfd57b87c7f5b56d08aef3"", ""size"": 1510194, ""width"": 500}, ""val_batch/ssim_slc"": 0.2168307304382324, ""val_batch/x_hat_histogram"": {""_type"": ""histogram""}, ""valid/aux"": 17.507442474365234, ""valid/coherence"": 0.1807933747768402, ""valid/complex_corr_mean"": 0.8192068338394165, ""valid/complex_corr_std"": ""NaN"", ""valid/distortion"": 0.6912464499473572, ""valid/kde"": 0.3368348479270935, ""valid/loss"": 7.121417999267578, ""valid/mse"": 0.173618346452713, ""valid/phase_err_mean"": 0.12688662111759186, ""valid/phase_err_std"": ""NaN"", ""valid/psnr_amp"": 25.858123779296875, ""valid/rate"": 0.20895451307296753, ""valid/rd_scatter_table"": {""_latest_artifact_path"": ""wandb-client-artifact://oooyxe9pyv83wqk3m380tp5kt6a271dshk2p6gy6a1z6yefvbjrlyz0i82qsq8xq9ngves8vypb2oaorukk4ak41csrvc0q4eef4i90f31u9jixd7q6jcc80ino2eohe:latest/valid/rd_scatter_table.table.json"", ""_type"": ""table-file"", ""artifact_path"": ""wandb-client-artifact://3upj3cgm14t4t001nltmybjibtnbwtnp7yswwytn5sc5e57lj4s0m2fja6zog7v9d8lh1s3rsf4k533waflan2pxpi35exiqo5n0vrlz0qgwymto9zf7t3fh68wky8d7/valid/rd_scatter_table.table.json"", ""log_mode"": ""IMMUTABLE"", ""ncols"": 3, ""nrows"": 18, ""path"": ""media/table/valid/rd_scatter_table_85000_6ddea95b5edd33341f9b.table.json"", ""sha256"": ""6ddea95b5edd33341f9bce1c6026488b3d512906ed991b005d3528ef0af80db5"", ""size"": 888}, ""valid/ssim_amp"": 0.2109425663948059}","{""azimuth_buffer"": 512, ""callbacks"": {""early_stopping"": {""_target_"": ""lightning.pytorch.callbacks.EarlyStopping"", ""check_finite"": true, ""check_on_train_epoch_end"": false, ""divergence_threshold"": null, ""min_delta"": 0, ""mode"": ""min"", ""monitor"": ""valid/loss"", ""patience"": 10, ""stopping_threshold"": null, ""strict"": true, ""verbose"": false}, ""model_checkpoint"": {""_target_"": ""lightning.pytorch.callbacks.ModelCheckpoint"", ""auto_insert_metric_name"": false, ""dirpath"": ""/lustre/projects/1001/rdelprete/MAYA_DC/logs/default/multiruns/2026-03-24_17-14-16_non_square/lmbda_10_seed_1/checkpoints"", ""every_n_epochs"": null, ""every_n_train_steps"": null, ""filename"": ""epoch_{epoch:03d}_loss_{valid/loss:.4f}"", ""mode"": ""min"", ""monitor"": ""valid/loss"", ""save_last"": true, ""save_on_train_epoch_end"": null, ""save_top_k"": 1, ""save_weights_only"": false, ""train_time_interval"": null, ""verbose"": false}, ""model_summary"": {""_target_"": ""lightning.pytorch.callbacks.RichModelSummary"", ""max_depth"": 2}, ""monitor_fix_patch"": {""verbose"": true}, ""monitor_fixed_patch"": {""_target_"": ""src.callbacks.monitor_fixed_patch.MonitorFixedPatch"", ""clip_factor"": 3, ""log_every_n_epochs"": 1, ""patch_json"": ""data/fixed_patches/s1c-s6-raw-s-vv-20250422t061414-20250422t061446-002002-0040d4.json"", ""verbose"": false}, ""monitor_val_recon"": {""_target_"": ""src.callbacks.monitor_val_reconstruction.MonitorValReconstruction"", ""clip_factor"": 3, ""log_every_n_epochs"": 1, ""num_images"": 3, ""verbose"": true}, ""rich_progress_bar"": {""_target_"": ""lightning.pytorch.callbacks.RichProgressBar""}, ""wandb_osh"": {""_target_"": ""wandb_osh.lightning_hooks.TriggerWandbSyncLightningCallback""}}, ""ckpt_path"": null, ""data"": {""_target_"": ""src.data.maya4_dir_datamodule.MAYA4DirDataModule"", ""azimuth_buffer"": 512, ""batch_size"": 4, ""max_products_test"": 2, ""max_products_train"": 10, ""max_products_val"": 2, ""num_workers"": 4, ""online"": false, ""patch_size"": [512, 512], ""pin_memory"": true, ""samples_per_prod"": 1000, ""test_dir"": ""/lustre/projects/1001/rdelprete/SSM/data/ssm_dataset/focused/PT3"", ""train_dir"": ""/lustre/projects/1001/rdelprete/SSM/data/ssm_dataset/focused/PT1"", ""val_dir"": ""/lustre/projects/1001/rdelprete/SSM/data/ssm_dataset/focused/PT2""}, ""determinism"": true, ""experiment_name"": ""rcmc_compress_baseline"", ""extras"": {""enforce_tags"": true, ""ignore_warnings"": false, ""print_config"": true}, ""lambda"": 10, ""logger"": {""wandb"": {""_target_"": ""lightning.pytorch.loggers.wandb.WandbLogger"", ""anonymous"": null, ""entity"": ""cedric-leonard"", ""group"": ""rcmc_grid_non_square"", ""id"": null, ""job_type"": """", ""log_model"": false, ""offline"": true, ""prefix"": """", ""project"": ""MAYA_DC"", ""save_dir"": ""/lustre/projects/1001/rdelprete/MAYA_DC/logs/default/multiruns/2026-03-24_17-14-16_non_square/lmbda_10_seed_1"", ""tags"": []}}, ""model"": {""_target_"": ""src.models.rcmc_compress_module.RCMCDCmodule"", ""aux_optimizer"": {""_partial_"": true, ""_target_"": ""torch.optim.Adam"", ""lr"": 0.001}, ""azimuth_buffer"": 512, ""compile"": false, ""criterion"": {""_target_"": ""src.models.components.losses.CompoundCompressionLoss"", ""azimuth_buffer"": 512, ""delta_coherence"": 1, ""delta_kde"": 1, ""lmbda"": 10, ""num_kde_bins"": 100, ""patch_size"": [512, 512]}, ""gradient_clip_norm"": 1, ""net"": {""_target_"": ""src.models.components.scale_hyperprior.ScaleHyperprior"", ""activation"": ""gdn"", ""nb_channels_latent"": 256, ""nb_channels_main"": 128, ""nb_input_channels"": 2, ""non_square_kernels"": true}, ""net_optimizer"": {""_partial_"": true, ""_target_"": ""torch.optim.Adam"", ""betas"": [0.9, 0.999], ""lr"": 0.0001}, ""scheduler"": {""_partial_"": true, ""_target_"": ""torch.optim.lr_scheduler.ReduceLROnPlateau"", ""factor"": 0.5, ""mode"": ""min"", ""patience"": 5}, ""training_mode"": ""slc""}, ""model/params/non_trainable"": 0, ""model/params/total"": 16662274, ""model/params/trainable"": 16662274, ""patch_size"": [512, 512], ""paths"": {""data_dir"": ""/lustre/projects/1001/rdelprete/MAYA_DC/data/"", ""log_dir"": ""/lustre/projects/1001/rdelprete/MAYA_DC/logs/"", ""output_dir"": ""/lustre/projects/1001/rdelprete/MAYA_DC/logs/default/multiruns/2026-03-24_17-14-16_non_square/lmbda_10_seed_1"", ""root_dir"": ""/lustre/projects/1001/rdelprete/MAYA_DC"", ""work_dir"": ""/lustre/home/u10010007""}, ""seed"": 1, ""tags"": [""rcmc_compression"", ""scale_hyperprior"", ""maya4""], ""task_name"": ""default"", ""test"": true, ""train"": true, ""trainer"": {""_target_"": ""lightning.pytorch.trainer.Trainer"", ""accelerator"": ""gpu"", ""check_val_every_n_epoch"": 1, ""default_root_dir"": ""/lustre/projects/1001/rdelprete/MAYA_DC/logs/default/multiruns/2026-03-24_17-14-16_non_square/lmbda_10_seed_1"", ""deterministic"": false, ""devices"": 4, ""max_epochs"": 30, ""min_epochs"": 1, ""num_nodes"": 1, ""precision"": ""32-true"", ""strategy"": ""ddp_find_unused_parameters_true"", ""sync_batchnorm"": true}}"
zn7q5kxf,SHP-gdn_s2_L10_slc_buf512_Compound_lr0.0001_b4_10000p,finished,https://wandb.ai/cedric-leonard/MAYA_DC/runs/zn7q5kxf,2026-03-23T16:48:34Z,cedric-leonard,MAYA_DC,2.0,10.0,slc,512.0,src.models.components.scale_hyperprior.ScaleHyperprior,ScaleHyperprior,SHyp,gdn,GDN,src.data.maya4_dir_datamodule.MAYA4DirDataModule,MAYA4DirDataModule,MAYA4DirDataModule,src.models.components.losses.CompoundCompressionLoss,Compound,/lustre/projects/1001/rdelprete/MAYA_DC/logs/default/multiruns/2026-03-23_16-31-02/lmbda_10_seed_2,,False,rcmc_grid,"[""maya4"", ""rcmc_compression"", ""scale_hyperprior""]",SHyp-GDN | MAYA4DirDataModule | slc | sq,"{""_runtime"": 4829, ""_step"": 150001, ""_timestamp"": 1774289043.007315, ""epoch"": 30, ""fixed_patch/reconstruction"": {""_type"": ""image-file"", ""format"": ""png"", ""height"": 600, ""path"": ""media/images/fixed_patch/reconstruction_150000_00336c7c196ad631c945.png"", ""sha256"": ""00336c7c196ad631c9454774b6144c060b1cc0957b4c36bb92ddc8ab8ad8e476"", ""size"": 1539852, ""width"": 2000}, ""test/aux"": 32.811519622802734, ""test/coherence"": 0.12054165452718736, ""test/complex_corr_mean"": 0.8794582486152649, ""test/complex_corr_std"": ""NaN"", ""test/distortion"": 0.3083842098712921, ""test/kde"": 0.10399346798658372, ""test/loss"": 3.498853921890259, ""test/mse"": 0.08384907245635986, ""test/phase_err_mean"": 0.09099685400724412, ""test/phase_err_std"": ""NaN"", ""test/psnr_amp"": 23.5932559967041, ""test/rate"": 0.41501232981681824, ""test/ssim_amp"": 0.3878641724586487, ""train/aux"": 34.985599517822266, ""train/coherence"": 0.15260159969329834, ""train/distortion"": 0.32167407870292664, ""train/grad_norm_g_a"": 8.695252418518066, ""train/grad_norm_g_s"": 7.009963512420654, ""train/grad_norm_h_a"": 0.07661857455968857, ""train/grad_norm_h_s"": 0.03891448304057121, ""train/kde"": 0.01546166092157364, ""train/loss"": 3.838243007659912, ""train/lr"": 4.999999873689376e-05, ""train/mse"": 0.15361081063747406, ""train/rate"": 0.6215022206306458, ""trainer/global_step"": 75000, ""val_batch/coherence_loss"": 0.041119933128356934, ""val_batch/correlation_metric_mean"": 0.9588801264762878, ""val_batch/correlation_metric_std"": ""NaN"", ""val_batch/kde_loss"": 0.28884127736091614, ""val_batch/phase_error"": 0.02271091938018799, ""val_batch/psnr_slc"": 19.99872589111328, ""val_batch/reconstructions"": {""_type"": ""image-file"", ""format"": ""png"", ""height"": 1700, ""path"": ""media/images/val_batch/reconstructions_145051_526e36abf4e31769da36.png"", ""sha256"": ""526e36abf4e31769da36b64c0beb0a34b2e47355d43745772f5738dcb2c120fc"", ""size"": 1539478, ""width"": 500}, ""val_batch/ssim_slc"": 0.2526431977748871, ""val_batch/x_hat_histogram"": {""_type"": ""histogram""}, ""valid/aux"": 32.811519622802734, ""valid/coherence"": 0.15756987035274506, ""valid/complex_corr_mean"": 0.842430055141449, ""valid/complex_corr_std"": ""NaN"", ""valid/distortion"": 0.42001858353614807, ""valid/kde"": 0.10356367379426956, ""valid/loss"": 4.645482063293457, ""valid/mse"": 0.15888506174087524, ""valid/phase_err_mean"": 0.12414579838514328, ""valid/phase_err_std"": ""NaN"", ""valid/psnr_amp"": 26.49677848815918, ""valid/rate"": 0.44529664516448975, ""valid/rd_scatter_table"": {""_latest_artifact_path"": ""wandb-client-artifact://me1sez4bj5p6p10i0sh366gzpbfgwsxzqewtyzejahymwargbliqexs4p3sdrj7zlg2dly7i7sqadd5ov33mkw2py93zqeti1euqbhluqsp9jtf7s70yqs0xly4vw8iw:latest/valid/rd_scatter_table.table.json"", ""_type"": ""table-file"", ""artifact_path"": ""wandb-client-artifact://vf5ay1v109bs5mx9u2h0s7v3t5jmnjfvhp75376ln7t5tq0clyr9k071pigt1fokd67ch86deoe15c4j21iwgbeoe2yoh1h3qmx7nzue88h6dlljbx1co1runx9ugnpi/valid/rd_scatter_table.table.json"", ""log_mode"": ""IMMUTABLE"", ""ncols"": 3, ""nrows"": 31, ""path"": ""media/table/valid/rd_scatter_table_150000_175fceda0cb1cd920fed.table.json"", ""sha256"": ""175fceda0cb1cd920fed9795d4a162a747f9d4df0be2fca5ab90908486bd934a"", ""size"": 1495}, ""valid/ssim_amp"": 0.3783302903175354}","{""azimuth_buffer"": 512, ""callbacks"": {""early_stopping"": {""_target_"": ""lightning.pytorch.callbacks.EarlyStopping"", ""check_finite"": true, ""check_on_train_epoch_end"": false, ""divergence_threshold"": null, ""min_delta"": 0, ""mode"": ""min"", ""monitor"": ""valid/loss"", ""patience"": 10, ""stopping_threshold"": null, ""strict"": true, ""verbose"": false}, ""model_checkpoint"": {""_target_"": ""lightning.pytorch.callbacks.ModelCheckpoint"", ""auto_insert_metric_name"": false, ""dirpath"": ""/lustre/projects/1001/rdelprete/MAYA_DC/logs/default/multiruns/2026-03-23_16-31-02/lmbda_10_seed_2/checkpoints"", ""every_n_epochs"": null, ""every_n_train_steps"": null, ""filename"": ""epoch_{epoch:03d}_loss_{valid/loss:.4f}"", ""mode"": ""min"", ""monitor"": ""valid/loss"", ""save_last"": true, ""save_on_train_epoch_end"": null, ""save_top_k"": 1, ""save_weights_only"": false, ""train_time_interval"": null, ""verbose"": false}, ""model_summary"": {""_target_"": ""lightning.pytorch.callbacks.RichModelSummary"", ""max_depth"": 2}, ""monitor_fix_patch"": {""verbose"": true}, ""monitor_fixed_patch"": {""_target_"": ""src.callbacks.monitor_fixed_patch.MonitorFixedPatch"", ""clip_factor"": 3, ""log_every_n_epochs"": 1, ""patch_json"": ""data/fixed_patches/s1c-s6-raw-s-vv-20250422t061414-20250422t061446-002002-0040d4.json"", ""verbose"": false}, ""monitor_val_recon"": {""_target_"": ""src.callbacks.monitor_val_reconstruction.MonitorValReconstruction"", ""clip_factor"": 3, ""log_every_n_epochs"": 1, ""num_images"": 3, ""verbose"": true}, ""rich_progress_bar"": {""_target_"": ""lightning.pytorch.callbacks.RichProgressBar""}, ""wandb_osh"": {""_target_"": ""wandb_osh.lightning_hooks.TriggerWandbSyncLightningCallback""}}, ""ckpt_path"": null, ""data"": {""_target_"": ""src.data.maya4_dir_datamodule.MAYA4DirDataModule"", ""azimuth_buffer"": 512, ""batch_size"": 4, ""max_products_test"": 2, ""max_products_train"": 10, ""max_products_val"": 2, ""num_workers"": 4, ""online"": false, ""patch_size"": [512, 512], ""pin_memory"": true, ""samples_per_prod"": 1000, ""test_dir"": ""/lustre/projects/1001/rdelprete/SSM/data/ssm_dataset/focused/PT3"", ""train_dir"": ""/lustre/projects/1001/rdelprete/SSM/data/ssm_dataset/focused/PT1"", ""val_dir"": ""/lustre/projects/1001/rdelprete/SSM/data/ssm_dataset/focused/PT2""}, ""determinism"": true, ""experiment_name"": ""rcmc_compress_baseline"", ""extras"": {""enforce_tags"": true, ""ignore_warnings"": false, ""print_config"": true}, ""lambda"": 10, ""logger"": {""wandb"": {""_target_"": ""lightning.pytorch.loggers.wandb.WandbLogger"", ""anonymous"": null, ""entity"": ""cedric-leonard"", ""group"": ""rcmc_grid"", ""id"": null, ""job_type"": """", ""log_model"": false, ""offline"": true, ""prefix"": """", ""project"": ""MAYA_DC"", ""save_dir"": ""/lustre/projects/1001/rdelprete/MAYA_DC/logs/default/multiruns/2026-03-23_16-31-02/lmbda_10_seed_2"", ""tags"": []}}, ""model"": {""_target_"": ""src.models.rcmc_compress_module.RCMCDCmodule"", ""aux_optimizer"": {""_partial_"": true, ""_target_"": ""torch.optim.Adam"", ""lr"": 0.001}, ""azimuth_buffer"": 512, ""compile"": false, ""criterion"": {""_target_"": ""src.models.components.losses.CompoundCompressionLoss"", ""azimuth_buffer"": 512, ""delta_coherence"": 1, ""delta_kde"": 1, ""lmbda"": 10, ""num_kde_bins"": 100, ""patch_size"": [512, 512]}, ""gradient_clip_norm"": 1, ""net"": {""_target_"": ""src.models.components.scale_hyperprior.ScaleHyperprior"", ""activation"": ""gdn"", ""nb_channels_latent"": 256, ""nb_channels_main"": 128, ""nb_input_channels"": 2}, ""net_optimizer"": {""_partial_"": true, ""_target_"": ""torch.optim.Adam"", ""betas"": [0.9, 0.999], ""lr"": 0.0001}, ""scheduler"": {""_partial_"": true, ""_target_"": ""torch.optim.lr_scheduler.ReduceLROnPlateau"", ""factor"": 0.5, ""mode"": ""min"", ""patience"": 5}, ""training_mode"": ""slc""}, ""model/params/non_trainable"": 0, ""model/params/total"": 5626626, ""model/params/trainable"": 5626626, ""patch_size"": [512, 512], ""paths"": {""data_dir"": ""/lustre/projects/1001/rdelprete/MAYA_DC/data/"", ""log_dir"": ""/lustre/projects/1001/rdelprete/MAYA_DC/logs/"", ""output_dir"": ""/lustre/projects/1001/rdelprete/MAYA_DC/logs/default/multiruns/2026-03-23_16-31-02/lmbda_10_seed_2"", ""root_dir"": ""/lustre/projects/1001/rdelprete/MAYA_DC"", ""work_dir"": ""/lustre/home/u10010007""}, ""seed"": 2, ""tags"": [""rcmc_compression"", ""scale_hyperprior"", ""maya4""], ""task_name"": ""default"", ""test"": true, ""train"": true, ""trainer"": {""_target_"": ""lightning.pytorch.trainer.Trainer"", ""accelerator"": ""gpu"", ""check_val_every_n_epoch"": 1, ""default_root_dir"": ""/lustre/projects/1001/rdelprete/MAYA_DC/logs/default/multiruns/2026-03-23_16-31-02/lmbda_10_seed_2"", ""deterministic"": false, ""devices"": 4, ""max_epochs"": 30, ""min_epochs"": 1, ""num_nodes"": 1, ""precision"": ""32-true"", ""strategy"": ""ddp_find_unused_parameters_true"", ""sync_batchnorm"": true}}"
tr8sg528,SHP-gdn_s2_L10_slc_buf512_Compound_lr0.0001_b4_10000p,finished,https://wandb.ai/cedric-leonard/MAYA_DC/runs/tr8sg528,2026-03-25T09:11:22Z,cedric-leonard,MAYA_DC,2.0,10.0,slc,512.0,src.models.components.scale_hyperprior.ScaleHyperprior,ScaleHyperprior,SHyp,gdn,GDN,src.data.maya4_dir_datamodule.MAYA4DirDataModule,MAYA4DirDataModule,MAYA4DirDataModule,src.models.components.losses.CompoundCompressionLoss,Compound,/lustre/projects/1001/rdelprete/MAYA_DC/logs/default/multiruns/2026-03-24_17-14-16_non_square/lmbda_10_seed_2,,True,rcmc_grid_non_square,"[""maya4"", ""rcmc_compression"", ""scale_hyperprior""]",SHyp-GDN | MAYA4DirDataModule | slc | nsk,"{""_runtime"": 3258, ""_step"": 90001, ""_timestamp"": 1774418294.6610205, ""epoch"": 18, ""fixed_patch/reconstruction"": {""_type"": ""image-file"", ""format"": ""png"", ""height"": 600, ""path"": ""media/images/fixed_patch/reconstruction_90000_c310b0928894f90d6320.png"", ""sha256"": ""c310b0928894f90d63206dd59bf1cec53dfd9cddca09921b64005f1d2a072fc4"", ""size"": 1514654, ""width"": 2000}, ""test/aux"": 2318.738525390625, ""test/coherence"": 0.167328342795372, ""test/complex_corr_mean"": 0.8326716423034668, ""test/complex_corr_std"": ""NaN"", ""test/distortion"": 0.3940214216709137, ""test/kde"": 0.1114959791302681, ""test/loss"": 4.107890605926514, ""test/mse"": 0.11519712209701538, ""test/phase_err_mean"": 0.11716892570257188, ""test/phase_err_std"": ""NaN"", ""test/psnr_amp"": 22.43623733520508, ""test/rate"": 0.1676754355430603, ""test/ssim_amp"": 0.18773339688777924, ""train/aux"": 16.842342376708984, ""train/coherence"": 0.2267122119665146, ""train/distortion"": 0.533244252204895, ""train/grad_norm_g_a"": 31.58036994934082, ""train/grad_norm_g_s"": 14.202030181884766, ""train/grad_norm_h_a"": 0.04112428054213524, ""train/grad_norm_h_s"": 0.02224169857800007, ""train/kde"": 0.03789909556508064, ""train/loss"": 5.858038902282715, ""train/lr"": 4.999999873689376e-05, ""train/mse"": 0.26863300800323486, ""train/rate"": 0.5255954265594482, ""trainer/global_step"": 45000, ""val_batch/coherence_loss"": 0.041603803634643555, ""val_batch/correlation_metric_mean"": 0.9583961963653564, ""val_batch/correlation_metric_std"": ""NaN"", ""val_batch/kde_loss"": 0.27383753657341003, ""val_batch/phase_error"": 0.022444844245910645, ""val_batch/psnr_slc"": 19.89344596862793, ""val_batch/reconstructions"": {""_type"": ""image-file"", ""format"": ""png"", ""height"": 1700, ""path"": ""media/images/val_batch/reconstructions_85051_fa742621a3bf9e941467.png"", ""sha256"": ""fa742621a3bf9e9414677d6a710fcb4eaa0df43576365db66d9a23af7266a80b"", ""size"": 1521803, ""width"": 500}, ""val_batch/ssim_slc"": 0.23054039478302, ""val_batch/x_hat_histogram"": {""_type"": ""histogram""}, ""valid/aux"": 17.669815063476562, ""valid/coherence"": 0.1814481019973755, ""valid/complex_corr_mean"": 0.8185518980026245, ""valid/complex_corr_std"": ""NaN"", ""valid/distortion"": 0.6801470518112183, ""valid/kde"": 0.32421526312828064, ""valid/loss"": 7.015157222747803, ""valid/mse"": 0.1744838505983353, ""valid/phase_err_mean"": 0.12779119610786438, ""valid/phase_err_std"": ""NaN"", ""valid/psnr_amp"": 25.855607986450195, ""valid/rate"": 0.21368582546710968, ""valid/rd_scatter_table"": {""_latest_artifact_path"": ""wandb-client-artifact://o5deln6d6rikya315vcgb35w0v5fw8jnbnea6drt6tn10ix3rmv9myq133m5lzfgw5a53wpmetf5cw8iptwur66pgi7g1f1o8axrww7q7o2i50fqpxgskekds2cut2pt:latest/valid/rd_scatter_table.table.json"", ""_type"": ""table-file"", ""artifact_path"": ""wandb-client-artifact://zkelzzhdliktco24zjyizfasry29l6mq8ao6pm7sufnasnn26ur9r2cqefyd7w4cb5h2g30bx25nckkd3mqlj5hjiqlgwjpnr9ekygnfuvqqe26lwrs8ku47q3gcugep/valid/rd_scatter_table.table.json"", ""log_mode"": ""IMMUTABLE"", ""ncols"": 3, ""nrows"": 19, ""path"": ""media/table/valid/rd_scatter_table_90000_af4ff68aeb50bb60f962.table.json"", ""sha256"": ""af4ff68aeb50bb60f9620170004dc768cb21007b299466aa3fbdabbb7e38a120"", ""size"": 932}, ""valid/ssim_amp"": 0.21425512433052063}","{""azimuth_buffer"": 512, ""callbacks"": {""early_stopping"": {""_target_"": ""lightning.pytorch.callbacks.EarlyStopping"", ""check_finite"": true, ""check_on_train_epoch_end"": false, ""divergence_threshold"": null, ""min_delta"": 0, ""mode"": ""min"", ""monitor"": ""valid/loss"", ""patience"": 10, ""stopping_threshold"": null, ""strict"": true, ""verbose"": false}, ""model_checkpoint"": {""_target_"": ""lightning.pytorch.callbacks.ModelCheckpoint"", ""auto_insert_metric_name"": false, ""dirpath"": ""/lustre/projects/1001/rdelprete/MAYA_DC/logs/default/multiruns/2026-03-24_17-14-16_non_square/lmbda_10_seed_2/checkpoints"", ""every_n_epochs"": null, ""every_n_train_steps"": null, ""filename"": ""epoch_{epoch:03d}_loss_{valid/loss:.4f}"", ""mode"": ""min"", ""monitor"": ""valid/loss"", ""save_last"": true, ""save_on_train_epoch_end"": null, ""save_top_k"": 1, ""save_weights_only"": false, ""train_time_interval"": null, ""verbose"": false}, ""model_summary"": {""_target_"": ""lightning.pytorch.callbacks.RichModelSummary"", ""max_depth"": 2}, ""monitor_fix_patch"": {""verbose"": true}, ""monitor_fixed_patch"": {""_target_"": ""src.callbacks.monitor_fixed_patch.MonitorFixedPatch"", ""clip_factor"": 3, ""log_every_n_epochs"": 1, ""patch_json"": ""data/fixed_patches/s1c-s6-raw-s-vv-20250422t061414-20250422t061446-002002-0040d4.json"", ""verbose"": false}, ""monitor_val_recon"": {""_target_"": ""src.callbacks.monitor_val_reconstruction.MonitorValReconstruction"", ""clip_factor"": 3, ""log_every_n_epochs"": 1, ""num_images"": 3, ""verbose"": true}, ""rich_progress_bar"": {""_target_"": ""lightning.pytorch.callbacks.RichProgressBar""}, ""wandb_osh"": {""_target_"": ""wandb_osh.lightning_hooks.TriggerWandbSyncLightningCallback""}}, ""ckpt_path"": null, ""data"": {""_target_"": ""src.data.maya4_dir_datamodule.MAYA4DirDataModule"", ""azimuth_buffer"": 512, ""batch_size"": 4, ""max_products_test"": 2, ""max_products_train"": 10, ""max_products_val"": 2, ""num_workers"": 4, ""online"": false, ""patch_size"": [512, 512], ""pin_memory"": true, ""samples_per_prod"": 1000, ""test_dir"": ""/lustre/projects/1001/rdelprete/SSM/data/ssm_dataset/focused/PT3"", ""train_dir"": ""/lustre/projects/1001/rdelprete/SSM/data/ssm_dataset/focused/PT1"", ""val_dir"": ""/lustre/projects/1001/rdelprete/SSM/data/ssm_dataset/focused/PT2""}, ""determinism"": true, ""experiment_name"": ""rcmc_compress_baseline"", ""extras"": {""enforce_tags"": true, ""ignore_warnings"": false, ""print_config"": true}, ""lambda"": 10, ""logger"": {""wandb"": {""_target_"": ""lightning.pytorch.loggers.wandb.WandbLogger"", ""anonymous"": null, ""entity"": ""cedric-leonard"", ""group"": ""rcmc_grid_non_square"", ""id"": null, ""job_type"": """", ""log_model"": false, ""offline"": true, ""prefix"": """", ""project"": ""MAYA_DC"", ""save_dir"": ""/lustre/projects/1001/rdelprete/MAYA_DC/logs/default/multiruns/2026-03-24_17-14-16_non_square/lmbda_10_seed_2"", ""tags"": []}}, ""model"": {""_target_"": ""src.models.rcmc_compress_module.RCMCDCmodule"", ""aux_optimizer"": {""_partial_"": true, ""_target_"": ""torch.optim.Adam"", ""lr"": 0.001}, ""azimuth_buffer"": 512, ""compile"": false, ""criterion"": {""_target_"": ""src.models.components.losses.CompoundCompressionLoss"", ""azimuth_buffer"": 512, ""delta_coherence"": 1, ""delta_kde"": 1, ""lmbda"": 10, ""num_kde_bins"": 100, ""patch_size"": [512, 512]}, ""gradient_clip_norm"": 1, ""net"": {""_target_"": ""src.models.components.scale_hyperprior.ScaleHyperprior"", ""activation"": ""gdn"", ""nb_channels_latent"": 256, ""nb_channels_main"": 128, ""nb_input_channels"": 2, ""non_square_kernels"": true}, ""net_optimizer"": {""_partial_"": true, ""_target_"": ""torch.optim.Adam"", ""betas"": [0.9, 0.999], ""lr"": 0.0001}, ""scheduler"": {""_partial_"": true, ""_target_"": ""torch.optim.lr_scheduler.ReduceLROnPlateau"", ""factor"": 0.5, ""mode"": ""min"", ""patience"": 5}, ""training_mode"": ""slc""}, ""model/params/non_trainable"": 0, ""model/params/total"": 16662274, ""model/params/trainable"": 16662274, ""patch_size"": [512, 512], ""paths"": {""data_dir"": ""/lustre/projects/1001/rdelprete/MAYA_DC/data/"", ""log_dir"": ""/lustre/projects/1001/rdelprete/MAYA_DC/logs/"", ""output_dir"": ""/lustre/projects/1001/rdelprete/MAYA_DC/logs/default/multiruns/2026-03-24_17-14-16_non_square/lmbda_10_seed_2"", ""root_dir"": ""/lustre/projects/1001/rdelprete/MAYA_DC"", ""work_dir"": ""/lustre/home/u10010007""}, ""seed"": 2, ""tags"": [""rcmc_compression"", ""scale_hyperprior"", ""maya4""], ""task_name"": ""default"", ""test"": true, ""train"": true, ""trainer"": {""_target_"": ""lightning.pytorch.trainer.Trainer"", ""accelerator"": ""gpu"", ""check_val_every_n_epoch"": 1, ""default_root_dir"": ""/lustre/projects/1001/rdelprete/MAYA_DC/logs/default/multiruns/2026-03-24_17-14-16_non_square/lmbda_10_seed_2"", ""deterministic"": false, ""devices"": 4, ""max_epochs"": 30, ""min_epochs"": 1, ""num_nodes"": 1, ""precision"": ""32-true"", ""strategy"": ""ddp_find_unused_parameters_true"", ""sync_batchnorm"": true}}"
9bmfe81p,SHP-gdn_s42_L10_slc_buf512_Compound_lr0.0005_b4_10000p,finished,https://wandb.ai/cedric-leonard/MAYA_DC/runs/9bmfe81p,2026-03-21T09:30:49Z,cedric-leonard,MAYA_DC,42.0,10.0,slc,512.0,src.models.components.scale_hyperprior.ScaleHyperprior,ScaleHyperprior,SHyp,gdn,GDN,src.data.maya4_dir_datamodule.MAYA4DirDataModule,MAYA4DirDataModule,MAYA4DirDataModule,src.models.components.losses.CompoundCompressionLoss,Compound,/lustre/projects/1001/rdelprete/MAYA_DC/logs/default/multiruns/2026-03-20_22-11-58/6,,False,rcmc_grid,"[""maya4"", ""rcmc_compression"", ""scale_hyperprior""]",SHyp-GDN | MAYA4DirDataModule | slc | sq,"{""_runtime"": 8458, ""_step"": 270001, ""_timestamp"": 1774093546.70261, ""epoch"": 54, ""fixed_patch/reconstruction"": {""_type"": ""image-file"", ""format"": ""png"", ""height"": 600, ""path"": ""media/images/fixed_patch/reconstruction_270000_6a2ce3d99b0e1dda7789.png"", ""sha256"": ""6a2ce3d99b0e1dda778989d480a1ac0b69e3f5ab567838b8152cd4e8fa3f7933"", ""size"": 1517877, ""width"": 2000}, ""test/aux"": 40.71934127807617, ""test/coherence"": 0.11269021779298782, ""test/complex_corr_mean"": 0.8873096704483032, ""test/complex_corr_std"": ""NaN"", ""test/distortion"": 0.2346159666776657, ""test/kde"": 0.04206610471010208, ""test/loss"": 2.8505914211273193, ""test/mse"": 0.07985962182283401, ""test/phase_err_mean"": 0.0891578420996666, ""test/phase_err_std"": ""NaN"", ""test/psnr_amp"": 23.811866760253903, ""test/rate"": 0.5044317841529846, ""test/ssim_amp"": 0.44709068536758423, ""train/aux"": 44.971900939941406, ""train/coherence"": 0.11286813020706175, ""train/distortion"": 0.2384244799613953, ""train/grad_norm_g_a"": 10.94245433807373, ""train/grad_norm_g_s"": 12.952980995178224, ""train/grad_norm_h_a"": 0.1458248794078827, ""train/grad_norm_h_s"": 0.024669749662280083, ""train/kde"": 0.021198179572820663, ""train/loss"": 3.0297558307647705, ""train/lr"": 0.0001250000059371814, ""train/mse"": 0.10435815900564194, ""train/rate"": 0.6455112099647522, ""trainer/global_step"": 135000, ""val_batch/coherence_loss"": 0.037290871143341064, ""val_batch/correlation_metric_mean"": 0.9627091288566588, ""val_batch/correlation_metric_std"": ""NaN"", ""val_batch/kde_loss"": 0.2132594883441925, ""val_batch/phase_error"": 0.02056419849395752, ""val_batch/psnr_slc"": 20.22919654846191, ""val_batch/reconstructions"": {""_type"": ""image-file"", ""format"": ""png"", ""height"": 1700, ""path"": ""media/images/val_batch/reconstructions_260101_7d35e628f442641b3a2e.png"", ""sha256"": ""7d35e628f442641b3a2e43cee89e9b67a18ef84636455191e72d9977beeaf82b"", ""size"": 1569215, ""width"": 500}, ""val_batch/ssim_slc"": 0.33609694242477417, ""val_batch/x_hat_histogram"": {""_type"": ""histogram""}, ""valid/aux"": 47.90184020996094, ""valid/coherence"": 0.13725341856479645, ""valid/complex_corr_mean"": 0.8627464175224304, ""valid/complex_corr_std"": ""NaN"", ""valid/distortion"": 0.3338683545589447, ""valid/kde"": 0.05435492843389511, ""valid/loss"": 3.8952796459198, ""valid/mse"": 0.14225992560386658, ""valid/phase_err_mean"": 0.1155366450548172, ""valid/phase_err_std"": ""NaN"", ""valid/psnr_amp"": 27.008331298828125, ""valid/rate"": 0.5565975904464722, ""valid/rd_scatter_table"": {""_latest_artifact_path"": ""wandb-client-artifact://izigsppgush8w2ezf49v4mt1ie194d2i8abz1zfl6wcrd4tylrr8w9l4c25islmprkz7x8prbo3c14aqcwni6w6wi208od9c8v01x0z8lkw6cy5295f7b4nwu1e1fbea:latest/valid/rd_scatter_table.table.json"", ""_type"": ""table-file"", ""artifact_path"": ""wandb-client-artifact://kc81xq6ued1z8nfctnbeq4zehmphletu2z4ko2azbbc5fezkpz5lfx4weg73k16ef9xlo32j4eo295jaq4yyp6d2o6vtk7pk2d9uyc71vriqnk9p03128gjljzke8lzu/valid/rd_scatter_table.table.json"", ""log_mode"": ""IMMUTABLE"", ""ncols"": 3, ""nrows"": 28, ""path"": ""media/table/valid/rd_scatter_table_270000_50673daf44ab3790e32a.table.json"", ""sha256"": ""50673daf44ab3790e32ad9f1ade0901e8c72e0e69ec24e4684e61fc877de7ce7"", ""size"": 1354}, ""valid/ssim_amp"": 0.457276850938797}","{""azimuth_buffer"": 512, ""callbacks"": {""early_stopping"": {""_target_"": ""lightning.pytorch.callbacks.EarlyStopping"", ""check_finite"": true, ""check_on_train_epoch_end"": false, ""divergence_threshold"": null, ""min_delta"": 0, ""mode"": ""min"", ""monitor"": ""valid/loss"", ""patience"": 10, ""stopping_threshold"": null, ""strict"": true, ""verbose"": false}, ""model_checkpoint"": {""_target_"": ""lightning.pytorch.callbacks.ModelCheckpoint"", ""auto_insert_metric_name"": false, ""dirpath"": ""/lustre/projects/1001/rdelprete/MAYA_DC/logs/default/multiruns/2026-03-20_22-11-58/6/checkpoints"", ""every_n_epochs"": null, ""every_n_train_steps"": null, ""filename"": ""epoch_{epoch:03d}_loss_{valid/loss:.4f}"", ""mode"": ""min"", ""monitor"": ""valid/loss"", ""save_last"": true, ""save_on_train_epoch_end"": null, ""save_top_k"": 1, ""save_weights_only"": false, ""train_time_interval"": null, ""verbose"": false}, ""model_summary"": {""_target_"": ""lightning.pytorch.callbacks.RichModelSummary"", ""max_depth"": 2}, ""monitor_fix_patch"": {""verbose"": true}, ""monitor_fixed_patch"": {""_target_"": ""src.callbacks.monitor_fixed_patch.MonitorFixedPatch"", ""clip_factor"": 3, ""log_every_n_epochs"": 1, ""patch_json"": ""data/fixed_patches/s1c-s6-raw-s-vv-20250422t061414-20250422t061446-002002-0040d4.json"", ""verbose"": false}, ""monitor_val_recon"": {""_target_"": ""src.callbacks.monitor_val_reconstruction.MonitorValReconstruction"", ""clip_factor"": 3, ""log_every_n_epochs"": 1, ""num_images"": 3, ""verbose"": true}, ""rich_progress_bar"": {""_target_"": ""lightning.pytorch.callbacks.RichProgressBar""}, ""wandb_osh"": {""_target_"": ""wandb_osh.lightning_hooks.TriggerWandbSyncLightningCallback""}}, ""ckpt_path"": null, ""data"": {""_target_"": ""src.data.maya4_dir_datamodule.MAYA4DirDataModule"", ""azimuth_buffer"": 512, ""batch_size"": 4, ""max_products_test"": 2, ""max_products_train"": 10, ""max_products_val"": 2, ""num_workers"": 16, ""online"": false, ""patch_size"": [512, 512], ""pin_memory"": true, ""samples_per_prod"": 1000, ""test_dir"": ""/lustre/projects/1001/rdelprete/SSM/data/ssm_dataset/focused/PT3"", ""train_dir"": ""/lustre/projects/1001/rdelprete/SSM/data/ssm_dataset/focused/PT1"", ""val_dir"": ""/lustre/projects/1001/rdelprete/SSM/data/ssm_dataset/focused/PT2""}, ""determinism"": true, ""experiment_name"": ""rcmc_compress_baseline"", ""extras"": {""enforce_tags"": true, ""ignore_warnings"": false, ""print_config"": true}, ""logger"": {""wandb"": {""_target_"": ""lightning.pytorch.loggers.wandb.WandbLogger"", ""anonymous"": null, ""entity"": ""cedric-leonard"", ""group"": ""rcmc_grid"", ""id"": null, ""job_type"": """", ""log_model"": false, ""offline"": true, ""prefix"": """", ""project"": ""MAYA_DC"", ""save_dir"": ""/lustre/projects/1001/rdelprete/MAYA_DC/logs/default/multiruns/2026-03-20_22-11-58/6"", ""tags"": []}}, ""model"": {""_target_"": ""src.models.rcmc_compress_module.RCMCDCmodule"", ""aux_optimizer"": {""_partial_"": true, ""_target_"": ""torch.optim.Adam"", ""lr"": 0.001}, ""azimuth_buffer"": 512, ""compile"": false, ""criterion"": {""_target_"": ""src.models.components.losses.CompoundCompressionLoss"", ""azimuth_buffer"": 512, ""delta_coherence"": 1, ""delta_kde"": 1, ""lmbda"": 10, ""num_kde_bins"": 100, ""patch_size"": [512, 512]}, ""gradient_clip_norm"": 1, ""net"": {""_target_"": ""src.models.components.scale_hyperprior.ScaleHyperprior"", ""activation"": ""gdn"", ""nb_channels_latent"": 256, ""nb_channels_main"": 128, ""nb_input_channels"": 2}, ""net_optimizer"": {""_partial_"": true, ""_target_"": ""torch.optim.Adam"", ""betas"": [0.9, 0.999], ""lr"": 0.0005}, ""scheduler"": {""_partial_"": true, ""_target_"": ""torch.optim.lr_scheduler.ReduceLROnPlateau"", ""factor"": 0.5, ""mode"": ""min"", ""patience"": 5}, ""training_mode"": ""slc""}, ""model/params/non_trainable"": 0, ""model/params/total"": 5626626, ""model/params/trainable"": 5626626, ""patch_size"": [512, 512], ""paths"": {""data_dir"": ""/lustre/projects/1001/rdelprete/MAYA_DC/data/"", ""log_dir"": ""/lustre/projects/1001/rdelprete/MAYA_DC/logs/"", ""output_dir"": ""/lustre/projects/1001/rdelprete/MAYA_DC/logs/default/multiruns/2026-03-20_22-11-58/6"", ""root_dir"": ""/lustre/projects/1001/rdelprete/MAYA_DC"", ""work_dir"": ""/lustre/home/u10010007""}, ""seed"": 42, ""tags"": [""rcmc_compression"", ""scale_hyperprior"", ""maya4""], ""task_name"": ""default"", ""test"": true, ""train"": true, ""trainer"": {""_target_"": ""lightning.pytorch.trainer.Trainer"", ""accelerator"": ""gpu"", ""check_val_every_n_epoch"": 2, ""default_root_dir"": ""/lustre/projects/1001/rdelprete/MAYA_DC/logs/default/multiruns/2026-03-20_22-11-58/6"", ""deterministic"": false, ""devices"": 4, ""max_epochs"": 100, ""min_epochs"": 1, ""num_nodes"": 1, ""precision"": ""32-true"", ""strategy"": ""ddp_find_unused_parameters_true"", ""sync_batchnorm"": true}}"
lh2urh2r,SHP-gdn_s42_L10_slc_buf512_Compound_lr0.0001_b4_10000p,finished,https://wandb.ai/cedric-leonard/MAYA_DC/runs/lh2urh2r,2026-03-21T11:51:52Z,cedric-leonard,MAYA_DC,42.0,10.0,slc,512.0,src.models.components.scale_hyperprior.ScaleHyperprior,ScaleHyperprior,SHyp,gdn,GDN,src.data.maya4_dir_datamodule.MAYA4DirDataModule,MAYA4DirDataModule,MAYA4DirDataModule,src.models.components.losses.CompoundCompressionLoss,Compound,/lustre/projects/1001/rdelprete/MAYA_DC/logs/default/multiruns/2026-03-20_22-11-58/7,,False,rcmc_grid,"[""maya4"", ""rcmc_compression"", ""scale_hyperprior""]",SHyp-GDN | MAYA4DirDataModule | slc | sq,"{""_runtime"": 15903, ""_step"": 500001, ""_timestamp"": 1774109450.1414323, ""epoch"": 100, ""fixed_patch/reconstruction"": {""_type"": ""image-file"", ""format"": ""png"", ""height"": 600, ""path"": ""media/images/fixed_patch/reconstruction_500000_09706adbb4d494dd686a.png"", ""sha256"": ""09706adbb4d494dd686ad2e52d593b970635efc12be84ea353163bb2f29047bd"", ""size"": 1486986, ""width"": 2000}, ""test/aux"": 50.8081169128418, ""test/coherence"": 0.08148987591266632, ""test/complex_corr_mean"": 0.91851007938385, ""test/complex_corr_std"": ""NaN"", ""test/distortion"": 0.2106137722730637, ""test/kde"": 0.07194236665964127, ""test/loss"": 2.819939613342285, ""test/mse"": 0.05718149617314339, ""test/phase_err_mean"": 0.06835918873548508, ""test/phase_err_std"": ""NaN"", ""test/psnr_amp"": 24.869544982910156, ""test/rate"": 0.7138015031814575, ""test/ssim_amp"": 0.5557893514633179, ""train/aux"": 55.2318115234375, ""train/coherence"": 0.09289993345737456, ""train/distortion"": 0.18216784298419952, ""train/grad_norm_g_a"": 2.7210264205932617, ""train/grad_norm_g_s"": 2.0352957248687744, ""train/grad_norm_h_a"": 0.05074302852153778, ""train/grad_norm_h_s"": 0.018791377544403076, ""train/kde"": 0.010209104046225548, ""train/loss"": 2.6612749099731445, ""train/lr"": 4.999999873689376e-05, ""train/mse"": 0.07905881106853485, ""train/rate"": 0.8395963907241821, ""trainer/global_step"": 250000, ""val_batch/coherence_loss"": 0.03139340877532959, ""val_batch/correlation_metric_mean"": 0.9686065912246704, ""val_batch/correlation_metric_std"": ""NaN"", ""val_batch/kde_loss"": 0.3835655450820923, ""val_batch/phase_error"": 0.017435014247894287, ""val_batch/psnr_slc"": 20.735137939453125, ""val_batch/reconstructions"": {""_type"": ""image-file"", ""format"": ""png"", ""height"": 1700, ""path"": ""media/images/val_batch/reconstructions_490101_a44d2295052462fcb5f5.png"", ""sha256"": ""a44d2295052462fcb5f54a1ceb928eb369013bf51ed4dcc58fc47a212f9ecd9f"", ""size"": 1561300, ""width"": 500}, ""val_batch/ssim_slc"": 0.37156763672828674, ""val_batch/x_hat_histogram"": {""_type"": ""histogram""}, ""valid/aux"": 51.912689208984375, ""valid/coherence"": 0.10341214388608932, ""valid/complex_corr_mean"": 0.8965880274772644, ""valid/complex_corr_std"": ""NaN"", ""valid/distortion"": 0.2827779948711395, ""valid/kde"": 0.07207995653152466, ""valid/loss"": 3.604403018951416, ""valid/mse"": 0.10728583484888075, ""valid/phase_err_mean"": 0.09468340873718262, ""valid/phase_err_std"": ""NaN"", ""valid/psnr_amp"": 27.896276473999023, ""valid/rate"": 0.7766231894493103, ""valid/rd_scatter_table"": {""_latest_artifact_path"": ""wandb-client-artifact://2s8dtnxgb2y8i2y4vb34a2l4wwvjlcwdsg22fwfnaz1unbywpx4lak5guj5dzrho39ywjtzn6kzopomd3jtag8adii9yuonmvsesxq7poptu9fz7x19dgpocj1pijmdx:latest/valid/rd_scatter_table.table.json"", ""_type"": ""table-file"", ""artifact_path"": ""wandb-client-artifact://lnr1jlihqf4r33i04vy04916nz7o4b50hpceosowagzkljbyv0r79s40c6j9ovypdugrpq7wr1ae11bhhg6kchzho2a6bqadiuv9b6uuprdbjw89mhurh47bjtxki1nk/valid/rd_scatter_table.table.json"", ""log_mode"": ""IMMUTABLE"", ""ncols"": 3, ""nrows"": 51, ""path"": ""media/table/valid/rd_scatter_table_500000_f141f6be726a29de47ca.table.json"", ""sha256"": ""f141f6be726a29de47caff49895e742f88a14839494c7a3567c452463eedc7ae"", ""size"": 2415}, ""valid/ssim_amp"": 0.5499891638755798}","{""azimuth_buffer"": 512, ""callbacks"": {""early_stopping"": {""_target_"": ""lightning.pytorch.callbacks.EarlyStopping"", ""check_finite"": true, ""check_on_train_epoch_end"": false, ""divergence_threshold"": null, ""min_delta"": 0, ""mode"": ""min"", ""monitor"": ""valid/loss"", ""patience"": 10, ""stopping_threshold"": null, ""strict"": true, ""verbose"": false}, ""model_checkpoint"": {""_target_"": ""lightning.pytorch.callbacks.ModelCheckpoint"", ""auto_insert_metric_name"": false, ""dirpath"": ""/lustre/projects/1001/rdelprete/MAYA_DC/logs/default/multiruns/2026-03-20_22-11-58/7/checkpoints"", ""every_n_epochs"": null, ""every_n_train_steps"": null, ""filename"": ""epoch_{epoch:03d}_loss_{valid/loss:.4f}"", ""mode"": ""min"", ""monitor"": ""valid/loss"", ""save_last"": true, ""save_on_train_epoch_end"": null, ""save_top_k"": 1, ""save_weights_only"": false, ""train_time_interval"": null, ""verbose"": false}, ""model_summary"": {""_target_"": ""lightning.pytorch.callbacks.RichModelSummary"", ""max_depth"": 2}, ""monitor_fix_patch"": {""verbose"": true}, ""monitor_fixed_patch"": {""_target_"": ""src.callbacks.monitor_fixed_patch.MonitorFixedPatch"", ""clip_factor"": 3, ""log_every_n_epochs"": 1, ""patch_json"": ""data/fixed_patches/s1c-s6-raw-s-vv-20250422t061414-20250422t061446-002002-0040d4.json"", ""verbose"": false}, ""monitor_val_recon"": {""_target_"": ""src.callbacks.monitor_val_reconstruction.MonitorValReconstruction"", ""clip_factor"": 3, ""log_every_n_epochs"": 1, ""num_images"": 3, ""verbose"": true}, ""rich_progress_bar"": {""_target_"": ""lightning.pytorch.callbacks.RichProgressBar""}, ""wandb_osh"": {""_target_"": ""wandb_osh.lightning_hooks.TriggerWandbSyncLightningCallback""}}, ""ckpt_path"": null, ""data"": {""_target_"": ""src.data.maya4_dir_datamodule.MAYA4DirDataModule"", ""azimuth_buffer"": 512, ""batch_size"": 4, ""max_products_test"": 2, ""max_products_train"": 10, ""max_products_val"": 2, ""num_workers"": 16, ""online"": false, ""patch_size"": [512, 512], ""pin_memory"": true, ""samples_per_prod"": 1000, ""test_dir"": ""/lustre/projects/1001/rdelprete/SSM/data/ssm_dataset/focused/PT3"", ""train_dir"": ""/lustre/projects/1001/rdelprete/SSM/data/ssm_dataset/focused/PT1"", ""val_dir"": ""/lustre/projects/1001/rdelprete/SSM/data/ssm_dataset/focused/PT2""}, ""determinism"": true, ""experiment_name"": ""rcmc_compress_baseline"", ""extras"": {""enforce_tags"": true, ""ignore_warnings"": false, ""print_config"": true}, ""logger"": {""wandb"": {""_target_"": ""lightning.pytorch.loggers.wandb.WandbLogger"", ""anonymous"": null, ""entity"": ""cedric-leonard"", ""group"": ""rcmc_grid"", ""id"": null, ""job_type"": """", ""log_model"": false, ""offline"": true, ""prefix"": """", ""project"": ""MAYA_DC"", ""save_dir"": ""/lustre/projects/1001/rdelprete/MAYA_DC/logs/default/multiruns/2026-03-20_22-11-58/7"", ""tags"": []}}, ""model"": {""_target_"": ""src.models.rcmc_compress_module.RCMCDCmodule"", ""aux_optimizer"": {""_partial_"": true, ""_target_"": ""torch.optim.Adam"", ""lr"": 0.001}, ""azimuth_buffer"": 512, ""compile"": false, ""criterion"": {""_target_"": ""src.models.components.losses.CompoundCompressionLoss"", ""azimuth_buffer"": 512, ""delta_coherence"": 1, ""delta_kde"": 1, ""lmbda"": 10, ""num_kde_bins"": 100, ""patch_size"": [512, 512]}, ""gradient_clip_norm"": 1, ""net"": {""_target_"": ""src.models.components.scale_hyperprior.ScaleHyperprior"", ""activation"": ""gdn"", ""nb_channels_latent"": 256, ""nb_channels_main"": 128, ""nb_input_channels"": 2}, ""net_optimizer"": {""_partial_"": true, ""_target_"": ""torch.optim.Adam"", ""betas"": [0.9, 0.999], ""lr"": 0.0001}, ""scheduler"": {""_partial_"": true, ""_target_"": ""torch.optim.lr_scheduler.ReduceLROnPlateau"", ""factor"": 0.5, ""mode"": ""min"", ""patience"": 5}, ""training_mode"": ""slc""}, ""model/params/non_trainable"": 0, ""model/params/total"": 5626626, ""model/params/trainable"": 5626626, ""patch_size"": [512, 512], ""paths"": {""data_dir"": ""/lustre/projects/1001/rdelprete/MAYA_DC/data/"", ""log_dir"": ""/lustre/projects/1001/rdelprete/MAYA_DC/logs/"", ""output_dir"": ""/lustre/projects/1001/rdelprete/MAYA_DC/logs/default/multiruns/2026-03-20_22-11-58/7"", ""root_dir"": ""/lustre/projects/1001/rdelprete/MAYA_DC"", ""work_dir"": ""/lustre/home/u10010007""}, ""seed"": 42, ""tags"": [""rcmc_compression"", ""scale_hyperprior"", ""maya4""], ""task_name"": ""default"", ""test"": true, ""train"": true, ""trainer"": {""_target_"": ""lightning.pytorch.trainer.Trainer"", ""accelerator"": ""gpu"", ""check_val_every_n_epoch"": 2, ""default_root_dir"": ""/lustre/projects/1001/rdelprete/MAYA_DC/logs/default/multiruns/2026-03-20_22-11-58/7"", ""deterministic"": false, ""devices"": 4, ""max_epochs"": 100, ""min_epochs"": 1, ""num_nodes"": 1, ""precision"": ""32-true"", ""strategy"": ""ddp_find_unused_parameters_true"", ""sync_batchnorm"": true}}"
3pwd647m,SHP-gdn_s42_L10_slc_buf512_Compound_lr5e-05_b4_10000p,finished,https://wandb.ai/cedric-leonard/MAYA_DC/runs/3pwd647m,2026-03-21T16:16:59Z,cedric-leonard,MAYA_DC,42.0,10.0,slc,512.0,src.models.components.scale_hyperprior.ScaleHyperprior,ScaleHyperprior,SHyp,gdn,GDN,src.data.maya4_dir_datamodule.MAYA4DirDataModule,MAYA4DirDataModule,MAYA4DirDataModule,src.models.components.losses.CompoundCompressionLoss,Compound,/lustre/projects/1001/rdelprete/MAYA_DC/logs/default/multiruns/2026-03-20_22-11-58/8,,False,rcmc_grid,"[""maya4"", ""rcmc_compression"", ""scale_hyperprior""]",SHyp-GDN | MAYA4DirDataModule | slc | sq,"{""_runtime"": 16206, ""_step"": 500001, ""_timestamp"": 1774125657.2687995, ""epoch"": 100, ""fixed_patch/reconstruction"": {""_type"": ""image-file"", ""format"": ""png"", ""height"": 600, ""path"": ""media/images/fixed_patch/reconstruction_500000_9b7e25663215a5e848bc.png"", ""sha256"": ""9b7e25663215a5e848bcd3c3b3bc9639aa24917a445908f96a0f9b0ba5b59a96"", ""size"": 1493783, ""width"": 2000}, ""test/aux"": 48.90298843383789, ""test/coherence"": 0.08921545743942261, ""test/complex_corr_mean"": 0.9107844829559326, ""test/complex_corr_std"": ""NaN"", ""test/distortion"": 0.23972678184509277, ""test/kde"": 0.08802223950624466, ""test/loss"": 3.048903226852417, ""test/mse"": 0.06248913332819939, ""test/phase_err_mean"": 0.07262469828128815, ""test/phase_err_std"": ""NaN"", ""test/psnr_amp"": 24.599109649658203, ""test/rate"": 0.6516351699829102, ""test/ssim_amp"": 0.5204505324363708, ""train/aux"": 45.51885223388672, ""train/coherence"": 0.10152146220207214, ""train/distortion"": 0.19851495325565335, ""train/grad_norm_g_a"": 3.058600664138794, ""train/grad_norm_g_s"": 2.1638190746307373, ""train/grad_norm_h_a"": 0.08049610257148743, ""train/grad_norm_h_s"": 0.04401588067412376, ""train/kde"": 0.010211792774498464, ""train/loss"": 2.790287494659424, ""train/lr"": 4.999999873689376e-05, ""train/mse"": 0.08678168803453445, ""train/rate"": 0.8051379919052124, ""trainer/global_step"": 250000, ""val_batch/coherence_loss"": 0.03212374448776245, ""val_batch/correlation_metric_mean"": 0.9678763747215272, ""val_batch/correlation_metric_std"": ""NaN"", ""val_batch/kde_loss"": 0.4008049964904785, ""val_batch/phase_error"": 0.017786920070648193, ""val_batch/psnr_slc"": 20.668231964111328, ""val_batch/reconstructions"": {""_type"": ""image-file"", ""format"": ""png"", ""height"": 1700, ""path"": ""media/images/val_batch/reconstructions_490101_76f28f65decd597ae774.png"", ""sha256"": ""76f28f65decd597ae77434597e94c272d324775982643aeb2b61d1470da8a5f1"", ""size"": 1586191, ""width"": 500}, ""val_batch/ssim_slc"": 0.3530910015106201, ""val_batch/x_hat_histogram"": {""_type"": ""histogram""}, ""valid/aux"": 44.97908020019531, ""valid/coherence"": 0.11433343589305878, ""valid/complex_corr_mean"": 0.8856667876243591, ""valid/complex_corr_std"": ""NaN"", ""valid/distortion"": 0.31992459297180176, ""valid/kde"": 0.08756377547979355, ""valid/loss"": 3.9085233211517334, ""valid/mse"": 0.11802737414836884, ""valid/phase_err_mean"": 0.10082270950078964, ""valid/phase_err_std"": ""NaN"", ""valid/psnr_amp"": 27.587100982666016, ""valid/rate"": 0.7092778086662292, ""valid/rd_scatter_table"": {""_latest_artifact_path"": ""wandb-client-artifact://4yxm3xyxgjglp6nw7tsnnbzaqxyuyerjkb2zpussdgmh3k6i2rgbmlq4l4huxj461grv7c7yfl2duggftspq97v65zzrm44ufyvxztc0zhfi05agcqotr6lwlb03xp0l:latest/valid/rd_scatter_table.table.json"", ""_type"": ""table-file"", ""artifact_path"": ""wandb-client-artifact://a23wkh9ht28ybxc7l0x7vpjubj8h05mmmh0e6sm6xqj2q88wwm2sqz7y5dj0eifxq7epkhzks8cpcrbpgerszu1xtlgnwylruedwbjnvkfifirgvzsgfedeb5a7gfcmc/valid/rd_scatter_table.table.json"", ""log_mode"": ""IMMUTABLE"", ""ncols"": 3, ""nrows"": 51, ""path"": ""media/table/valid/rd_scatter_table_500000_e246664c427350f3a6a4.table.json"", ""sha256"": ""e246664c427350f3a6a4a3e827c65cea15f9353824500a9d5d7d501f886b15b6"", ""size"": 2427}, ""valid/ssim_amp"": 0.5135063529014587}","{""azimuth_buffer"": 512, ""callbacks"": {""early_stopping"": {""_target_"": ""lightning.pytorch.callbacks.EarlyStopping"", ""check_finite"": true, ""check_on_train_epoch_end"": false, ""divergence_threshold"": null, ""min_delta"": 0, ""mode"": ""min"", ""monitor"": ""valid/loss"", ""patience"": 10, ""stopping_threshold"": null, ""strict"": true, ""verbose"": false}, ""model_checkpoint"": {""_target_"": ""lightning.pytorch.callbacks.ModelCheckpoint"", ""auto_insert_metric_name"": false, ""dirpath"": ""/lustre/projects/1001/rdelprete/MAYA_DC/logs/default/multiruns/2026-03-20_22-11-58/8/checkpoints"", ""every_n_epochs"": null, ""every_n_train_steps"": null, ""filename"": ""epoch_{epoch:03d}_loss_{valid/loss:.4f}"", ""mode"": ""min"", ""monitor"": ""valid/loss"", ""save_last"": true, ""save_on_train_epoch_end"": null, ""save_top_k"": 1, ""save_weights_only"": false, ""train_time_interval"": null, ""verbose"": false}, ""model_summary"": {""_target_"": ""lightning.pytorch.callbacks.RichModelSummary"", ""max_depth"": 2}, ""monitor_fix_patch"": {""verbose"": true}, ""monitor_fixed_patch"": {""_target_"": ""src.callbacks.monitor_fixed_patch.MonitorFixedPatch"", ""clip_factor"": 3, ""log_every_n_epochs"": 1, ""patch_json"": ""data/fixed_patches/s1c-s6-raw-s-vv-20250422t061414-20250422t061446-002002-0040d4.json"", ""verbose"": false}, ""monitor_val_recon"": {""_target_"": ""src.callbacks.monitor_val_reconstruction.MonitorValReconstruction"", ""clip_factor"": 3, ""log_every_n_epochs"": 1, ""num_images"": 3, ""verbose"": true}, ""rich_progress_bar"": {""_target_"": ""lightning.pytorch.callbacks.RichProgressBar""}, ""wandb_osh"": {""_target_"": ""wandb_osh.lightning_hooks.TriggerWandbSyncLightningCallback""}}, ""ckpt_path"": null, ""data"": {""_target_"": ""src.data.maya4_dir_datamodule.MAYA4DirDataModule"", ""azimuth_buffer"": 512, ""batch_size"": 4, ""max_products_test"": 2, ""max_products_train"": 10, ""max_products_val"": 2, ""num_workers"": 16, ""online"": false, ""patch_size"": [512, 512], ""pin_memory"": true, ""samples_per_prod"": 1000, ""test_dir"": ""/lustre/projects/1001/rdelprete/SSM/data/ssm_dataset/focused/PT3"", ""train_dir"": ""/lustre/projects/1001/rdelprete/SSM/data/ssm_dataset/focused/PT1"", ""val_dir"": ""/lustre/projects/1001/rdelprete/SSM/data/ssm_dataset/focused/PT2""}, ""determinism"": true, ""experiment_name"": ""rcmc_compress_baseline"", ""extras"": {""enforce_tags"": true, ""ignore_warnings"": false, ""print_config"": true}, ""logger"": {""wandb"": {""_target_"": ""lightning.pytorch.loggers.wandb.WandbLogger"", ""anonymous"": null, ""entity"": ""cedric-leonard"", ""group"": ""rcmc_grid"", ""id"": null, ""job_type"": """", ""log_model"": false, ""offline"": true, ""prefix"": """", ""project"": ""MAYA_DC"", ""save_dir"": ""/lustre/projects/1001/rdelprete/MAYA_DC/logs/default/multiruns/2026-03-20_22-11-58/8"", ""tags"": []}}, ""model"": {""_target_"": ""src.models.rcmc_compress_module.RCMCDCmodule"", ""aux_optimizer"": {""_partial_"": true, ""_target_"": ""torch.optim.Adam"", ""lr"": 0.001}, ""azimuth_buffer"": 512, ""compile"": false, ""criterion"": {""_target_"": ""src.models.components.losses.CompoundCompressionLoss"", ""azimuth_buffer"": 512, ""delta_coherence"": 1, ""delta_kde"": 1, ""lmbda"": 10, ""num_kde_bins"": 100, ""patch_size"": [512, 512]}, ""gradient_clip_norm"": 1, ""net"": {""_target_"": ""src.models.components.scale_hyperprior.ScaleHyperprior"", ""activation"": ""gdn"", ""nb_channels_latent"": 256, ""nb_channels_main"": 128, ""nb_input_channels"": 2}, ""net_optimizer"": {""_partial_"": true, ""_target_"": ""torch.optim.Adam"", ""betas"": [0.9, 0.999], ""lr"": 5e-05}, ""scheduler"": {""_partial_"": true, ""_target_"": ""torch.optim.lr_scheduler.ReduceLROnPlateau"", ""factor"": 0.5, ""mode"": ""min"", ""patience"": 5}, ""training_mode"": ""slc""}, ""model/params/non_trainable"": 0, ""model/params/total"": 5626626, ""model/params/trainable"": 5626626, ""patch_size"": [512, 512], ""paths"": {""data_dir"": ""/lustre/projects/1001/rdelprete/MAYA_DC/data/"", ""log_dir"": ""/lustre/projects/1001/rdelprete/MAYA_DC/logs/"", ""output_dir"": ""/lustre/projects/1001/rdelprete/MAYA_DC/logs/default/multiruns/2026-03-20_22-11-58/8"", ""root_dir"": ""/lustre/projects/1001/rdelprete/MAYA_DC"", ""work_dir"": ""/lustre/home/u10010007""}, ""seed"": 42, ""tags"": [""rcmc_compression"", ""scale_hyperprior"", ""maya4""], ""task_name"": ""default"", ""test"": true, ""train"": true, ""trainer"": {""_target_"": ""lightning.pytorch.trainer.Trainer"", ""accelerator"": ""gpu"", ""check_val_every_n_epoch"": 2, ""default_root_dir"": ""/lustre/projects/1001/rdelprete/MAYA_DC/logs/default/multiruns/2026-03-20_22-11-58/8"", ""deterministic"": false, ""devices"": 4, ""max_epochs"": 100, ""min_epochs"": 1, ""num_nodes"": 1, ""precision"": ""32-true"", ""strategy"": ""ddp_find_unused_parameters_true"", ""sync_batchnorm"": true}}"
538oysk2,SHP-gdn_s0_L15_slc_buf512_Compound_lr0.0001_b4_10000p,finished,https://wandb.ai/cedric-leonard/MAYA_DC/runs/538oysk2,2026-03-25T09:13:10Z,cedric-leonard,MAYA_DC,0.0,15.0,slc,512.0,src.models.components.scale_hyperprior.ScaleHyperprior,ScaleHyperprior,SHyp,gdn,GDN,src.data.maya4_dir_datamodule.MAYA4DirDataModule,MAYA4DirDataModule,MAYA4DirDataModule,src.models.components.losses.CompoundCompressionLoss,Compound,/lustre/projects/1001/rdelprete/MAYA_DC/logs/default/multiruns/2026-03-24_17-14-16_non_square/lmbda_15_seed_0,,True,rcmc_grid_non_square,"[""maya4"", ""rcmc_compression"", ""scale_hyperprior""]",SHyp-GDN | MAYA4DirDataModule | slc | nsk,"{""_runtime"": 3086, ""_step"": 80001, ""_timestamp"": 1774418799.099332, ""epoch"": 16, ""fixed_patch/reconstruction"": {""_type"": ""image-file"", ""format"": ""png"", ""height"": 600, ""path"": ""media/images/fixed_patch/reconstruction_80000_b6b927d892c36c06d43c.png"", ""sha256"": ""b6b927d892c36c06d43c720b5dc2f4fce7c7a5ab67216781eed800d2febe0654"", ""size"": 1509519, ""width"": 2000}, ""test/aux"": 11436.0029296875, ""test/coherence"": 0.15197856724262238, ""test/complex_corr_mean"": 0.848021388053894, ""test/complex_corr_std"": ""NaN"", ""test/distortion"": 0.4026775658130646, ""test/kde"": 0.14618517458438873, ""test/loss"": 6.369904518127441, ""test/mse"": 0.10451377928256989, ""test/phase_err_mean"": 0.1070517674088478, ""test/phase_err_std"": ""NaN"", ""test/psnr_amp"": 22.78747177124023, ""test/rate"": 0.3297397792339325, ""test/ssim_amp"": 0.2330401986837387, ""train/aux"": 17.07386016845703, ""train/coherence"": 0.14101946353912354, ""train/distortion"": 0.2923896014690399, ""train/grad_norm_g_a"": 20.966543197631836, ""train/grad_norm_g_s"": 11.416990280151367, ""train/grad_norm_h_a"": 0.05743458494544029, ""train/grad_norm_h_s"": 0.02142024226486683, ""train/kde"": 0.0282154381275177, ""train/loss"": 5.06598424911499, ""train/lr"": 4.999999873689376e-05, ""train/mse"": 0.12315468490123747, ""train/rate"": 0.6801401972770691, ""trainer/global_step"": 40000, ""val_batch/coherence_loss"": 0.04005342721939087, ""val_batch/correlation_metric_mean"": 0.9599465727806092, ""val_batch/correlation_metric_std"": ""NaN"", ""val_batch/kde_loss"": 0.2469404935836792, ""val_batch/phase_error"": 0.02149444818496704, ""val_batch/psnr_slc"": 19.97421646118164, ""val_batch/reconstructions"": {""_type"": ""image-file"", ""format"": ""png"", ""height"": 1700, ""path"": ""media/images/val_batch/reconstructions_75051_ef8b92e83951d51267e0.png"", ""sha256"": ""ef8b92e83951d51267e07357e60e1d555d07df31b59270255e2a5372fb3c13a4"", ""size"": 1531381, ""width"": 500}, ""val_batch/ssim_slc"": 0.2701278328895569, ""val_batch/x_hat_histogram"": {""_type"": ""histogram""}, ""valid/aux"": 16.870479583740234, ""valid/coherence"": 0.15943127870559692, ""valid/complex_corr_mean"": 0.8405689597129822, ""valid/complex_corr_std"": ""NaN"", ""valid/distortion"": 0.544069230556488, ""valid/kde"": 0.22677193582057953, ""valid/loss"": 8.63513469696045, ""valid/mse"": 0.15786585211753845, ""valid/phase_err_mean"": 0.11936742812395096, ""valid/phase_err_std"": ""NaN"", ""valid/psnr_amp"": 26.386444091796875, ""valid/rate"": 0.47410014271736145, ""valid/rd_scatter_table"": {""_latest_artifact_path"": ""wandb-client-artifact://gdw8n48dzx2via22oaqwes1mkh424io9ufb0upqrfvjetpcktztxfbx5lzih59h8d03ph7j0chtdj1uurfk3r0t1frryoz58siqym3r86u6ws3eimdr6fo857x9voy39:latest/valid/rd_scatter_table.table.json"", ""_type"": ""table-file"", ""artifact_path"": ""wandb-client-artifact://nphaz7bdx0nyg46dapqyhnmbdwre393ru978wx5kjhlcoflv9v0jmi5mh0bubd78oeenwpjusr6ey073v81a9rjoun3khkoaevmaseuxrszme4v8emye3g5imbafi9de/valid/rd_scatter_table.table.json"", ""log_mode"": ""IMMUTABLE"", ""ncols"": 3, ""nrows"": 17, ""path"": ""media/table/valid/rd_scatter_table_80000_5467a40bcd6ae9c48206.table.json"", ""sha256"": ""5467a40bcd6ae9c48206480ae1845a1485319b0463902c31c75649b728e7cbb0"", ""size"": 833}, ""valid/ssim_amp"": 0.3303411900997162}","{""azimuth_buffer"": 512, ""callbacks"": {""early_stopping"": {""_target_"": ""lightning.pytorch.callbacks.EarlyStopping"", ""check_finite"": true, ""check_on_train_epoch_end"": false, ""divergence_threshold"": null, ""min_delta"": 0, ""mode"": ""min"", ""monitor"": ""valid/loss"", ""patience"": 10, ""stopping_threshold"": null, ""strict"": true, ""verbose"": false}, ""model_checkpoint"": {""_target_"": ""lightning.pytorch.callbacks.ModelCheckpoint"", ""auto_insert_metric_name"": false, ""dirpath"": ""/lustre/projects/1001/rdelprete/MAYA_DC/logs/default/multiruns/2026-03-24_17-14-16_non_square/lmbda_15_seed_0/checkpoints"", ""every_n_epochs"": null, ""every_n_train_steps"": null, ""filename"": ""epoch_{epoch:03d}_loss_{valid/loss:.4f}"", ""mode"": ""min"", ""monitor"": ""valid/loss"", ""save_last"": true, ""save_on_train_epoch_end"": null, ""save_top_k"": 1, ""save_weights_only"": false, ""train_time_interval"": null, ""verbose"": false}, ""model_summary"": {""_target_"": ""lightning.pytorch.callbacks.RichModelSummary"", ""max_depth"": 2}, ""monitor_fix_patch"": {""verbose"": true}, ""monitor_fixed_patch"": {""_target_"": ""src.callbacks.monitor_fixed_patch.MonitorFixedPatch"", ""clip_factor"": 3, ""log_every_n_epochs"": 1, ""patch_json"": ""data/fixed_patches/s1c-s6-raw-s-vv-20250422t061414-20250422t061446-002002-0040d4.json"", ""verbose"": false}, ""monitor_val_recon"": {""_target_"": ""src.callbacks.monitor_val_reconstruction.MonitorValReconstruction"", ""clip_factor"": 3, ""log_every_n_epochs"": 1, ""num_images"": 3, ""verbose"": true}, ""rich_progress_bar"": {""_target_"": ""lightning.pytorch.callbacks.RichProgressBar""}, ""wandb_osh"": {""_target_"": ""wandb_osh.lightning_hooks.TriggerWandbSyncLightningCallback""}}, ""ckpt_path"": null, ""data"": {""_target_"": ""src.data.maya4_dir_datamodule.MAYA4DirDataModule"", ""azimuth_buffer"": 512, ""batch_size"": 4, ""max_products_test"": 2, ""max_products_train"": 10, ""max_products_val"": 2, ""num_workers"": 4, ""online"": false, ""patch_size"": [512, 512], ""pin_memory"": true, ""samples_per_prod"": 1000, ""test_dir"": ""/lustre/projects/1001/rdelprete/SSM/data/ssm_dataset/focused/PT3"", ""train_dir"": ""/lustre/projects/1001/rdelprete/SSM/data/ssm_dataset/focused/PT1"", ""val_dir"": ""/lustre/projects/1001/rdelprete/SSM/data/ssm_dataset/focused/PT2""}, ""determinism"": true, ""experiment_name"": ""rcmc_compress_baseline"", ""extras"": {""enforce_tags"": true, ""ignore_warnings"": false, ""print_config"": true}, ""lambda"": 15, ""logger"": {""wandb"": {""_target_"": ""lightning.pytorch.loggers.wandb.WandbLogger"", ""anonymous"": null, ""entity"": ""cedric-leonard"", ""group"": ""rcmc_grid_non_square"", ""id"": null, ""job_type"": """", ""log_model"": false, ""offline"": true, ""prefix"": """", ""project"": ""MAYA_DC"", ""save_dir"": ""/lustre/projects/1001/rdelprete/MAYA_DC/logs/default/multiruns/2026-03-24_17-14-16_non_square/lmbda_15_seed_0"", ""tags"": []}}, ""model"": {""_target_"": ""src.models.rcmc_compress_module.RCMCDCmodule"", ""aux_optimizer"": {""_partial_"": true, ""_target_"": ""torch.optim.Adam"", ""lr"": 0.001}, ""azimuth_buffer"": 512, ""compile"": false, ""criterion"": {""_target_"": ""src.models.components.losses.CompoundCompressionLoss"", ""azimuth_buffer"": 512, ""delta_coherence"": 1, ""delta_kde"": 1, ""lmbda"": 15, ""num_kde_bins"": 100, ""patch_size"": [512, 512]}, ""gradient_clip_norm"": 1, ""net"": {""_target_"": ""src.models.components.scale_hyperprior.ScaleHyperprior"", ""activation"": ""gdn"", ""nb_channels_latent"": 256, ""nb_channels_main"": 128, ""nb_input_channels"": 2, ""non_square_kernels"": true}, ""net_optimizer"": {""_partial_"": true, ""_target_"": ""torch.optim.Adam"", ""betas"": [0.9, 0.999], ""lr"": 0.0001}, ""scheduler"": {""_partial_"": true, ""_target_"": ""torch.optim.lr_scheduler.ReduceLROnPlateau"", ""factor"": 0.5, ""mode"": ""min"", ""patience"": 5}, ""training_mode"": ""slc""}, ""model/params/non_trainable"": 0, ""model/params/total"": 16662274, ""model/params/trainable"": 16662274, ""patch_size"": [512, 512], ""paths"": {""data_dir"": ""/lustre/projects/1001/rdelprete/MAYA_DC/data/"", ""log_dir"": ""/lustre/projects/1001/rdelprete/MAYA_DC/logs/"", ""output_dir"": ""/lustre/projects/1001/rdelprete/MAYA_DC/logs/default/multiruns/2026-03-24_17-14-16_non_square/lmbda_15_seed_0"", ""root_dir"": ""/lustre/projects/1001/rdelprete/MAYA_DC"", ""work_dir"": ""/lustre/home/u10010007""}, ""seed"": 0, ""tags"": [""rcmc_compression"", ""scale_hyperprior"", ""maya4""], ""task_name"": ""default"", ""test"": true, ""train"": true, ""trainer"": {""_target_"": ""lightning.pytorch.trainer.Trainer"", ""accelerator"": ""gpu"", ""check_val_every_n_epoch"": 1, ""default_root_dir"": ""/lustre/projects/1001/rdelprete/MAYA_DC/logs/default/multiruns/2026-03-24_17-14-16_non_square/lmbda_15_seed_0"", ""deterministic"": false, ""devices"": 4, ""max_epochs"": 30, ""min_epochs"": 1, ""num_nodes"": 1, ""precision"": ""32-true"", ""strategy"": ""ddp_find_unused_parameters_true"", ""sync_batchnorm"": true}}"
ky9s6v15,SHP-gdn_s0_L15_slc_buf512_Compound_lr0.0001_b4_10000p,finished,https://wandb.ai/cedric-leonard/MAYA_DC/runs/ky9s6v15,2026-03-25T10:02:20Z,cedric-leonard,MAYA_DC,0.0,15.0,slc,512.0,src.models.components.scale_hyperprior.ScaleHyperprior,ScaleHyperprior,SHyp,gdn,GDN,src.data.maya4_dir_datamodule.MAYA4DirDataModule,MAYA4DirDataModule,MAYA4DirDataModule,src.models.components.losses.CompoundCompressionLoss,Compound,/lustre/projects/1001/rdelprete/MAYA_DC/logs/default/multiruns/2026-03-24_15-29-55/lmbda_15_seed_0,,False,rcmc_grid,"[""maya4"", ""rcmc_compression"", ""scale_hyperprior""]",SHyp-GDN | MAYA4DirDataModule | slc | sq,"{""_runtime"": 4786, ""_step"": 150001, ""_timestamp"": 1774371279.2010713, ""epoch"": 30, ""fixed_patch/reconstruction"": {""_type"": ""image-file"", ""format"": ""png"", ""height"": 600, ""path"": ""media/images/fixed_patch/reconstruction_150000_bfbbf7b11948cf920a28.png"", ""sha256"": ""bfbbf7b11948cf920a282d06485fa8967eb917d208d72f2f52650664e60c67a1"", ""size"": 1503661, ""width"": 2000}, ""test/aux"": 34.36415481567383, ""test/coherence"": 0.09570194780826569, ""test/complex_corr_mean"": 0.9042978882789612, ""test/complex_corr_std"": ""NaN"", ""test/distortion"": 0.20972594618797305, ""test/kde"": 0.04646986722946167, ""test/loss"": 3.914353609085083, ""test/mse"": 0.06755423545837402, ""test/phase_err_mean"": 0.07766853272914886, ""test/phase_err_std"": ""NaN"", ""test/psnr_amp"": 24.341794967651367, ""test/rate"": 0.7684628963470459, ""test/ssim_amp"": 0.514891505241394, ""train/aux"": 32.85162353515625, ""train/coherence"": 0.06900973618030548, ""train/distortion"": 0.12934336066246033, ""train/grad_norm_g_a"": 10.726694107055664, ""train/grad_norm_g_s"": 9.016886711120604, ""train/grad_norm_h_a"": 0.14362533390522003, ""train/grad_norm_h_s"": 0.04748355597257614, ""train/kde"": 0.016122184693813324, ""train/loss"": 2.7065529823303223, ""train/lr"": 9.999999747378752e-05, ""train/mse"": 0.04421144723892212, ""train/rate"": 0.7664026021957397, ""trainer/global_step"": 75000, ""val_batch/coherence_loss"": 0.035185039043426514, ""val_batch/correlation_metric_mean"": 0.9648149609565736, ""val_batch/correlation_metric_std"": ""NaN"", ""val_batch/kde_loss"": 0.17857812345027924, ""val_batch/phase_error"": 0.01949441432952881, ""val_batch/psnr_slc"": 20.393064498901367, ""val_batch/reconstructions"": {""_type"": ""image-file"", ""format"": ""png"", ""height"": 1700, ""path"": ""media/images/val_batch/reconstructions_145051_516d8173945680acfca0.png"", ""sha256"": ""516d8173945680acfca09d04e5889e7858fba89d03f0ace7a1e86bc8f71d47c6"", ""size"": 1576807, ""width"": 500}, ""val_batch/ssim_slc"": 0.3803962171077728, ""val_batch/x_hat_histogram"": {""_type"": ""histogram""}, ""valid/aux"": 32.46171569824219, ""valid/coherence"": 0.12155808508396149, ""valid/complex_corr_mean"": 0.8784418702125549, ""valid/complex_corr_std"": ""NaN"", ""valid/distortion"": 0.30756065249443054, ""valid/kde"": 0.05937321484088898, ""valid/loss"": 5.438709735870361, ""valid/mse"": 0.1266293227672577, ""valid/phase_err_mean"": 0.10499679297208786, ""valid/phase_err_std"": ""NaN"", ""valid/psnr_amp"": 27.39702796936035, ""valid/rate"": 0.8253015279769897, ""valid/rd_scatter_table"": {""_latest_artifact_path"": ""wandb-client-artifact://0lub9wa1ylxaw1eah4ynsnn95o3m5fh9ewskf990wnsq9ask2tqj4g6tj84x6e606naql6eptuqy8zoitrw6uxedjzwdpduh58r31ys7frma247788hema40u21cbl0b:latest/valid/rd_scatter_table.table.json"", ""_type"": ""table-file"", ""artifact_path"": ""wandb-client-artifact://dw9z0hmgfrn5h7sity06tw7y50koluxz1k6tx64weyn8m3u0xjh7pq39p4vsylk8d062yhdzumdukl9rkd7wd2fspkibksxcs2are69urazb72rao7drjoj7muwz5agv/valid/rd_scatter_table.table.json"", ""log_mode"": ""IMMUTABLE"", ""ncols"": 3, ""nrows"": 31, ""path"": ""media/table/valid/rd_scatter_table_150000_8a47dfab22627c0537c5.table.json"", ""sha256"": ""8a47dfab22627c0537c5f7478584daf6c92f7184d5a5bb9a61b3e8969ef29e40"", ""size"": 1487}, ""valid/ssim_amp"": 0.5103785991668701}","{""azimuth_buffer"": 512, ""callbacks"": {""early_stopping"": {""_target_"": ""lightning.pytorch.callbacks.EarlyStopping"", ""check_finite"": true, ""check_on_train_epoch_end"": false, ""divergence_threshold"": null, ""min_delta"": 0, ""mode"": ""min"", ""monitor"": ""valid/loss"", ""patience"": 10, ""stopping_threshold"": null, ""strict"": true, ""verbose"": false}, ""model_checkpoint"": {""_target_"": ""lightning.pytorch.callbacks.ModelCheckpoint"", ""auto_insert_metric_name"": false, ""dirpath"": ""/lustre/projects/1001/rdelprete/MAYA_DC/logs/default/multiruns/2026-03-24_15-29-55/lmbda_15_seed_0/checkpoints"", ""every_n_epochs"": null, ""every_n_train_steps"": null, ""filename"": ""epoch_{epoch:03d}_loss_{valid/loss:.4f}"", ""mode"": ""min"", ""monitor"": ""valid/loss"", ""save_last"": true, ""save_on_train_epoch_end"": null, ""save_top_k"": 1, ""save_weights_only"": false, ""train_time_interval"": null, ""verbose"": false}, ""model_summary"": {""_target_"": ""lightning.pytorch.callbacks.RichModelSummary"", ""max_depth"": 2}, ""monitor_fix_patch"": {""verbose"": true}, ""monitor_fixed_patch"": {""_target_"": ""src.callbacks.monitor_fixed_patch.MonitorFixedPatch"", ""clip_factor"": 3, ""log_every_n_epochs"": 1, ""patch_json"": ""data/fixed_patches/s1c-s6-raw-s-vv-20250422t061414-20250422t061446-002002-0040d4.json"", ""verbose"": false}, ""monitor_val_recon"": {""_target_"": ""src.callbacks.monitor_val_reconstruction.MonitorValReconstruction"", ""clip_factor"": 3, ""log_every_n_epochs"": 1, ""num_images"": 3, ""verbose"": true}, ""rich_progress_bar"": {""_target_"": ""lightning.pytorch.callbacks.RichProgressBar""}, ""wandb_osh"": {""_target_"": ""wandb_osh.lightning_hooks.TriggerWandbSyncLightningCallback""}}, ""ckpt_path"": null, ""data"": {""_target_"": ""src.data.maya4_dir_datamodule.MAYA4DirDataModule"", ""azimuth_buffer"": 512, ""batch_size"": 4, ""max_products_test"": 2, ""max_products_train"": 10, ""max_products_val"": 2, ""num_workers"": 4, ""online"": false, ""patch_size"": [512, 512], ""pin_memory"": true, ""samples_per_prod"": 1000, ""test_dir"": ""/lustre/projects/1001/rdelprete/SSM/data/ssm_dataset/focused/PT3"", ""train_dir"": ""/lustre/projects/1001/rdelprete/SSM/data/ssm_dataset/focused/PT1"", ""val_dir"": ""/lustre/projects/1001/rdelprete/SSM/data/ssm_dataset/focused/PT2""}, ""determinism"": true, ""experiment_name"": ""rcmc_compress_baseline"", ""extras"": {""enforce_tags"": true, ""ignore_warnings"": false, ""print_config"": true}, ""lambda"": 15, ""logger"": {""wandb"": {""_target_"": ""lightning.pytorch.loggers.wandb.WandbLogger"", ""anonymous"": null, ""entity"": ""cedric-leonard"", ""group"": ""rcmc_grid"", ""id"": null, ""job_type"": """", ""log_model"": false, ""offline"": true, ""prefix"": """", ""project"": ""MAYA_DC"", ""save_dir"": ""/lustre/projects/1001/rdelprete/MAYA_DC/logs/default/multiruns/2026-03-24_15-29-55/lmbda_15_seed_0"", ""tags"": []}}, ""model"": {""_target_"": ""src.models.rcmc_compress_module.RCMCDCmodule"", ""aux_optimizer"": {""_partial_"": true, ""_target_"": ""torch.optim.Adam"", ""lr"": 0.001}, ""azimuth_buffer"": 512, ""compile"": false, ""criterion"": {""_target_"": ""src.models.components.losses.CompoundCompressionLoss"", ""azimuth_buffer"": 512, ""delta_coherence"": 1, ""delta_kde"": 1, ""lmbda"": 15, ""num_kde_bins"": 100, ""patch_size"": [512, 512]}, ""gradient_clip_norm"": 1, ""net"": {""_target_"": ""src.models.components.scale_hyperprior.ScaleHyperprior"", ""activation"": ""gdn"", ""nb_channels_latent"": 256, ""nb_channels_main"": 128, ""nb_input_channels"": 2}, ""net_optimizer"": {""_partial_"": true, ""_target_"": ""torch.optim.Adam"", ""betas"": [0.9, 0.999], ""lr"": 0.0001}, ""scheduler"": {""_partial_"": true, ""_target_"": ""torch.optim.lr_scheduler.ReduceLROnPlateau"", ""factor"": 0.5, ""mode"": ""min"", ""patience"": 5}, ""training_mode"": ""slc""}, ""model/params/non_trainable"": 0, ""model/params/total"": 5626626, ""model/params/trainable"": 5626626, ""patch_size"": [512, 512], ""paths"": {""data_dir"": ""/lustre/projects/1001/rdelprete/MAYA_DC/data/"", ""log_dir"": ""/lustre/projects/1001/rdelprete/MAYA_DC/logs/"", ""output_dir"": ""/lustre/projects/1001/rdelprete/MAYA_DC/logs/default/multiruns/2026-03-24_15-29-55/lmbda_15_seed_0"", ""root_dir"": ""/lustre/projects/1001/rdelprete/MAYA_DC"", ""work_dir"": ""/lustre/home/u10010007""}, ""seed"": 0, ""tags"": [""rcmc_compression"", ""scale_hyperprior"", ""maya4""], ""task_name"": ""default"", ""test"": true, ""train"": true, ""trainer"": {""_target_"": ""lightning.pytorch.trainer.Trainer"", ""accelerator"": ""gpu"", ""check_val_every_n_epoch"": 1, ""default_root_dir"": ""/lustre/projects/1001/rdelprete/MAYA_DC/logs/default/multiruns/2026-03-24_15-29-55/lmbda_15_seed_0"", ""deterministic"": false, ""devices"": 4, ""max_epochs"": 30, ""min_epochs"": 1, ""num_nodes"": 1, ""precision"": ""32-true"", ""strategy"": ""ddp_find_unused_parameters_true"", ""sync_batchnorm"": true}}"
nzdw28t9,SHP-gdn_s0_L15_slc_buf512_Compound_lr0.0001_b4_10000p,finished,https://wandb.ai/cedric-leonard/MAYA_DC/runs/nzdw28t9,2026-03-26T08:37:10Z,cedric-leonard,MAYA_DC,0.0,15.0,slc,512.0,src.models.components.scale_hyperprior.ScaleHyperprior,ScaleHyperprior,SHyp,gdn,GDN,src.data.maya4_dir_datamodule.MAYA4DirDataModule,MAYA4DirDataModule,MAYA4DirDataModule,src.models.components.losses.CompoundCompressionLoss,Compound,/lustre/projects/1001/rdelprete/MAYA_DC/logs/default/multiruns/2026-03-26_09-05-52/lmbda_15_seed_0,,False,rcmc_grid,"[""maya4"", ""rcmc_compression"", ""scale_hyperprior""]",SHyp-GDN | MAYA4DirDataModule | slc | sq,"{""_runtime"": 4783, ""_step"": 150001, ""_timestamp"": 1774517140.726891, ""epoch"": 30, ""fixed_patch/reconstruction"": {""_type"": ""image-file"", ""format"": ""png"", ""height"": 600, ""path"": ""media/images/fixed_patch/reconstruction_150000_0d2b4593b3f7ad13239b.png"", ""sha256"": ""0d2b4593b3f7ad13239b1b497ea8f66727350d898581f377a99fc5385d5a1133"", ""size"": 1490104, ""width"": 2000}, ""test/aux"": 33.29877853393555, ""test/coherence"": 0.08752986043691635, ""test/complex_corr_mean"": 0.9124701023101808, ""test/complex_corr_std"": ""NaN"", ""test/distortion"": 0.21723084151744845, ""test/kde"": 0.06810151785612106, ""test/loss"": 4.070140361785889, ""test/mse"": 0.06159941852092743, ""test/phase_err_mean"": 0.07151078432798386, ""test/phase_err_std"": ""NaN"", ""test/psnr_amp"": 24.6636905670166, ""test/rate"": 0.8116778135299683, ""test/ssim_amp"": 0.5422487258911133, ""train/aux"": 34.19090270996094, ""train/coherence"": 0.06515271961688995, ""train/distortion"": 0.12022921442985536, ""train/grad_norm_g_a"": 6.1898345947265625, ""train/grad_norm_g_s"": 11.637340545654297, ""train/grad_norm_h_a"": 0.07683168351650238, ""train/grad_norm_h_s"": 0.03339915722608566, ""train/kde"": 0.0133963692933321, ""train/loss"": 2.6011383533477783, ""train/lr"": 9.999999747378752e-05, ""train/mse"": 0.04168012738227844, ""train/rate"": 0.7977001070976257, ""trainer/global_step"": 75000, ""val_batch/coherence_loss"": 0.03331369161605835, ""val_batch/correlation_metric_mean"": 0.9666863083839417, ""val_batch/correlation_metric_std"": ""NaN"", ""val_batch/kde_loss"": 0.18297621607780457, ""val_batch/phase_error"": 0.018582820892333984, ""val_batch/psnr_slc"": 20.553794860839844, ""val_batch/reconstructions"": {""_type"": ""image-file"", ""format"": ""png"", ""height"": 1700, ""path"": ""media/images/val_batch/reconstructions_145051_fc348ca8b4c01493f6b2.png"", ""sha256"": ""fc348ca8b4c01493f6b2f0a280e6787b56f997508d39f3f99fce6f9c9e16fb6e"", ""size"": 1577358, ""width"": 500}, ""val_batch/ssim_slc"": 0.41142475605010986, ""val_batch/x_hat_histogram"": {""_type"": ""histogram""}, ""valid/aux"": 33.29877853393555, ""valid/coherence"": 0.11475390940904616, ""valid/complex_corr_mean"": 0.8852461576461792, ""valid/complex_corr_std"": ""NaN"", ""valid/distortion"": 0.2979174554347992, ""valid/kde"": 0.06337227672338486, ""valid/loss"": 5.340148448944092, ""valid/mse"": 0.11979124695062636, ""valid/phase_err_mean"": 0.1008467972278595, ""valid/phase_err_std"": ""NaN"", ""valid/psnr_amp"": 27.593156814575195, ""valid/rate"": 0.871385395526886, ""valid/rd_scatter_table"": {""_latest_artifact_path"": ""wandb-client-artifact://bvmg8r5twv56r6olow7kssdcfufr19s6m99a82l3c0rrfdwjlqspima23r2aykr8v2a5wuq3siesp3ydqgpu4o72xv4lpysqotuoqhgw11vx0x3f4ykdlbpp8n60m606:latest/valid/rd_scatter_table.table.json"", ""_type"": ""table-file"", ""artifact_path"": ""wandb-client-artifact://tpel6x33enae9jxwxgzybcjftrk550tfy5xzpfl9gettkg17na1hdvyy82fq8hnko5k5ma0w909vb6qyoz55qwvzs55ak50tajlr9exrq3wxzd0ycetxaa7hlctrpkk8/valid/rd_scatter_table.table.json"", ""log_mode"": ""IMMUTABLE"", ""ncols"": 3, ""nrows"": 31, ""path"": ""media/table/valid/rd_scatter_table_150000_3bf186ff8221086c630c.table.json"", ""sha256"": ""3bf186ff8221086c630cfc4d312849bc9ee868974628b7e6248da7ef684c1e7d"", ""size"": 1476}, ""valid/ssim_amp"": 0.5301805138587952}","{""azimuth_buffer"": 512, ""callbacks"": {""early_stopping"": {""_target_"": ""lightning.pytorch.callbacks.EarlyStopping"", ""check_finite"": true, ""check_on_train_epoch_end"": false, ""divergence_threshold"": null, ""min_delta"": 0, ""mode"": ""min"", ""monitor"": ""valid/loss"", ""patience"": 10, ""stopping_threshold"": null, ""strict"": true, ""verbose"": false}, ""model_checkpoint"": {""_target_"": ""lightning.pytorch.callbacks.ModelCheckpoint"", ""auto_insert_metric_name"": false, ""dirpath"": ""/lustre/projects/1001/rdelprete/MAYA_DC/logs/default/multiruns/2026-03-26_09-05-52/lmbda_15_seed_0/checkpoints"", ""every_n_epochs"": null, ""every_n_train_steps"": null, ""filename"": ""epoch_{epoch:03d}_loss_{valid/loss:.4f}"", ""mode"": ""min"", ""monitor"": ""valid/loss"", ""save_last"": true, ""save_on_train_epoch_end"": null, ""save_top_k"": 1, ""save_weights_only"": false, ""train_time_interval"": null, ""verbose"": false}, ""model_summary"": {""_target_"": ""lightning.pytorch.callbacks.RichModelSummary"", ""max_depth"": 2}, ""monitor_fix_patch"": {""verbose"": true}, ""monitor_fixed_patch"": {""_target_"": ""src.callbacks.monitor_fixed_patch.MonitorFixedPatch"", ""clip_factor"": 3, ""log_every_n_epochs"": 1, ""patch_json"": ""data/fixed_patches/s1c-s6-raw-s-vv-20250422t061414-20250422t061446-002002-0040d4.json"", ""verbose"": false}, ""monitor_val_recon"": {""_target_"": ""src.callbacks.monitor_val_reconstruction.MonitorValReconstruction"", ""clip_factor"": 3, ""log_every_n_epochs"": 1, ""num_images"": 3, ""verbose"": true}, ""rich_progress_bar"": {""_target_"": ""lightning.pytorch.callbacks.RichProgressBar""}, ""wandb_osh"": {""_target_"": ""wandb_osh.lightning_hooks.TriggerWandbSyncLightningCallback""}}, ""ckpt_path"": null, ""data"": {""_target_"": ""src.data.maya4_dir_datamodule.MAYA4DirDataModule"", ""azimuth_buffer"": 512, ""batch_size"": 4, ""max_products_test"": 2, ""max_products_train"": 10, ""max_products_val"": 2, ""num_workers"": 4, ""online"": false, ""patch_size"": [512, 512], ""pin_memory"": true, ""samples_per_prod"": 1000, ""test_dir"": ""/lustre/projects/1001/rdelprete/SSM/data/ssm_dataset/focused/PT3"", ""train_dir"": ""/lustre/projects/1001/rdelprete/SSM/data/ssm_dataset/focused/PT1"", ""val_dir"": ""/lustre/projects/1001/rdelprete/SSM/data/ssm_dataset/focused/PT2""}, ""determinism"": true, ""experiment_name"": ""rcmc_compress_baseline"", ""extras"": {""enforce_tags"": true, ""ignore_warnings"": false, ""print_config"": true}, ""lambda"": 15, ""logger"": {""wandb"": {""_target_"": ""lightning.pytorch.loggers.wandb.WandbLogger"", ""anonymous"": null, ""entity"": ""cedric-leonard"", ""group"": ""rcmc_grid"", ""id"": null, ""job_type"": """", ""log_model"": false, ""offline"": true, ""prefix"": """", ""project"": ""MAYA_DC"", ""save_dir"": ""/lustre/projects/1001/rdelprete/MAYA_DC/logs/default/multiruns/2026-03-26_09-05-52/lmbda_15_seed_0"", ""tags"": []}}, ""model"": {""_target_"": ""src.models.rcmc_compress_module.RCMCDCmodule"", ""aux_optimizer"": {""_partial_"": true, ""_target_"": ""torch.optim.Adam"", ""lr"": 0.001}, ""azimuth_buffer"": 512, ""compile"": false, ""criterion"": {""_target_"": ""src.models.components.losses.CompoundCompressionLoss"", ""azimuth_buffer"": 512, ""delta_coherence"": 1, ""delta_kde"": 1, ""lmbda"": 15, ""num_kde_bins"": 100, ""patch_size"": [512, 512]}, ""gradient_clip_norm"": 1, ""net"": {""_target_"": ""src.models.components.scale_hyperprior.ScaleHyperprior"", ""activation"": ""gdn"", ""nb_channels_latent"": 256, ""nb_channels_main"": 128, ""nb_input_channels"": 2, ""non_square_kernels"": false}, ""net_optimizer"": {""_partial_"": true, ""_target_"": ""torch.optim.Adam"", ""betas"": [0.9, 0.999], ""lr"": 0.0001}, ""scheduler"": {""_partial_"": true, ""_target_"": ""torch.optim.lr_scheduler.ReduceLROnPlateau"", ""factor"": 0.5, ""mode"": ""min"", ""patience"": 5}, ""training_mode"": ""slc""}, ""model/params/non_trainable"": 0, ""model/params/total"": 5626626, ""model/params/trainable"": 5626626, ""patch_size"": [512, 512], ""paths"": {""data_dir"": ""/lustre/projects/1001/rdelprete/MAYA_DC/data/"", ""log_dir"": ""/lustre/projects/1001/rdelprete/MAYA_DC/logs/"", ""output_dir"": ""/lustre/projects/1001/rdelprete/MAYA_DC/logs/default/multiruns/2026-03-26_09-05-52/lmbda_15_seed_0"", ""root_dir"": ""/lustre/projects/1001/rdelprete/MAYA_DC"", ""work_dir"": ""/lustre/home/u10010007""}, ""seed"": 0, ""tags"": [""rcmc_compression"", ""scale_hyperprior"", ""maya4""], ""task_name"": ""default"", ""test"": true, ""train"": true, ""trainer"": {""_target_"": ""lightning.pytorch.trainer.Trainer"", ""accelerator"": ""gpu"", ""check_val_every_n_epoch"": 1, ""default_root_dir"": ""/lustre/projects/1001/rdelprete/MAYA_DC/logs/default/multiruns/2026-03-26_09-05-52/lmbda_15_seed_0"", ""deterministic"": false, ""devices"": 4, ""max_epochs"": 30, ""min_epochs"": 1, ""num_nodes"": 1, ""precision"": ""32-true"", ""strategy"": ""ddp_find_unused_parameters_true"", ""sync_batchnorm"": true}}"
rdzbmbv2,SHP-gdn_s1_L15_slc_buf512_Compound_lr0.0001_b4_10000p,finished,https://wandb.ai/cedric-leonard/MAYA_DC/runs/rdzbmbv2,2026-03-25T09:27:47Z,cedric-leonard,MAYA_DC,1.0,15.0,slc,512.0,src.models.components.scale_hyperprior.ScaleHyperprior,ScaleHyperprior,SHyp,gdn,GDN,src.data.maya4_dir_datamodule.MAYA4DirDataModule,MAYA4DirDataModule,MAYA4DirDataModule,src.models.components.losses.CompoundCompressionLoss,Compound,/lustre/projects/1001/rdelprete/MAYA_DC/logs/default/multiruns/2026-03-24_17-14-16_non_square/lmbda_15_seed_1,,True,rcmc_grid_non_square,"[""maya4"", ""rcmc_compression"", ""scale_hyperprior""]",SHyp-GDN | MAYA4DirDataModule | slc | nsk,"{""_runtime"": 3161, ""_step"": 85001, ""_timestamp"": 1774420020.8578546, ""epoch"": 17, ""fixed_patch/reconstruction"": {""_type"": ""image-file"", ""format"": ""png"", ""height"": 600, ""path"": ""media/images/fixed_patch/reconstruction_85000_630b63d7c5c619fab453.png"", ""sha256"": ""630b63d7c5c619fab453babc842304dfb49dadd9097c40e447aafc769e13a15c"", ""size"": 1522962, ""width"": 2000}, ""test/aux"": 10649.66015625, ""test/coherence"": 0.15174473822116852, ""test/complex_corr_mean"": 0.8482552170753479, ""test/complex_corr_std"": ""NaN"", ""test/distortion"": 0.37104836106300354, ""test/kde"": 0.11438686400651932, ""test/loss"": 5.914658069610596, ""test/mse"": 0.1049167811870575, ""test/phase_err_mean"": 0.10832943022251128, ""test/phase_err_std"": ""NaN"", ""test/psnr_amp"": 22.791465759277344, ""test/rate"": 0.34893396496772766, ""test/ssim_amp"": 0.24999865889549255, ""train/aux"": 14.312440872192385, ""train/coherence"": 0.1023024171590805, ""train/distortion"": 0.18173539638519287, ""train/grad_norm_g_a"": 7.182117938995361, ""train/grad_norm_g_s"": 5.814461708068848, ""train/grad_norm_h_a"": 0.05790496617555618, ""train/grad_norm_h_s"": 0.032247573137283325, ""train/kde"": 0.01695694401860237, ""train/loss"": 3.3384103775024414, ""train/lr"": 4.999999873689376e-05, ""train/mse"": 0.062476031482219696, ""train/rate"": 0.6123795509338379, ""trainer/global_step"": 42500, ""val_batch/coherence_loss"": 0.039126813411712646, ""val_batch/correlation_metric_mean"": 0.9608731865882874, ""val_batch/correlation_metric_std"": ""NaN"", ""val_batch/kde_loss"": 0.28816893696784973, ""val_batch/phase_error"": 0.02118569612503052, ""val_batch/psnr_slc"": 20.076082229614254, ""val_batch/reconstructions"": {""_type"": ""image-file"", ""format"": ""png"", ""height"": 1700, ""path"": ""media/images/val_batch/reconstructions_80051_b6591f6ebb00a24c0fac.png"", ""sha256"": ""b6591f6ebb00a24c0fac05cd7c43dd102350a81793a694c3bda1f292b63d5c61"", ""size"": 1532840, ""width"": 500}, ""val_batch/ssim_slc"": 0.2661445736885071, ""val_batch/x_hat_histogram"": {""_type"": ""histogram""}, ""valid/aux"": 13.726210594177246, ""valid/coherence"": 0.16146627068519592, ""valid/complex_corr_mean"": 0.8385335803031921, ""valid/complex_corr_std"": ""NaN"", ""valid/distortion"": 0.544292688369751, ""valid/kde"": 0.22339700162410736, ""valid/loss"": 8.617500305175781, ""valid/mse"": 0.1594293862581253, ""valid/phase_err_mean"": 0.12057220190763474, ""valid/phase_err_std"": ""NaN"", ""valid/psnr_amp"": 26.34967041015625, ""valid/rate"": 0.453110784292221, ""valid/rd_scatter_table"": {""_latest_artifact_path"": ""wandb-client-artifact://6dtxf1cxh7mdq9l0ly63e6nkxm5slhwovumhqwbwwce5xhldkxiul2xycls8tuc11wjrg7v8amfy16u9v0j4x9qiayanlazk0ihxw94vz1akqdk0dli7hyg520zg9fq3:latest/valid/rd_scatter_table.table.json"", ""_type"": ""table-file"", ""artifact_path"": ""wandb-client-artifact://l00e8f2d5oi0u2wcex1uosor4goy7skm8ejau877fuererf0buglinox4wg2wue7jtb68epi9813n2k5x3m2zepy8s6wx17tbday2twguclo4p15pyu56ch7jipo07gi/valid/rd_scatter_table.table.json"", ""log_mode"": ""IMMUTABLE"", ""ncols"": 3, ""nrows"": 18, ""path"": ""media/table/valid/rd_scatter_table_85000_21112f231bf612c595ba.table.json"", ""sha256"": ""21112f231bf612c595ba9dc9fbcf9686e553d30edb80d517e0af65cae01c9856"", ""size"": 881}, ""valid/ssim_amp"": 0.3237360715866089}","{""azimuth_buffer"": 512, ""callbacks"": {""early_stopping"": {""_target_"": ""lightning.pytorch.callbacks.EarlyStopping"", ""check_finite"": true, ""check_on_train_epoch_end"": false, ""divergence_threshold"": null, ""min_delta"": 0, ""mode"": ""min"", ""monitor"": ""valid/loss"", ""patience"": 10, ""stopping_threshold"": null, ""strict"": true, ""verbose"": false}, ""model_checkpoint"": {""_target_"": ""lightning.pytorch.callbacks.ModelCheckpoint"", ""auto_insert_metric_name"": false, ""dirpath"": ""/lustre/projects/1001/rdelprete/MAYA_DC/logs/default/multiruns/2026-03-24_17-14-16_non_square/lmbda_15_seed_1/checkpoints"", ""every_n_epochs"": null, ""every_n_train_steps"": null, ""filename"": ""epoch_{epoch:03d}_loss_{valid/loss:.4f}"", ""mode"": ""min"", ""monitor"": ""valid/loss"", ""save_last"": true, ""save_on_train_epoch_end"": null, ""save_top_k"": 1, ""save_weights_only"": false, ""train_time_interval"": null, ""verbose"": false}, ""model_summary"": {""_target_"": ""lightning.pytorch.callbacks.RichModelSummary"", ""max_depth"": 2}, ""monitor_fix_patch"": {""verbose"": true}, ""monitor_fixed_patch"": {""_target_"": ""src.callbacks.monitor_fixed_patch.MonitorFixedPatch"", ""clip_factor"": 3, ""log_every_n_epochs"": 1, ""patch_json"": ""data/fixed_patches/s1c-s6-raw-s-vv-20250422t061414-20250422t061446-002002-0040d4.json"", ""verbose"": false}, ""monitor_val_recon"": {""_target_"": ""src.callbacks.monitor_val_reconstruction.MonitorValReconstruction"", ""clip_factor"": 3, ""log_every_n_epochs"": 1, ""num_images"": 3, ""verbose"": true}, ""rich_progress_bar"": {""_target_"": ""lightning.pytorch.callbacks.RichProgressBar""}, ""wandb_osh"": {""_target_"": ""wandb_osh.lightning_hooks.TriggerWandbSyncLightningCallback""}}, ""ckpt_path"": null, ""data"": {""_target_"": ""src.data.maya4_dir_datamodule.MAYA4DirDataModule"", ""azimuth_buffer"": 512, ""batch_size"": 4, ""max_products_test"": 2, ""max_products_train"": 10, ""max_products_val"": 2, ""num_workers"": 4, ""online"": false, ""patch_size"": [512, 512], ""pin_memory"": true, ""samples_per_prod"": 1000, ""test_dir"": ""/lustre/projects/1001/rdelprete/SSM/data/ssm_dataset/focused/PT3"", ""train_dir"": ""/lustre/projects/1001/rdelprete/SSM/data/ssm_dataset/focused/PT1"", ""val_dir"": ""/lustre/projects/1001/rdelprete/SSM/data/ssm_dataset/focused/PT2""}, ""determinism"": true, ""experiment_name"": ""rcmc_compress_baseline"", ""extras"": {""enforce_tags"": true, ""ignore_warnings"": false, ""print_config"": true}, ""lambda"": 15, ""logger"": {""wandb"": {""_target_"": ""lightning.pytorch.loggers.wandb.WandbLogger"", ""anonymous"": null, ""entity"": ""cedric-leonard"", ""group"": ""rcmc_grid_non_square"", ""id"": null, ""job_type"": """", ""log_model"": false, ""offline"": true, ""prefix"": """", ""project"": ""MAYA_DC"", ""save_dir"": ""/lustre/projects/1001/rdelprete/MAYA_DC/logs/default/multiruns/2026-03-24_17-14-16_non_square/lmbda_15_seed_1"", ""tags"": []}}, ""model"": {""_target_"": ""src.models.rcmc_compress_module.RCMCDCmodule"", ""aux_optimizer"": {""_partial_"": true, ""_target_"": ""torch.optim.Adam"", ""lr"": 0.001}, ""azimuth_buffer"": 512, ""compile"": false, ""criterion"": {""_target_"": ""src.models.components.losses.CompoundCompressionLoss"", ""azimuth_buffer"": 512, ""delta_coherence"": 1, ""delta_kde"": 1, ""lmbda"": 15, ""num_kde_bins"": 100, ""patch_size"": [512, 512]}, ""gradient_clip_norm"": 1, ""net"": {""_target_"": ""src.models.components.scale_hyperprior.ScaleHyperprior"", ""activation"": ""gdn"", ""nb_channels_latent"": 256, ""nb_channels_main"": 128, ""nb_input_channels"": 2, ""non_square_kernels"": true}, ""net_optimizer"": {""_partial_"": true, ""_target_"": ""torch.optim.Adam"", ""betas"": [0.9, 0.999], ""lr"": 0.0001}, ""scheduler"": {""_partial_"": true, ""_target_"": ""torch.optim.lr_scheduler.ReduceLROnPlateau"", ""factor"": 0.5, ""mode"": ""min"", ""patience"": 5}, ""training_mode"": ""slc""}, ""model/params/non_trainable"": 0, ""model/params/total"": 16662274, ""model/params/trainable"": 16662274, ""patch_size"": [512, 512], ""paths"": {""data_dir"": ""/lustre/projects/1001/rdelprete/MAYA_DC/data/"", ""log_dir"": ""/lustre/projects/1001/rdelprete/MAYA_DC/logs/"", ""output_dir"": ""/lustre/projects/1001/rdelprete/MAYA_DC/logs/default/multiruns/2026-03-24_17-14-16_non_square/lmbda_15_seed_1"", ""root_dir"": ""/lustre/projects/1001/rdelprete/MAYA_DC"", ""work_dir"": ""/lustre/home/u10010007""}, ""seed"": 1, ""tags"": [""rcmc_compression"", ""scale_hyperprior"", ""maya4""], ""task_name"": ""default"", ""test"": true, ""train"": true, ""trainer"": {""_target_"": ""lightning.pytorch.trainer.Trainer"", ""accelerator"": ""gpu"", ""check_val_every_n_epoch"": 1, ""default_root_dir"": ""/lustre/projects/1001/rdelprete/MAYA_DC/logs/default/multiruns/2026-03-24_17-14-16_non_square/lmbda_15_seed_1"", ""deterministic"": false, ""devices"": 4, ""max_epochs"": 30, ""min_epochs"": 1, ""num_nodes"": 1, ""precision"": ""32-true"", ""strategy"": ""ddp_find_unused_parameters_true"", ""sync_batchnorm"": true}}"
xg8b5lk1,SHP-gdn_s1_L15_slc_buf512_Compound_lr0.0001_b4_10000p,finished,https://wandb.ai/cedric-leonard/MAYA_DC/runs/xg8b5lk1,2026-03-25T10:08:20Z,cedric-leonard,MAYA_DC,1.0,15.0,slc,512.0,src.models.components.scale_hyperprior.ScaleHyperprior,ScaleHyperprior,SHyp,gdn,GDN,src.data.maya4_dir_datamodule.MAYA4DirDataModule,MAYA4DirDataModule,MAYA4DirDataModule,src.models.components.losses.CompoundCompressionLoss,Compound,/lustre/projects/1001/rdelprete/MAYA_DC/logs/default/multiruns/2026-03-24_15-29-55/lmbda_15_seed_1,,False,rcmc_grid,"[""maya4"", ""rcmc_compression"", ""scale_hyperprior""]",SHyp-GDN | MAYA4DirDataModule | slc | sq,"{""_runtime"": 4822, ""_step"": 150001, ""_timestamp"": 1774374668.3717234, ""epoch"": 30, ""fixed_patch/reconstruction"": {""_type"": ""image-file"", ""format"": ""png"", ""height"": 600, ""path"": ""media/images/fixed_patch/reconstruction_150000_18e41494395497f81077.png"", ""sha256"": ""18e41494395497f810772611460ff98fefe930d122b7c6e87ab8721ec1a1d039"", ""size"": 1495796, ""width"": 2000}, ""test/aux"": 25.494876861572266, ""test/coherence"": 0.09521953016519548, ""test/complex_corr_mean"": 0.9047806262969972, ""test/complex_corr_std"": ""NaN"", ""test/distortion"": 0.22448448836803436, ""test/kde"": 0.06220750883221626, ""test/loss"": 4.105128288269043, ""test/mse"": 0.06705746054649353, ""test/phase_err_mean"": 0.07674001902341843, ""test/phase_err_std"": ""NaN"", ""test/psnr_amp"": 24.378856658935547, ""test/rate"": 0.737861156463623, ""test/ssim_amp"": 0.5108027458190918, ""train/aux"": 26.78188705444336, ""train/coherence"": 0.13014709949493408, ""train/distortion"": 0.299186646938324, ""train/grad_norm_g_a"": 13.00759220123291, ""train/grad_norm_g_s"": 10.84488582611084, ""train/grad_norm_h_a"": 0.035696111619472504, ""train/grad_norm_h_s"": 0.018617549911141396, ""train/kde"": 0.04219182953238487, ""train/loss"": 5.361085414886475, ""train/lr"": 9.999999747378752e-05, ""train/mse"": 0.12684769928455353, ""train/rate"": 0.8732860088348389, ""trainer/global_step"": 75000, ""val_batch/coherence_loss"": 0.0351945161819458, ""val_batch/correlation_metric_mean"": 0.9648054838180542, ""val_batch/correlation_metric_std"": ""NaN"", ""val_batch/kde_loss"": 0.17193004488945007, ""val_batch/phase_error"": 0.01956409215927124, ""val_batch/psnr_slc"": 20.398292541503903, ""val_batch/reconstructions"": {""_type"": ""image-file"", ""format"": ""png"", ""height"": 1700, ""path"": ""media/images/val_batch/reconstructions_145051_2c4efb1f86d9418b0a94.png"", ""sha256"": ""2c4efb1f86d9418b0a94452032a70895df318e51934689c157e6dc248d276474"", ""size"": 1561342, ""width"": 500}, ""val_batch/ssim_slc"": 0.3869774341583252, ""val_batch/x_hat_histogram"": {""_type"": ""histogram""}, ""valid/aux"": 25.494876861572266, ""valid/coherence"": 0.12470860779285432, ""valid/complex_corr_mean"": 0.8752914667129517, ""valid/complex_corr_std"": ""NaN"", ""valid/distortion"": 0.31216126680374146, ""valid/kde"": 0.05813072994351387, ""valid/loss"": 5.469910144805908, ""valid/mse"": 0.12932191789150238, ""valid/phase_err_mean"": 0.10720450431108476, ""valid/phase_err_std"": ""NaN"", ""valid/psnr_amp"": 27.307613372802734, ""valid/rate"": 0.7874898314476013, ""valid/rd_scatter_table"": {""_latest_artifact_path"": ""wandb-client-artifact://m0r2bmehnuie8rnkx2fn3i7n7vg1f73bt99khy0qq6ni8vfehczg2ldi43q9zgt3ldf1dgylnizdg8dh8kj7a1hlbw02n58jmr1g7dvd0x1lyat7gqq1k6cy1531pdlp:latest/valid/rd_scatter_table.table.json"", ""_type"": ""table-file"", ""artifact_path"": ""wandb-client-artifact://obz1f3xc3l1620yyhf6mg5pnk0w0dp2c8884ajizabzkgfqu2lnrheq66zgnw1zdbxxyow9ut59br2jpj75oi1iksnoumbudwhpg1hwva940hpgnmdecobwsae2ukqp2/valid/rd_scatter_table.table.json"", ""log_mode"": ""IMMUTABLE"", ""ncols"": 3, ""nrows"": 31, ""path"": ""media/table/valid/rd_scatter_table_150000_5b449440154908dee468.table.json"", ""sha256"": ""5b449440154908dee468ca5dbbb300c351cd46ea0bb577f67521520082873b67"", ""size"": 1491}, ""valid/ssim_amp"": 0.4988526105880738}","{""azimuth_buffer"": 512, ""callbacks"": {""early_stopping"": {""_target_"": ""lightning.pytorch.callbacks.EarlyStopping"", ""check_finite"": true, ""check_on_train_epoch_end"": false, ""divergence_threshold"": null, ""min_delta"": 0, ""mode"": ""min"", ""monitor"": ""valid/loss"", ""patience"": 10, ""stopping_threshold"": null, ""strict"": true, ""verbose"": false}, ""model_checkpoint"": {""_target_"": ""lightning.pytorch.callbacks.ModelCheckpoint"", ""auto_insert_metric_name"": false, ""dirpath"": ""/lustre/projects/1001/rdelprete/MAYA_DC/logs/default/multiruns/2026-03-24_15-29-55/lmbda_15_seed_1/checkpoints"", ""every_n_epochs"": null, ""every_n_train_steps"": null, ""filename"": ""epoch_{epoch:03d}_loss_{valid/loss:.4f}"", ""mode"": ""min"", ""monitor"": ""valid/loss"", ""save_last"": true, ""save_on_train_epoch_end"": null, ""save_top_k"": 1, ""save_weights_only"": false, ""train_time_interval"": null, ""verbose"": false}, ""model_summary"": {""_target_"": ""lightning.pytorch.callbacks.RichModelSummary"", ""max_depth"": 2}, ""monitor_fix_patch"": {""verbose"": true}, ""monitor_fixed_patch"": {""_target_"": ""src.callbacks.monitor_fixed_patch.MonitorFixedPatch"", ""clip_factor"": 3, ""log_every_n_epochs"": 1, ""patch_json"": ""data/fixed_patches/s1c-s6-raw-s-vv-20250422t061414-20250422t061446-002002-0040d4.json"", ""verbose"": false}, ""monitor_val_recon"": {""_target_"": ""src.callbacks.monitor_val_reconstruction.MonitorValReconstruction"", ""clip_factor"": 3, ""log_every_n_epochs"": 1, ""num_images"": 3, ""verbose"": true}, ""rich_progress_bar"": {""_target_"": ""lightning.pytorch.callbacks.RichProgressBar""}, ""wandb_osh"": {""_target_"": ""wandb_osh.lightning_hooks.TriggerWandbSyncLightningCallback""}}, ""ckpt_path"": null, ""data"": {""_target_"": ""src.data.maya4_dir_datamodule.MAYA4DirDataModule"", ""azimuth_buffer"": 512, ""batch_size"": 4, ""max_products_test"": 2, ""max_products_train"": 10, ""max_products_val"": 2, ""num_workers"": 4, ""online"": false, ""patch_size"": [512, 512], ""pin_memory"": true, ""samples_per_prod"": 1000, ""test_dir"": ""/lustre/projects/1001/rdelprete/SSM/data/ssm_dataset/focused/PT3"", ""train_dir"": ""/lustre/projects/1001/rdelprete/SSM/data/ssm_dataset/focused/PT1"", ""val_dir"": ""/lustre/projects/1001/rdelprete/SSM/data/ssm_dataset/focused/PT2""}, ""determinism"": true, ""experiment_name"": ""rcmc_compress_baseline"", ""extras"": {""enforce_tags"": true, ""ignore_warnings"": false, ""print_config"": true}, ""lambda"": 15, ""logger"": {""wandb"": {""_target_"": ""lightning.pytorch.loggers.wandb.WandbLogger"", ""anonymous"": null, ""entity"": ""cedric-leonard"", ""group"": ""rcmc_grid"", ""id"": null, ""job_type"": """", ""log_model"": false, ""offline"": true, ""prefix"": """", ""project"": ""MAYA_DC"", ""save_dir"": ""/lustre/projects/1001/rdelprete/MAYA_DC/logs/default/multiruns/2026-03-24_15-29-55/lmbda_15_seed_1"", ""tags"": []}}, ""model"": {""_target_"": ""src.models.rcmc_compress_module.RCMCDCmodule"", ""aux_optimizer"": {""_partial_"": true, ""_target_"": ""torch.optim.Adam"", ""lr"": 0.001}, ""azimuth_buffer"": 512, ""compile"": false, ""criterion"": {""_target_"": ""src.models.components.losses.CompoundCompressionLoss"", ""azimuth_buffer"": 512, ""delta_coherence"": 1, ""delta_kde"": 1, ""lmbda"": 15, ""num_kde_bins"": 100, ""patch_size"": [512, 512]}, ""gradient_clip_norm"": 1, ""net"": {""_target_"": ""src.models.components.scale_hyperprior.ScaleHyperprior"", ""activation"": ""gdn"", ""nb_channels_latent"": 256, ""nb_channels_main"": 128, ""nb_input_channels"": 2, ""non_square_kernels"": false}, ""net_optimizer"": {""_partial_"": true, ""_target_"": ""torch.optim.Adam"", ""betas"": [0.9, 0.999], ""lr"": 0.0001}, ""scheduler"": {""_partial_"": true, ""_target_"": ""torch.optim.lr_scheduler.ReduceLROnPlateau"", ""factor"": 0.5, ""mode"": ""min"", ""patience"": 5}, ""training_mode"": ""slc""}, ""model/params/non_trainable"": 0, ""model/params/total"": 5626626, ""model/params/trainable"": 5626626, ""patch_size"": [512, 512], ""paths"": {""data_dir"": ""/lustre/projects/1001/rdelprete/MAYA_DC/data/"", ""log_dir"": ""/lustre/projects/1001/rdelprete/MAYA_DC/logs/"", ""output_dir"": ""/lustre/projects/1001/rdelprete/MAYA_DC/logs/default/multiruns/2026-03-24_15-29-55/lmbda_15_seed_1"", ""root_dir"": ""/lustre/projects/1001/rdelprete/MAYA_DC"", ""work_dir"": ""/lustre/home/u10010007""}, ""seed"": 1, ""tags"": [""rcmc_compression"", ""scale_hyperprior"", ""maya4""], ""task_name"": ""default"", ""test"": true, ""train"": true, ""trainer"": {""_target_"": ""lightning.pytorch.trainer.Trainer"", ""accelerator"": ""gpu"", ""check_val_every_n_epoch"": 1, ""default_root_dir"": ""/lustre/projects/1001/rdelprete/MAYA_DC/logs/default/multiruns/2026-03-24_15-29-55/lmbda_15_seed_1"", ""deterministic"": false, ""devices"": 4, ""max_epochs"": 30, ""min_epochs"": 1, ""num_nodes"": 1, ""precision"": ""32-true"", ""strategy"": ""ddp_find_unused_parameters_true"", ""sync_batchnorm"": true}}"
av5pqcdb,SHP-gdn_s1_L15_slc_buf512_Compound_lr0.0001_b4_10000p,finished,https://wandb.ai/cedric-leonard/MAYA_DC/runs/av5pqcdb,2026-03-26T08:40:21Z,cedric-leonard,MAYA_DC,1.0,15.0,slc,512.0,src.models.components.scale_hyperprior.ScaleHyperprior,ScaleHyperprior,SHyp,gdn,GDN,src.data.maya4_dir_datamodule.MAYA4DirDataModule,MAYA4DirDataModule,MAYA4DirDataModule,src.models.components.losses.CompoundCompressionLoss,Compound,/lustre/projects/1001/rdelprete/MAYA_DC/logs/default/multiruns/2026-03-26_09-05-52/lmbda_15_seed_1,,False,rcmc_grid,"[""maya4"", ""rcmc_compression"", ""scale_hyperprior""]",SHyp-GDN | MAYA4DirDataModule | slc | sq,"{""_runtime"": 5116, ""_step"": 150001, ""_timestamp"": 1774517486.3772578, ""epoch"": 30, ""fixed_patch/reconstruction"": {""_type"": ""image-file"", ""format"": ""png"", ""height"": 600, ""path"": ""media/images/fixed_patch/reconstruction_150000_18e41494395497f81077.png"", ""sha256"": ""18e41494395497f810772611460ff98fefe930d122b7c6e87ab8721ec1a1d039"", ""size"": 1495796, ""width"": 2000}, ""test/aux"": 25.494876861572266, ""test/coherence"": 0.09521953016519548, ""test/complex_corr_mean"": 0.9047806262969972, ""test/complex_corr_std"": ""NaN"", ""test/distortion"": 0.22448448836803436, ""test/kde"": 0.06220750883221626, ""test/loss"": 4.105128288269043, ""test/mse"": 0.06705746054649353, ""test/phase_err_mean"": 0.07674001902341843, ""test/phase_err_std"": ""NaN"", ""test/psnr_amp"": 24.378856658935547, ""test/rate"": 0.737861156463623, ""test/ssim_amp"": 0.5108027458190918, ""train/aux"": 26.78188705444336, ""train/coherence"": 0.13014709949493408, ""train/distortion"": 0.299186646938324, ""train/grad_norm_g_a"": 13.00759220123291, ""train/grad_norm_g_s"": 10.84488582611084, ""train/grad_norm_h_a"": 0.035696111619472504, ""train/grad_norm_h_s"": 0.018617549911141396, ""train/kde"": 0.04219182953238487, ""train/loss"": 5.361085414886475, ""train/lr"": 9.999999747378752e-05, ""train/mse"": 0.12684769928455353, ""train/rate"": 0.8732860088348389, ""trainer/global_step"": 75000, ""val_batch/coherence_loss"": 0.0351945161819458, ""val_batch/correlation_metric_mean"": 0.9648054838180542, ""val_batch/correlation_metric_std"": ""NaN"", ""val_batch/kde_loss"": 0.17193004488945007, ""val_batch/phase_error"": 0.01956409215927124, ""val_batch/psnr_slc"": 20.398292541503903, ""val_batch/reconstructions"": {""_type"": ""image-file"", ""format"": ""png"", ""height"": 1700, ""path"": ""media/images/val_batch/reconstructions_145051_2c4efb1f86d9418b0a94.png"", ""sha256"": ""2c4efb1f86d9418b0a94452032a70895df318e51934689c157e6dc248d276474"", ""size"": 1561342, ""width"": 500}, ""val_batch/ssim_slc"": 0.3869774341583252, ""val_batch/x_hat_histogram"": {""_type"": ""histogram""}, ""valid/aux"": 25.494876861572266, ""valid/coherence"": 0.12470860779285432, ""valid/complex_corr_mean"": 0.8752914667129517, ""valid/complex_corr_std"": ""NaN"", ""valid/distortion"": 0.31216126680374146, ""valid/kde"": 0.05813072994351387, ""valid/loss"": 5.469910144805908, ""valid/mse"": 0.12932191789150238, ""valid/phase_err_mean"": 0.10720450431108476, ""valid/phase_err_std"": ""NaN"", ""valid/psnr_amp"": 27.307613372802734, ""valid/rate"": 0.7874898314476013, ""valid/rd_scatter_table"": {""_latest_artifact_path"": ""wandb-client-artifact://qbavkgyze0ql2ktnmorremka35wc0jex727irovl6xb1j0hxwmdvqidmq24f69uzv15ygivedl2edgp14xqgkxqc7gfu9bjcorb5531annh58g0x439cu2ldpv1hbthu:latest/valid/rd_scatter_table.table.json"", ""_type"": ""table-file"", ""artifact_path"": ""wandb-client-artifact://cdg112d6vrkv9c54y1ud621fu6na21yqk2x88bjyijkdwrf7pjvmolkd5mcl8gcoqywzqq67kag3ju7svhr8xv7g0j4o4rplezra2xoupinonvk0ht0qr0pyg9f3l1bu/valid/rd_scatter_table.table.json"", ""log_mode"": ""IMMUTABLE"", ""ncols"": 3, ""nrows"": 31, ""path"": ""media/table/valid/rd_scatter_table_150000_5b449440154908dee468.table.json"", ""sha256"": ""5b449440154908dee468ca5dbbb300c351cd46ea0bb577f67521520082873b67"", ""size"": 1491}, ""valid/ssim_amp"": 0.4988526105880738}","{""azimuth_buffer"": 512, ""callbacks"": {""early_stopping"": {""_target_"": ""lightning.pytorch.callbacks.EarlyStopping"", ""check_finite"": true, ""check_on_train_epoch_end"": false, ""divergence_threshold"": null, ""min_delta"": 0, ""mode"": ""min"", ""monitor"": ""valid/loss"", ""patience"": 10, ""stopping_threshold"": null, ""strict"": true, ""verbose"": false}, ""model_checkpoint"": {""_target_"": ""lightning.pytorch.callbacks.ModelCheckpoint"", ""auto_insert_metric_name"": false, ""dirpath"": ""/lustre/projects/1001/rdelprete/MAYA_DC/logs/default/multiruns/2026-03-26_09-05-52/lmbda_15_seed_1/checkpoints"", ""every_n_epochs"": null, ""every_n_train_steps"": null, ""filename"": ""epoch_{epoch:03d}_loss_{valid/loss:.4f}"", ""mode"": ""min"", ""monitor"": ""valid/loss"", ""save_last"": true, ""save_on_train_epoch_end"": null, ""save_top_k"": 1, ""save_weights_only"": false, ""train_time_interval"": null, ""verbose"": false}, ""model_summary"": {""_target_"": ""lightning.pytorch.callbacks.RichModelSummary"", ""max_depth"": 2}, ""monitor_fix_patch"": {""verbose"": true}, ""monitor_fixed_patch"": {""_target_"": ""src.callbacks.monitor_fixed_patch.MonitorFixedPatch"", ""clip_factor"": 3, ""log_every_n_epochs"": 1, ""patch_json"": ""data/fixed_patches/s1c-s6-raw-s-vv-20250422t061414-20250422t061446-002002-0040d4.json"", ""verbose"": false}, ""monitor_val_recon"": {""_target_"": ""src.callbacks.monitor_val_reconstruction.MonitorValReconstruction"", ""clip_factor"": 3, ""log_every_n_epochs"": 1, ""num_images"": 3, ""verbose"": true}, ""rich_progress_bar"": {""_target_"": ""lightning.pytorch.callbacks.RichProgressBar""}, ""wandb_osh"": {""_target_"": ""wandb_osh.lightning_hooks.TriggerWandbSyncLightningCallback""}}, ""ckpt_path"": null, ""data"": {""_target_"": ""src.data.maya4_dir_datamodule.MAYA4DirDataModule"", ""azimuth_buffer"": 512, ""batch_size"": 4, ""max_products_test"": 2, ""max_products_train"": 10, ""max_products_val"": 2, ""num_workers"": 4, ""online"": false, ""patch_size"": [512, 512], ""pin_memory"": true, ""samples_per_prod"": 1000, ""test_dir"": ""/lustre/projects/1001/rdelprete/SSM/data/ssm_dataset/focused/PT3"", ""train_dir"": ""/lustre/projects/1001/rdelprete/SSM/data/ssm_dataset/focused/PT1"", ""val_dir"": ""/lustre/projects/1001/rdelprete/SSM/data/ssm_dataset/focused/PT2""}, ""determinism"": true, ""experiment_name"": ""rcmc_compress_baseline"", ""extras"": {""enforce_tags"": true, ""ignore_warnings"": false, ""print_config"": true}, ""lambda"": 15, ""logger"": {""wandb"": {""_target_"": ""lightning.pytorch.loggers.wandb.WandbLogger"", ""anonymous"": null, ""entity"": ""cedric-leonard"", ""group"": ""rcmc_grid"", ""id"": null, ""job_type"": """", ""log_model"": false, ""offline"": true, ""prefix"": """", ""project"": ""MAYA_DC"", ""save_dir"": ""/lustre/projects/1001/rdelprete/MAYA_DC/logs/default/multiruns/2026-03-26_09-05-52/lmbda_15_seed_1"", ""tags"": []}}, ""model"": {""_target_"": ""src.models.rcmc_compress_module.RCMCDCmodule"", ""aux_optimizer"": {""_partial_"": true, ""_target_"": ""torch.optim.Adam"", ""lr"": 0.001}, ""azimuth_buffer"": 512, ""compile"": false, ""criterion"": {""_target_"": ""src.models.components.losses.CompoundCompressionLoss"", ""azimuth_buffer"": 512, ""delta_coherence"": 1, ""delta_kde"": 1, ""lmbda"": 15, ""num_kde_bins"": 100, ""patch_size"": [512, 512]}, ""gradient_clip_norm"": 1, ""net"": {""_target_"": ""src.models.components.scale_hyperprior.ScaleHyperprior"", ""activation"": ""gdn"", ""nb_channels_latent"": 256, ""nb_channels_main"": 128, ""nb_input_channels"": 2, ""non_square_kernels"": false}, ""net_optimizer"": {""_partial_"": true, ""_target_"": ""torch.optim.Adam"", ""betas"": [0.9, 0.999], ""lr"": 0.0001}, ""scheduler"": {""_partial_"": true, ""_target_"": ""torch.optim.lr_scheduler.ReduceLROnPlateau"", ""factor"": 0.5, ""mode"": ""min"", ""patience"": 5}, ""training_mode"": ""slc""}, ""model/params/non_trainable"": 0, ""model/params/total"": 5626626, ""model/params/trainable"": 5626626, ""patch_size"": [512, 512], ""paths"": {""data_dir"": ""/lustre/projects/1001/rdelprete/MAYA_DC/data/"", ""log_dir"": ""/lustre/projects/1001/rdelprete/MAYA_DC/logs/"", ""output_dir"": ""/lustre/projects/1001/rdelprete/MAYA_DC/logs/default/multiruns/2026-03-26_09-05-52/lmbda_15_seed_1"", ""root_dir"": ""/lustre/projects/1001/rdelprete/MAYA_DC"", ""work_dir"": ""/lustre/home/u10010007""}, ""seed"": 1, ""tags"": [""rcmc_compression"", ""scale_hyperprior"", ""maya4""], ""task_name"": ""default"", ""test"": true, ""train"": true, ""trainer"": {""_target_"": ""lightning.pytorch.trainer.Trainer"", ""accelerator"": ""gpu"", ""check_val_every_n_epoch"": 1, ""default_root_dir"": ""/lustre/projects/1001/rdelprete/MAYA_DC/logs/default/multiruns/2026-03-26_09-05-52/lmbda_15_seed_1"", ""deterministic"": false, ""devices"": 4, ""max_epochs"": 30, ""min_epochs"": 1, ""num_nodes"": 1, ""precision"": ""32-true"", ""strategy"": ""ddp_find_unused_parameters_true"", ""sync_batchnorm"": true}}"
cpnyij4e,SHP-gdn_s2_L15_slc_buf512_Compound_lr0.0001_b4_10000p,finished,https://wandb.ai/cedric-leonard/MAYA_DC/runs/cpnyij4e,2026-03-25T09:03:01Z,cedric-leonard,MAYA_DC,2.0,15.0,slc,512.0,src.models.components.scale_hyperprior.ScaleHyperprior,ScaleHyperprior,SHyp,gdn,GDN,src.data.maya4_dir_datamodule.MAYA4DirDataModule,MAYA4DirDataModule,MAYA4DirDataModule,src.models.components.losses.CompoundCompressionLoss,Compound,/lustre/projects/1001/rdelprete/MAYA_DC/logs/default/multiruns/2026-03-24_17-14-16_non_square/lmbda_15_seed_2,,True,rcmc_grid_non_square,"[""maya4"", ""rcmc_compression"", ""scale_hyperprior""]",SHyp-GDN | MAYA4DirDataModule | slc | nsk,"{""_runtime"": 3262, ""_step"": 90001, ""_timestamp"": 1774420334.6868498, ""epoch"": 18, ""fixed_patch/reconstruction"": {""_type"": ""image-file"", ""format"": ""png"", ""height"": 600, ""path"": ""media/images/fixed_patch/reconstruction_90000_53f9848e3b4b211b1a55.png"", ""sha256"": ""53f9848e3b4b211b1a553ada0fb37e17e491b697a8b891855801df5a2c952cee"", ""size"": 1518478, ""width"": 2000}, ""test/aux"": 952.4686279296876, ""test/coherence"": 0.15251784026622772, ""test/complex_corr_mean"": 0.8474823236465454, ""test/complex_corr_std"": ""NaN"", ""test/distortion"": 0.37268298864364624, ""test/kde"": 0.1149405762553215, ""test/loss"": 5.906188011169434, ""test/mse"": 0.10522450506687164, ""test/phase_err_mean"": 0.10890060663223268, ""test/phase_err_std"": ""NaN"", ""test/psnr_amp"": 22.769132614135746, ""test/rate"": 0.31594109535217285, ""test/ssim_amp"": 0.2508692443370819, ""train/aux"": 16.918066024780273, ""train/coherence"": 0.20939737558364868, ""train/distortion"": 0.48720428347587585, ""train/grad_norm_g_a"": 36.17560577392578, ""train/grad_norm_g_s"": 19.523052215576172, ""train/grad_norm_h_a"": 0.07681455463171005, ""train/grad_norm_h_s"": 0.06303945183753967, ""train/kde"": 0.030606819316744804, ""train/loss"": 7.966512680053711, ""train/lr"": 4.999999873689376e-05, ""train/mse"": 0.24720007181167605, ""train/rate"": 0.6584480404853821, ""trainer/global_step"": 45000, ""val_batch/coherence_loss"": 0.04320633411407471, ""val_batch/correlation_metric_mean"": 0.9567936658859252, ""val_batch/correlation_metric_std"": ""NaN"", ""val_batch/kde_loss"": 0.1739574670791626, ""val_batch/phase_error"": 0.023342788219451904, ""val_batch/psnr_slc"": 19.751222610473633, ""val_batch/reconstructions"": {""_type"": ""image-file"", ""format"": ""png"", ""height"": 1700, ""path"": ""media/images/val_batch/reconstructions_85051_8db85c73bf41dcf524a9.png"", ""sha256"": ""8db85c73bf41dcf524a907e5c09469257bd97c1a18291bbef734b33f3746a414"", ""size"": 1541664, ""width"": 500}, ""val_batch/ssim_slc"": 0.25380298495292664, ""val_batch/x_hat_histogram"": {""_type"": ""histogram""}, ""valid/aux"": 16.882450103759766, ""valid/coherence"": 0.1732023060321808, ""valid/complex_corr_mean"": 0.8267976641654968, ""valid/complex_corr_std"": ""NaN"", ""valid/distortion"": 0.5250492691993713, ""valid/kde"": 0.1818884164094925, ""valid/loss"": 8.26608943939209, ""valid/mse"": 0.16995850205421448, ""valid/phase_err_mean"": 0.12866048514842987, ""valid/phase_err_std"": ""NaN"", ""valid/psnr_amp"": 26.10784339904785, ""valid/rate"": 0.3903518319129944, ""valid/rd_scatter_table"": {""_latest_artifact_path"": ""wandb-client-artifact://5n3goretlbq9vq2fowr2m0q1247g1740u39z8w8adnnfvfmgcnv7am0dsjim39b56n233gben2wktarm052ug84pvarj2i3ivmodxea16xtpdszk15z4p61cs5p26f7i:latest/valid/rd_scatter_table.table.json"", ""_type"": ""table-file"", ""artifact_path"": ""wandb-client-artifact://d5eeky72tn0bi09hlcuovbjkiy2h1wih1i9tnfxi2byrmtx1gt7pwlrwo0jz5y31nu6pniu950o13fyjqxbfz2mtzp6lxy0d8wibrsmyz2wdymt0uzv5d1v95w5btm7c/valid/rd_scatter_table.table.json"", ""log_mode"": ""IMMUTABLE"", ""ncols"": 3, ""nrows"": 19, ""path"": ""media/table/valid/rd_scatter_table_90000_159a06020ca43bc06e69.table.json"", ""sha256"": ""159a06020ca43bc06e6983430c3831dfa1ccb5de3bf724e72bb0db63122832a9"", ""size"": 924}, ""valid/ssim_amp"": 0.3011961281299591}","{""azimuth_buffer"": 512, ""callbacks"": {""early_stopping"": {""_target_"": ""lightning.pytorch.callbacks.EarlyStopping"", ""check_finite"": true, ""check_on_train_epoch_end"": false, ""divergence_threshold"": null, ""min_delta"": 0, ""mode"": ""min"", ""monitor"": ""valid/loss"", ""patience"": 10, ""stopping_threshold"": null, ""strict"": true, ""verbose"": false}, ""model_checkpoint"": {""_target_"": ""lightning.pytorch.callbacks.ModelCheckpoint"", ""auto_insert_metric_name"": false, ""dirpath"": ""/lustre/projects/1001/rdelprete/MAYA_DC/logs/default/multiruns/2026-03-24_17-14-16_non_square/lmbda_15_seed_2/checkpoints"", ""every_n_epochs"": null, ""every_n_train_steps"": null, ""filename"": ""epoch_{epoch:03d}_loss_{valid/loss:.4f}"", ""mode"": ""min"", ""monitor"": ""valid/loss"", ""save_last"": true, ""save_on_train_epoch_end"": null, ""save_top_k"": 1, ""save_weights_only"": false, ""train_time_interval"": null, ""verbose"": false}, ""model_summary"": {""_target_"": ""lightning.pytorch.callbacks.RichModelSummary"", ""max_depth"": 2}, ""monitor_fix_patch"": {""verbose"": true}, ""monitor_fixed_patch"": {""_target_"": ""src.callbacks.monitor_fixed_patch.MonitorFixedPatch"", ""clip_factor"": 3, ""log_every_n_epochs"": 1, ""patch_json"": ""data/fixed_patches/s1c-s6-raw-s-vv-20250422t061414-20250422t061446-002002-0040d4.json"", ""verbose"": false}, ""monitor_val_recon"": {""_target_"": ""src.callbacks.monitor_val_reconstruction.MonitorValReconstruction"", ""clip_factor"": 3, ""log_every_n_epochs"": 1, ""num_images"": 3, ""verbose"": true}, ""rich_progress_bar"": {""_target_"": ""lightning.pytorch.callbacks.RichProgressBar""}, ""wandb_osh"": {""_target_"": ""wandb_osh.lightning_hooks.TriggerWandbSyncLightningCallback""}}, ""ckpt_path"": null, ""data"": {""_target_"": ""src.data.maya4_dir_datamodule.MAYA4DirDataModule"", ""azimuth_buffer"": 512, ""batch_size"": 4, ""max_products_test"": 2, ""max_products_train"": 10, ""max_products_val"": 2, ""num_workers"": 4, ""online"": false, ""patch_size"": [512, 512], ""pin_memory"": true, ""samples_per_prod"": 1000, ""test_dir"": ""/lustre/projects/1001/rdelprete/SSM/data/ssm_dataset/focused/PT3"", ""train_dir"": ""/lustre/projects/1001/rdelprete/SSM/data/ssm_dataset/focused/PT1"", ""val_dir"": ""/lustre/projects/1001/rdelprete/SSM/data/ssm_dataset/focused/PT2""}, ""determinism"": true, ""experiment_name"": ""rcmc_compress_baseline"", ""extras"": {""enforce_tags"": true, ""ignore_warnings"": false, ""print_config"": true}, ""lambda"": 15, ""logger"": {""wandb"": {""_target_"": ""lightning.pytorch.loggers.wandb.WandbLogger"", ""anonymous"": null, ""entity"": ""cedric-leonard"", ""group"": ""rcmc_grid_non_square"", ""id"": null, ""job_type"": """", ""log_model"": false, ""offline"": true, ""prefix"": """", ""project"": ""MAYA_DC"", ""save_dir"": ""/lustre/projects/1001/rdelprete/MAYA_DC/logs/default/multiruns/2026-03-24_17-14-16_non_square/lmbda_15_seed_2"", ""tags"": []}}, ""model"": {""_target_"": ""src.models.rcmc_compress_module.RCMCDCmodule"", ""aux_optimizer"": {""_partial_"": true, ""_target_"": ""torch.optim.Adam"", ""lr"": 0.001}, ""azimuth_buffer"": 512, ""compile"": false, ""criterion"": {""_target_"": ""src.models.components.losses.CompoundCompressionLoss"", ""azimuth_buffer"": 512, ""delta_coherence"": 1, ""delta_kde"": 1, ""lmbda"": 15, ""num_kde_bins"": 100, ""patch_size"": [512, 512]}, ""gradient_clip_norm"": 1, ""net"": {""_target_"": ""src.models.components.scale_hyperprior.ScaleHyperprior"", ""activation"": ""gdn"", ""nb_channels_latent"": 256, ""nb_channels_main"": 128, ""nb_input_channels"": 2, ""non_square_kernels"": true}, ""net_optimizer"": {""_partial_"": true, ""_target_"": ""torch.optim.Adam"", ""betas"": [0.9, 0.999], ""lr"": 0.0001}, ""scheduler"": {""_partial_"": true, ""_target_"": ""torch.optim.lr_scheduler.ReduceLROnPlateau"", ""factor"": 0.5, ""mode"": ""min"", ""patience"": 5}, ""training_mode"": ""slc""}, ""model/params/non_trainable"": 0, ""model/params/total"": 16662274, ""model/params/trainable"": 16662274, ""patch_size"": [512, 512], ""paths"": {""data_dir"": ""/lustre/projects/1001/rdelprete/MAYA_DC/data/"", ""log_dir"": ""/lustre/projects/1001/rdelprete/MAYA_DC/logs/"", ""output_dir"": ""/lustre/projects/1001/rdelprete/MAYA_DC/logs/default/multiruns/2026-03-24_17-14-16_non_square/lmbda_15_seed_2"", ""root_dir"": ""/lustre/projects/1001/rdelprete/MAYA_DC"", ""work_dir"": ""/lustre/home/u10010007""}, ""seed"": 2, ""tags"": [""rcmc_compression"", ""scale_hyperprior"", ""maya4""], ""task_name"": ""default"", ""test"": true, ""train"": true, ""trainer"": {""_target_"": ""lightning.pytorch.trainer.Trainer"", ""accelerator"": ""gpu"", ""check_val_every_n_epoch"": 1, ""default_root_dir"": ""/lustre/projects/1001/rdelprete/MAYA_DC/logs/default/multiruns/2026-03-24_17-14-16_non_square/lmbda_15_seed_2"", ""deterministic"": false, ""devices"": 4, ""max_epochs"": 30, ""min_epochs"": 1, ""num_nodes"": 1, ""precision"": ""32-true"", ""strategy"": ""ddp_find_unused_parameters_true"", ""sync_batchnorm"": true}}"
7tz9dxtr,SHP-gdn_s2_L15_slc_buf512_Compound_lr0.0001_b4_10000p,finished,https://wandb.ai/cedric-leonard/MAYA_DC/runs/7tz9dxtr,2026-03-25T09:59:59Z,cedric-leonard,MAYA_DC,2.0,15.0,slc,512.0,src.models.components.scale_hyperprior.ScaleHyperprior,ScaleHyperprior,SHyp,gdn,GDN,src.data.maya4_dir_datamodule.MAYA4DirDataModule,MAYA4DirDataModule,MAYA4DirDataModule,src.models.components.losses.CompoundCompressionLoss,Compound,/lustre/projects/1001/rdelprete/MAYA_DC/logs/default/multiruns/2026-03-24_15-29-55/lmbda_15_seed_2,,False,rcmc_grid,"[""maya4"", ""rcmc_compression"", ""scale_hyperprior""]",SHyp-GDN | MAYA4DirDataModule | slc | sq,"{""_runtime"": 4786, ""_step"": 150001, ""_timestamp"": 1774376090.2729032, ""epoch"": 30, ""fixed_patch/reconstruction"": {""_type"": ""image-file"", ""format"": ""png"", ""height"": 600, ""path"": ""media/images/fixed_patch/reconstruction_150000_b8dd62c675989111e762.png"", ""sha256"": ""b8dd62c675989111e7628c619099f443febfe86b6e615a226bbf9af7011b3d82"", ""size"": 1502118, ""width"": 2000}, ""test/aux"": 26.13310432434082, ""test/coherence"": 0.09771175682544708, ""test/complex_corr_mean"": 0.9022883772850036, ""test/complex_corr_std"": ""NaN"", ""test/distortion"": 0.23480990529060364, ""test/kde"": 0.06846114248037338, ""test/loss"": 4.225017547607422, ""test/mse"": 0.06863702088594437, ""test/phase_err_mean"": 0.0780249759554863, ""test/phase_err_std"": ""NaN"", ""test/psnr_amp"": 24.29183578491211, ""test/rate"": 0.7028674483299255, ""test/ssim_amp"": 0.49750274419784546, ""train/aux"": 25.853092193603516, ""train/coherence"": 0.12364697456359865, ""train/distortion"": 0.26832130551338196, ""train/grad_norm_g_a"": 11.874686241149902, ""train/grad_norm_g_s"": 9.3906831741333, ""train/grad_norm_h_a"": 0.04504691809415817, ""train/grad_norm_h_s"": 0.03834620490670204, ""train/kde"": 0.019925255328416824, ""train/loss"": 4.933876991271973, ""train/lr"": 9.999999747378752e-05, ""train/mse"": 0.1247490793466568, ""train/rate"": 0.9090576171875, ""trainer/global_step"": 75000, ""val_batch/coherence_loss"": 0.036441683769226074, ""val_batch/correlation_metric_mean"": 0.9635584354400636, ""val_batch/correlation_metric_std"": ""NaN"", ""val_batch/kde_loss"": 0.20720437169075012, ""val_batch/phase_error"": 0.02020406723022461, ""val_batch/psnr_slc"": 20.30620765686035, ""val_batch/reconstructions"": {""_type"": ""image-file"", ""format"": ""png"", ""height"": 1700, ""path"": ""media/images/val_batch/reconstructions_145051_d7a122b4aff3bcc88e4a.png"", ""sha256"": ""d7a122b4aff3bcc88e4abf48fab701c3f1f182c7116c24599a8de07efe87d275"", ""size"": 1563461, ""width"": 500}, ""val_batch/ssim_slc"": 0.3521580398082733, ""val_batch/x_hat_histogram"": {""_type"": ""histogram""}, ""valid/aux"": 26.13310432434082, ""valid/coherence"": 0.12764769792556763, ""valid/complex_corr_mean"": 0.8723523616790771, ""valid/complex_corr_std"": ""NaN"", ""valid/distortion"": 0.32530632615089417, ""valid/kde"": 0.06594233959913254, ""valid/loss"": 5.636767387390137, ""valid/mse"": 0.13171632587909698, ""valid/phase_err_mean"": 0.10828126221895218, ""valid/phase_err_std"": ""NaN"", ""valid/psnr_amp"": 27.217124938964844, ""valid/rate"": 0.7571733593940735, ""valid/rd_scatter_table"": {""_latest_artifact_path"": ""wandb-client-artifact://uozh6cmhms8lff4muxzyx5f6cs7yf20jqhge42zf3qsdpjzform48fxvb5smpzj6fneh33ywhopk6rp7rx5bszfk6tph6nv5k9ovom1zm7sqqshdqhff417nh0uiuhjw:latest/valid/rd_scatter_table.table.json"", ""_type"": ""table-file"", ""artifact_path"": ""wandb-client-artifact://63hlt6s52z35c3g7v0vbdd2u767kqwc0updvx4dhk8w0mnwln1z97z2vmrsajsohbatcevndxv1kwc9v03n50e6o64g5i5rndwbmrwupijrz2yy7vrsvitwt7bpoodyu/valid/rd_scatter_table.table.json"", ""log_mode"": ""IMMUTABLE"", ""ncols"": 3, ""nrows"": 31, ""path"": ""media/table/valid/rd_scatter_table_150000_bb4c46d3529137f8a2b1.table.json"", ""sha256"": ""bb4c46d3529137f8a2b12ff80c5338697ce33f122dd64efea5dc3b1bd603ece6"", ""size"": 1487}, ""valid/ssim_amp"": 0.4861730635166168}","{""azimuth_buffer"": 512, ""callbacks"": {""early_stopping"": {""_target_"": ""lightning.pytorch.callbacks.EarlyStopping"", ""check_finite"": true, ""check_on_train_epoch_end"": false, ""divergence_threshold"": null, ""min_delta"": 0, ""mode"": ""min"", ""monitor"": ""valid/loss"", ""patience"": 10, ""stopping_threshold"": null, ""strict"": true, ""verbose"": false}, ""model_checkpoint"": {""_target_"": ""lightning.pytorch.callbacks.ModelCheckpoint"", ""auto_insert_metric_name"": false, ""dirpath"": ""/lustre/projects/1001/rdelprete/MAYA_DC/logs/default/multiruns/2026-03-24_15-29-55/lmbda_15_seed_2/checkpoints"", ""every_n_epochs"": null, ""every_n_train_steps"": null, ""filename"": ""epoch_{epoch:03d}_loss_{valid/loss:.4f}"", ""mode"": ""min"", ""monitor"": ""valid/loss"", ""save_last"": true, ""save_on_train_epoch_end"": null, ""save_top_k"": 1, ""save_weights_only"": false, ""train_time_interval"": null, ""verbose"": false}, ""model_summary"": {""_target_"": ""lightning.pytorch.callbacks.RichModelSummary"", ""max_depth"": 2}, ""monitor_fix_patch"": {""verbose"": true}, ""monitor_fixed_patch"": {""_target_"": ""src.callbacks.monitor_fixed_patch.MonitorFixedPatch"", ""clip_factor"": 3, ""log_every_n_epochs"": 1, ""patch_json"": ""data/fixed_patches/s1c-s6-raw-s-vv-20250422t061414-20250422t061446-002002-0040d4.json"", ""verbose"": false}, ""monitor_val_recon"": {""_target_"": ""src.callbacks.monitor_val_reconstruction.MonitorValReconstruction"", ""clip_factor"": 3, ""log_every_n_epochs"": 1, ""num_images"": 3, ""verbose"": true}, ""rich_progress_bar"": {""_target_"": ""lightning.pytorch.callbacks.RichProgressBar""}, ""wandb_osh"": {""_target_"": ""wandb_osh.lightning_hooks.TriggerWandbSyncLightningCallback""}}, ""ckpt_path"": null, ""data"": {""_target_"": ""src.data.maya4_dir_datamodule.MAYA4DirDataModule"", ""azimuth_buffer"": 512, ""batch_size"": 4, ""max_products_test"": 2, ""max_products_train"": 10, ""max_products_val"": 2, ""num_workers"": 4, ""online"": false, ""patch_size"": [512, 512], ""pin_memory"": true, ""samples_per_prod"": 1000, ""test_dir"": ""/lustre/projects/1001/rdelprete/SSM/data/ssm_dataset/focused/PT3"", ""train_dir"": ""/lustre/projects/1001/rdelprete/SSM/data/ssm_dataset/focused/PT1"", ""val_dir"": ""/lustre/projects/1001/rdelprete/SSM/data/ssm_dataset/focused/PT2""}, ""determinism"": true, ""experiment_name"": ""rcmc_compress_baseline"", ""extras"": {""enforce_tags"": true, ""ignore_warnings"": false, ""print_config"": true}, ""lambda"": 15, ""logger"": {""wandb"": {""_target_"": ""lightning.pytorch.loggers.wandb.WandbLogger"", ""anonymous"": null, ""entity"": ""cedric-leonard"", ""group"": ""rcmc_grid"", ""id"": null, ""job_type"": """", ""log_model"": false, ""offline"": true, ""prefix"": """", ""project"": ""MAYA_DC"", ""save_dir"": ""/lustre/projects/1001/rdelprete/MAYA_DC/logs/default/multiruns/2026-03-24_15-29-55/lmbda_15_seed_2"", ""tags"": []}}, ""model"": {""_target_"": ""src.models.rcmc_compress_module.RCMCDCmodule"", ""aux_optimizer"": {""_partial_"": true, ""_target_"": ""torch.optim.Adam"", ""lr"": 0.001}, ""azimuth_buffer"": 512, ""compile"": false, ""criterion"": {""_target_"": ""src.models.components.losses.CompoundCompressionLoss"", ""azimuth_buffer"": 512, ""delta_coherence"": 1, ""delta_kde"": 1, ""lmbda"": 15, ""num_kde_bins"": 100, ""patch_size"": [512, 512]}, ""gradient_clip_norm"": 1, ""net"": {""_target_"": ""src.models.components.scale_hyperprior.ScaleHyperprior"", ""activation"": ""gdn"", ""nb_channels_latent"": 256, ""nb_channels_main"": 128, ""nb_input_channels"": 2, ""non_square_kernels"": false}, ""net_optimizer"": {""_partial_"": true, ""_target_"": ""torch.optim.Adam"", ""betas"": [0.9, 0.999], ""lr"": 0.0001}, ""scheduler"": {""_partial_"": true, ""_target_"": ""torch.optim.lr_scheduler.ReduceLROnPlateau"", ""factor"": 0.5, ""mode"": ""min"", ""patience"": 5}, ""training_mode"": ""slc""}, ""model/params/non_trainable"": 0, ""model/params/total"": 5626626, ""model/params/trainable"": 5626626, ""patch_size"": [512, 512], ""paths"": {""data_dir"": ""/lustre/projects/1001/rdelprete/MAYA_DC/data/"", ""log_dir"": ""/lustre/projects/1001/rdelprete/MAYA_DC/logs/"", ""output_dir"": ""/lustre/projects/1001/rdelprete/MAYA_DC/logs/default/multiruns/2026-03-24_15-29-55/lmbda_15_seed_2"", ""root_dir"": ""/lustre/projects/1001/rdelprete/MAYA_DC"", ""work_dir"": ""/lustre/home/u10010007""}, ""seed"": 2, ""tags"": [""rcmc_compression"", ""scale_hyperprior"", ""maya4""], ""task_name"": ""default"", ""test"": true, ""train"": true, ""trainer"": {""_target_"": ""lightning.pytorch.trainer.Trainer"", ""accelerator"": ""gpu"", ""check_val_every_n_epoch"": 1, ""default_root_dir"": ""/lustre/projects/1001/rdelprete/MAYA_DC/logs/default/multiruns/2026-03-24_15-29-55/lmbda_15_seed_2"", ""deterministic"": false, ""devices"": 4, ""max_epochs"": 30, ""min_epochs"": 1, ""num_nodes"": 1, ""precision"": ""32-true"", ""strategy"": ""ddp_find_unused_parameters_true"", ""sync_batchnorm"": true}}"
9kiou6dr,SHP-gdn_s2_L15_slc_buf512_Compound_lr0.0001_b4_10000p,finished,https://wandb.ai/cedric-leonard/MAYA_DC/runs/9kiou6dr,2026-03-26T08:36:04Z,cedric-leonard,MAYA_DC,2.0,15.0,slc,512.0,src.models.components.scale_hyperprior.ScaleHyperprior,ScaleHyperprior,SHyp,gdn,GDN,src.data.maya4_dir_datamodule.MAYA4DirDataModule,MAYA4DirDataModule,MAYA4DirDataModule,src.models.components.losses.CompoundCompressionLoss,Compound,/lustre/projects/1001/rdelprete/MAYA_DC/logs/default/multiruns/2026-03-26_09-05-52/lmbda_15_seed_2,,False,rcmc_grid,"[""maya4"", ""rcmc_compression"", ""scale_hyperprior""]",SHyp-GDN | MAYA4DirDataModule | slc | sq,"{""_runtime"": 5105, ""_step"": 150001, ""_timestamp"": 1774517469.2301824, ""epoch"": 30, ""fixed_patch/reconstruction"": {""_type"": ""image-file"", ""format"": ""png"", ""height"": 600, ""path"": ""media/images/fixed_patch/reconstruction_150000_b8dd62c675989111e762.png"", ""sha256"": ""b8dd62c675989111e7628c619099f443febfe86b6e615a226bbf9af7011b3d82"", ""size"": 1502118, ""width"": 2000}, ""test/aux"": 26.13310432434082, ""test/coherence"": 0.09771175682544708, ""test/complex_corr_mean"": 0.9022883772850036, ""test/complex_corr_std"": ""NaN"", ""test/distortion"": 0.23480990529060364, ""test/kde"": 0.06846114248037338, ""test/loss"": 4.225017547607422, ""test/mse"": 0.06863702088594437, ""test/phase_err_mean"": 0.0780249759554863, ""test/phase_err_std"": ""NaN"", ""test/psnr_amp"": 24.29183578491211, ""test/rate"": 0.7028674483299255, ""test/ssim_amp"": 0.49750274419784546, ""train/aux"": 25.853092193603516, ""train/coherence"": 0.12364697456359865, ""train/distortion"": 0.26832130551338196, ""train/grad_norm_g_a"": 11.874686241149902, ""train/grad_norm_g_s"": 9.3906831741333, ""train/grad_norm_h_a"": 0.04504691809415817, ""train/grad_norm_h_s"": 0.03834620490670204, ""train/kde"": 0.019925255328416824, ""train/loss"": 4.933876991271973, ""train/lr"": 9.999999747378752e-05, ""train/mse"": 0.1247490793466568, ""train/rate"": 0.9090576171875, ""trainer/global_step"": 75000, ""val_batch/coherence_loss"": 0.036441683769226074, ""val_batch/correlation_metric_mean"": 0.9635584354400636, ""val_batch/correlation_metric_std"": ""NaN"", ""val_batch/kde_loss"": 0.20720437169075012, ""val_batch/phase_error"": 0.02020406723022461, ""val_batch/psnr_slc"": 20.30620765686035, ""val_batch/reconstructions"": {""_type"": ""image-file"", ""format"": ""png"", ""height"": 1700, ""path"": ""media/images/val_batch/reconstructions_145051_d7a122b4aff3bcc88e4a.png"", ""sha256"": ""d7a122b4aff3bcc88e4abf48fab701c3f1f182c7116c24599a8de07efe87d275"", ""size"": 1563461, ""width"": 500}, ""val_batch/ssim_slc"": 0.3521580398082733, ""val_batch/x_hat_histogram"": {""_type"": ""histogram""}, ""valid/aux"": 26.13310432434082, ""valid/coherence"": 0.12764769792556763, ""valid/complex_corr_mean"": 0.8723523616790771, ""valid/complex_corr_std"": ""NaN"", ""valid/distortion"": 0.32530632615089417, ""valid/kde"": 0.06594233959913254, ""valid/loss"": 5.636767387390137, ""valid/mse"": 0.13171632587909698, ""valid/phase_err_mean"": 0.10828126221895218, ""valid/phase_err_std"": ""NaN"", ""valid/psnr_amp"": 27.217124938964844, ""valid/rate"": 0.7571733593940735, ""valid/rd_scatter_table"": {""_latest_artifact_path"": ""wandb-client-artifact://baowldnl9ic5ltmkwj9h96wy9j4x9pcpdqsz1pyfyfdrv9kdn2of09erbocm76amw4fpmd028mte7snr0y4hlfrbjjnyee9hj3bykle9wx3d3mnbhn2gscpbwul4f906:latest/valid/rd_scatter_table.table.json"", ""_type"": ""table-file"", ""artifact_path"": ""wandb-client-artifact://r5n8m3aj27if3pi5lltfbnfb8kakbe4nih3t4ygpr43r9gw19453od85wznd2z8htxljjqjlek3nsyqah82ph291yk560djhpqt1k8un14mc74vw3ht9m0xwg3djy29p/valid/rd_scatter_table.table.json"", ""log_mode"": ""IMMUTABLE"", ""ncols"": 3, ""nrows"": 31, ""path"": ""media/table/valid/rd_scatter_table_150000_bb4c46d3529137f8a2b1.table.json"", ""sha256"": ""bb4c46d3529137f8a2b12ff80c5338697ce33f122dd64efea5dc3b1bd603ece6"", ""size"": 1487}, ""valid/ssim_amp"": 0.4861730635166168}","{""azimuth_buffer"": 512, ""callbacks"": {""early_stopping"": {""_target_"": ""lightning.pytorch.callbacks.EarlyStopping"", ""check_finite"": true, ""check_on_train_epoch_end"": false, ""divergence_threshold"": null, ""min_delta"": 0, ""mode"": ""min"", ""monitor"": ""valid/loss"", ""patience"": 10, ""stopping_threshold"": null, ""strict"": true, ""verbose"": false}, ""model_checkpoint"": {""_target_"": ""lightning.pytorch.callbacks.ModelCheckpoint"", ""auto_insert_metric_name"": false, ""dirpath"": ""/lustre/projects/1001/rdelprete/MAYA_DC/logs/default/multiruns/2026-03-26_09-05-52/lmbda_15_seed_2/checkpoints"", ""every_n_epochs"": null, ""every_n_train_steps"": null, ""filename"": ""epoch_{epoch:03d}_loss_{valid/loss:.4f}"", ""mode"": ""min"", ""monitor"": ""valid/loss"", ""save_last"": true, ""save_on_train_epoch_end"": null, ""save_top_k"": 1, ""save_weights_only"": false, ""train_time_interval"": null, ""verbose"": false}, ""model_summary"": {""_target_"": ""lightning.pytorch.callbacks.RichModelSummary"", ""max_depth"": 2}, ""monitor_fix_patch"": {""verbose"": true}, ""monitor_fixed_patch"": {""_target_"": ""src.callbacks.monitor_fixed_patch.MonitorFixedPatch"", ""clip_factor"": 3, ""log_every_n_epochs"": 1, ""patch_json"": ""data/fixed_patches/s1c-s6-raw-s-vv-20250422t061414-20250422t061446-002002-0040d4.json"", ""verbose"": false}, ""monitor_val_recon"": {""_target_"": ""src.callbacks.monitor_val_reconstruction.MonitorValReconstruction"", ""clip_factor"": 3, ""log_every_n_epochs"": 1, ""num_images"": 3, ""verbose"": true}, ""rich_progress_bar"": {""_target_"": ""lightning.pytorch.callbacks.RichProgressBar""}, ""wandb_osh"": {""_target_"": ""wandb_osh.lightning_hooks.TriggerWandbSyncLightningCallback""}}, ""ckpt_path"": null, ""data"": {""_target_"": ""src.data.maya4_dir_datamodule.MAYA4DirDataModule"", ""azimuth_buffer"": 512, ""batch_size"": 4, ""max_products_test"": 2, ""max_products_train"": 10, ""max_products_val"": 2, ""num_workers"": 4, ""online"": false, ""patch_size"": [512, 512], ""pin_memory"": true, ""samples_per_prod"": 1000, ""test_dir"": ""/lustre/projects/1001/rdelprete/SSM/data/ssm_dataset/focused/PT3"", ""train_dir"": ""/lustre/projects/1001/rdelprete/SSM/data/ssm_dataset/focused/PT1"", ""val_dir"": ""/lustre/projects/1001/rdelprete/SSM/data/ssm_dataset/focused/PT2""}, ""determinism"": true, ""experiment_name"": ""rcmc_compress_baseline"", ""extras"": {""enforce_tags"": true, ""ignore_warnings"": false, ""print_config"": true}, ""lambda"": 15, ""logger"": {""wandb"": {""_target_"": ""lightning.pytorch.loggers.wandb.WandbLogger"", ""anonymous"": null, ""entity"": ""cedric-leonard"", ""group"": ""rcmc_grid"", ""id"": null, ""job_type"": """", ""log_model"": false, ""offline"": true, ""prefix"": """", ""project"": ""MAYA_DC"", ""save_dir"": ""/lustre/projects/1001/rdelprete/MAYA_DC/logs/default/multiruns/2026-03-26_09-05-52/lmbda_15_seed_2"", ""tags"": []}}, ""model"": {""_target_"": ""src.models.rcmc_compress_module.RCMCDCmodule"", ""aux_optimizer"": {""_partial_"": true, ""_target_"": ""torch.optim.Adam"", ""lr"": 0.001}, ""azimuth_buffer"": 512, ""compile"": false, ""criterion"": {""_target_"": ""src.models.components.losses.CompoundCompressionLoss"", ""azimuth_buffer"": 512, ""delta_coherence"": 1, ""delta_kde"": 1, ""lmbda"": 15, ""num_kde_bins"": 100, ""patch_size"": [512, 512]}, ""gradient_clip_norm"": 1, ""net"": {""_target_"": ""src.models.components.scale_hyperprior.ScaleHyperprior"", ""activation"": ""gdn"", ""nb_channels_latent"": 256, ""nb_channels_main"": 128, ""nb_input_channels"": 2, ""non_square_kernels"": false}, ""net_optimizer"": {""_partial_"": true, ""_target_"": ""torch.optim.Adam"", ""betas"": [0.9, 0.999], ""lr"": 0.0001}, ""scheduler"": {""_partial_"": true, ""_target_"": ""torch.optim.lr_scheduler.ReduceLROnPlateau"", ""factor"": 0.5, ""mode"": ""min"", ""patience"": 5}, ""training_mode"": ""slc""}, ""model/params/non_trainable"": 0, ""model/params/total"": 5626626, ""model/params/trainable"": 5626626, ""patch_size"": [512, 512], ""paths"": {""data_dir"": ""/lustre/projects/1001/rdelprete/MAYA_DC/data/"", ""log_dir"": ""/lustre/projects/1001/rdelprete/MAYA_DC/logs/"", ""output_dir"": ""/lustre/projects/1001/rdelprete/MAYA_DC/logs/default/multiruns/2026-03-26_09-05-52/lmbda_15_seed_2"", ""root_dir"": ""/lustre/projects/1001/rdelprete/MAYA_DC"", ""work_dir"": ""/lustre/home/u10010007""}, ""seed"": 2, ""tags"": [""rcmc_compression"", ""scale_hyperprior"", ""maya4""], ""task_name"": ""default"", ""test"": true, ""train"": true, ""trainer"": {""_target_"": ""lightning.pytorch.trainer.Trainer"", ""accelerator"": ""gpu"", ""check_val_every_n_epoch"": 1, ""default_root_dir"": ""/lustre/projects/1001/rdelprete/MAYA_DC/logs/default/multiruns/2026-03-26_09-05-52/lmbda_15_seed_2"", ""deterministic"": false, ""devices"": 4, ""max_epochs"": 30, ""min_epochs"": 1, ""num_nodes"": 1, ""precision"": ""32-true"", ""strategy"": ""ddp_find_unused_parameters_true"", ""sync_batchnorm"": true}}"
d126f26h,SHP-gdn_s0_L20_slc_buf512_Compound_lr0.0001_b4_10000p,finished,https://wandb.ai/cedric-leonard/MAYA_DC/runs/d126f26h,2026-03-23T17:10:57Z,cedric-leonard,MAYA_DC,0.0,20.0,slc,512.0,src.models.components.scale_hyperprior.ScaleHyperprior,ScaleHyperprior,SHyp,gdn,GDN,src.data.maya4_dir_datamodule.MAYA4DirDataModule,MAYA4DirDataModule,MAYA4DirDataModule,src.models.components.losses.CompoundCompressionLoss,Compound,/lustre/projects/1001/rdelprete/MAYA_DC/logs/default/multiruns/2026-03-23_16-31-02/lmbda_20_seed_0,,False,rcmc_grid,"[""maya4"", ""rcmc_compression"", ""scale_hyperprior""]",SHyp-GDN | MAYA4DirDataModule | slc | sq,"{""_runtime"": 5295, ""_step"": 150001, ""_timestamp"": 1774290664.245026, ""epoch"": 30, ""fixed_patch/reconstruction"": {""_type"": ""image-file"", ""format"": ""png"", ""height"": 600, ""path"": ""media/images/fixed_patch/reconstruction_150000_7f23e208c07b44f8fa21.png"", ""sha256"": ""7f23e208c07b44f8fa21962d98fbe9aa975a9e7688d5071d4e4ecf6605bbef18"", ""size"": 1488821, ""width"": 2000}, ""test/aux"": 35.8503303527832, ""test/coherence"": 0.07701806724071503, ""test/complex_corr_mean"": 0.9229817986488342, ""test/complex_corr_std"": ""NaN"", ""test/distortion"": 0.17648617923259735, ""test/kde"": 0.0447058342397213, ""test/loss"": 4.617520809173584, ""test/mse"": 0.054762277752161026, ""test/phase_err_mean"": 0.06530715525150299, ""test/phase_err_std"": ""NaN"", ""test/psnr_amp"": 25.08084487915039, ""test/rate"": 1.0877976417541504, ""test/ssim_amp"": 0.6005122661590576, ""train/aux"": 35.45060348510742, ""train/coherence"": 0.057686492800712585, ""train/distortion"": 0.11077171564102171, ""train/grad_norm_g_a"": 10.068719863891602, ""train/grad_norm_g_s"": 12.073968887329102, ""train/grad_norm_h_a"": 0.2198079079389572, ""train/grad_norm_h_s"": 0.09105754643678664, ""train/kde"": 0.016035964712500572, ""train/loss"": 3.2201015949249268, ""train/lr"": 9.999999747378752e-05, ""train/mse"": 0.03704925999045372, ""train/rate"": 1.0046671628952026, ""trainer/global_step"": 75000, ""val_batch/coherence_loss"": 0.029590904712677, ""val_batch/correlation_metric_mean"": 0.970409095287323, ""val_batch/correlation_metric_std"": ""NaN"", ""val_batch/kde_loss"": 0.1110370233654976, ""val_batch/phase_error"": 0.016804277896881104, ""val_batch/psnr_slc"": 20.88213157653809, ""val_batch/reconstructions"": {""_type"": ""image-file"", ""format"": ""png"", ""height"": 1700, ""path"": ""media/images/val_batch/reconstructions_145051_fc0b760ab39e77314110.png"", ""sha256"": ""fc0b760ab39e7731411036e0afe8b6a494e157c485774983d50647d8c7ed5c0f"", ""size"": 1577481, ""width"": 500}, ""val_batch/ssim_slc"": 0.5004820823669434, ""val_batch/x_hat_histogram"": {""_type"": ""histogram""}, ""valid/aux"": 35.8503303527832, ""valid/coherence"": 0.1016457825899124, ""valid/complex_corr_mean"": 0.8983541131019592, ""valid/complex_corr_std"": ""NaN"", ""valid/distortion"": 0.24506793916225433, ""valid/kde"": 0.03533428907394409, ""valid/loss"": 6.051034927368164, ""valid/mse"": 0.1080879271030426, ""valid/phase_err_mean"": 0.09353771805763245, ""valid/phase_err_std"": ""NaN"", ""valid/psnr_amp"": 28.008058547973633, ""valid/rate"": 1.1496750116348269, ""valid/rd_scatter_table"": {""_latest_artifact_path"": ""wandb-client-artifact://e5go1hphctccq3112dcl4jk1i7tlpuniy0kq9c0f4uesclb6zr4hbzxcwaoy0typ0i583azdxgkyjnl3duhw72ovvmeb8tvlpdoljkgtzxtcria922umoiec81svav1p:latest/valid/rd_scatter_table.table.json"", ""_type"": ""table-file"", ""artifact_path"": ""wandb-client-artifact://iwp9m8tovbjxeo4a31qj76061obmxb4t4phnn2il9pdm584nk08g2jctv5le1b3ftpbqv74df6vuwgvdtkyjm8i2c6536prwhkucxtdvbbgcetdf5t70jfisbibrh47a/valid/rd_scatter_table.table.json"", ""log_mode"": ""IMMUTABLE"", ""ncols"": 3, ""nrows"": 31, ""path"": ""media/table/valid/rd_scatter_table_150000_5f7b216174c6f58a3580.table.json"", ""sha256"": ""5f7b216174c6f58a35806f371ccde97ecaded496ca5d3251a5b82945fac331e5"", ""size"": 1482}, ""valid/ssim_amp"": 0.5863273739814758}","{""azimuth_buffer"": 512, ""callbacks"": {""early_stopping"": {""_target_"": ""lightning.pytorch.callbacks.EarlyStopping"", ""check_finite"": true, ""check_on_train_epoch_end"": false, ""divergence_threshold"": null, ""min_delta"": 0, ""mode"": ""min"", ""monitor"": ""valid/loss"", ""patience"": 10, ""stopping_threshold"": null, ""strict"": true, ""verbose"": false}, ""model_checkpoint"": {""_target_"": ""lightning.pytorch.callbacks.ModelCheckpoint"", ""auto_insert_metric_name"": false, ""dirpath"": ""/lustre/projects/1001/rdelprete/MAYA_DC/logs/default/multiruns/2026-03-23_16-31-02/lmbda_20_seed_0/checkpoints"", ""every_n_epochs"": null, ""every_n_train_steps"": null, ""filename"": ""epoch_{epoch:03d}_loss_{valid/loss:.4f}"", ""mode"": ""min"", ""monitor"": ""valid/loss"", ""save_last"": true, ""save_on_train_epoch_end"": null, ""save_top_k"": 1, ""save_weights_only"": false, ""train_time_interval"": null, ""verbose"": false}, ""model_summary"": {""_target_"": ""lightning.pytorch.callbacks.RichModelSummary"", ""max_depth"": 2}, ""monitor_fix_patch"": {""verbose"": true}, ""monitor_fixed_patch"": {""_target_"": ""src.callbacks.monitor_fixed_patch.MonitorFixedPatch"", ""clip_factor"": 3, ""log_every_n_epochs"": 1, ""patch_json"": ""data/fixed_patches/s1c-s6-raw-s-vv-20250422t061414-20250422t061446-002002-0040d4.json"", ""verbose"": false}, ""monitor_val_recon"": {""_target_"": ""src.callbacks.monitor_val_reconstruction.MonitorValReconstruction"", ""clip_factor"": 3, ""log_every_n_epochs"": 1, ""num_images"": 3, ""verbose"": true}, ""rich_progress_bar"": {""_target_"": ""lightning.pytorch.callbacks.RichProgressBar""}, ""wandb_osh"": {""_target_"": ""wandb_osh.lightning_hooks.TriggerWandbSyncLightningCallback""}}, ""ckpt_path"": null, ""data"": {""_target_"": ""src.data.maya4_dir_datamodule.MAYA4DirDataModule"", ""azimuth_buffer"": 512, ""batch_size"": 4, ""max_products_test"": 2, ""max_products_train"": 10, ""max_products_val"": 2, ""num_workers"": 4, ""online"": false, ""patch_size"": [512, 512], ""pin_memory"": true, ""samples_per_prod"": 1000, ""test_dir"": ""/lustre/projects/1001/rdelprete/SSM/data/ssm_dataset/focused/PT3"", ""train_dir"": ""/lustre/projects/1001/rdelprete/SSM/data/ssm_dataset/focused/PT1"", ""val_dir"": ""/lustre/projects/1001/rdelprete/SSM/data/ssm_dataset/focused/PT2""}, ""determinism"": true, ""experiment_name"": ""rcmc_compress_baseline"", ""extras"": {""enforce_tags"": true, ""ignore_warnings"": false, ""print_config"": true}, ""lambda"": 20, ""logger"": {""wandb"": {""_target_"": ""lightning.pytorch.loggers.wandb.WandbLogger"", ""anonymous"": null, ""entity"": ""cedric-leonard"", ""group"": ""rcmc_grid"", ""id"": null, ""job_type"": """", ""log_model"": false, ""offline"": true, ""prefix"": """", ""project"": ""MAYA_DC"", ""save_dir"": ""/lustre/projects/1001/rdelprete/MAYA_DC/logs/default/multiruns/2026-03-23_16-31-02/lmbda_20_seed_0"", ""tags"": []}}, ""model"": {""_target_"": ""src.models.rcmc_compress_module.RCMCDCmodule"", ""aux_optimizer"": {""_partial_"": true, ""_target_"": ""torch.optim.Adam"", ""lr"": 0.001}, ""azimuth_buffer"": 512, ""compile"": false, ""criterion"": {""_target_"": ""src.models.components.losses.CompoundCompressionLoss"", ""azimuth_buffer"": 512, ""delta_coherence"": 1, ""delta_kde"": 1, ""lmbda"": 20, ""num_kde_bins"": 100, ""patch_size"": [512, 512]}, ""gradient_clip_norm"": 1, ""net"": {""_target_"": ""src.models.components.scale_hyperprior.ScaleHyperprior"", ""activation"": ""gdn"", ""nb_channels_latent"": 256, ""nb_channels_main"": 128, ""nb_input_channels"": 2}, ""net_optimizer"": {""_partial_"": true, ""_target_"": ""torch.optim.Adam"", ""betas"": [0.9, 0.999], ""lr"": 0.0001}, ""scheduler"": {""_partial_"": true, ""_target_"": ""torch.optim.lr_scheduler.ReduceLROnPlateau"", ""factor"": 0.5, ""mode"": ""min"", ""patience"": 5}, ""training_mode"": ""slc""}, ""model/params/non_trainable"": 0, ""model/params/total"": 5626626, ""model/params/trainable"": 5626626, ""patch_size"": [512, 512], ""paths"": {""data_dir"": ""/lustre/projects/1001/rdelprete/MAYA_DC/data/"", ""log_dir"": ""/lustre/projects/1001/rdelprete/MAYA_DC/logs/"", ""output_dir"": ""/lustre/projects/1001/rdelprete/MAYA_DC/logs/default/multiruns/2026-03-23_16-31-02/lmbda_20_seed_0"", ""root_dir"": ""/lustre/projects/1001/rdelprete/MAYA_DC"", ""work_dir"": ""/lustre/home/u10010007""}, ""seed"": 0, ""tags"": [""rcmc_compression"", ""scale_hyperprior"", ""maya4""], ""task_name"": ""default"", ""test"": true, ""train"": true, ""trainer"": {""_target_"": ""lightning.pytorch.trainer.Trainer"", ""accelerator"": ""gpu"", ""check_val_every_n_epoch"": 1, ""default_root_dir"": ""/lustre/projects/1001/rdelprete/MAYA_DC/logs/default/multiruns/2026-03-23_16-31-02/lmbda_20_seed_0"", ""deterministic"": false, ""devices"": 4, ""max_epochs"": 30, ""min_epochs"": 1, ""num_nodes"": 1, ""precision"": ""32-true"", ""strategy"": ""ddp_find_unused_parameters_true"", ""sync_batchnorm"": true}}"
ulyyv48e,SHP-gdn_s0_L20_slc_buf512_Compound_lr0.0001_b4_10000p,finished,https://wandb.ai/cedric-leonard/MAYA_DC/runs/ulyyv48e,2026-03-26T08:59:00Z,cedric-leonard,MAYA_DC,0.0,20.0,slc,512.0,src.models.components.scale_hyperprior.ScaleHyperprior,ScaleHyperprior,SHyp,gdn,GDN,src.data.maya4_dir_datamodule.MAYA4DirDataModule,MAYA4DirDataModule,MAYA4DirDataModule,src.models.components.losses.CompoundCompressionLoss,Compound,/lustre/projects/1001/rdelprete/MAYA_DC/logs/default/multiruns/2026-03-26_09-01-51/lmbda_20_seed_0,,False,rcmc_grid,"[""maya4"", ""rcmc_compression"", ""scale_hyperprior""]",SHyp-GDN | MAYA4DirDataModule | slc | sq,"{""_runtime"": 181.21222656, ""_step"": 23, ""_timestamp"": 1774512311.2402337, ""epoch"": 0, ""fixed_patch/reconstruction"": {""_type"": ""image-file"", ""format"": ""png"", ""height"": 600, ""path"": ""media/images/fixed_patch/reconstruction_0_39857cd6b9c189cc0056.png"", ""sha256"": ""39857cd6b9c189cc0056731f8d84527b0172762754283c960553e7b9baf2c485"", ""size"": 1016452, ""width"": 2000}, ""train/aux"": 4874.3076171875, ""train/coherence"": 0.13468874990940094, ""train/distortion"": 0.3846117854118347, ""train/grad_norm_g_a"": 41.50569152832031, ""train/grad_norm_g_s"": 27.221120834350582, ""train/grad_norm_h_a"": 0.08092078566551208, ""train/grad_norm_h_s"": 0.06430227309465408, ""train/kde"": 0.1702907830476761, ""train/loss"": 8.124621391296387, ""train/lr"": 9.999999747378752e-05, ""train/mse"": 0.07963225245475769, ""train/rate"": 0.43238598108291626, ""trainer/global_step"": 1199, ""val_batch/coherence_loss"": 0.036520302295684814, ""val_batch/correlation_metric_mean"": 0.9634798169136048, ""val_batch/correlation_metric_std"": ""NaN"", ""val_batch/kde_loss"": 1.0578604936599731, ""val_batch/phase_error"": 0.01937764883041382, ""val_batch/psnr_slc"": 19.91794204711914, ""val_batch/reconstructions"": {""_type"": ""image-file"", ""format"": ""png"", ""height"": 1700, ""path"": ""media/images/val_batch/reconstructions_0_e4b810abc41ad8c04640.png"", ""sha256"": ""e4b810abc41ad8c046405b307f8a3f3f92dc943a356a099f8376bd3ba969a75b"", ""size"": 1533994, ""width"": 500}, ""val_batch/ssim_slc"": 0.10503333806991576, ""val_batch/x_hat_histogram"": {""_type"": ""histogram""}, ""valid/rd_scatter_table"": {""_latest_artifact_path"": ""wandb-client-artifact://evrw2yjjwav8177kfuo40v96u4qqd6n6j32b5pkwdbo1coduz43jge67xihii5ymq9xiz0pyie85v6spt8fyn2g56zj5r2c0z8uyv87ung268qd1ke0wqzvvunfz76ks:latest/valid/rd_scatter_table.table.json"", ""_type"": ""table-file"", ""artifact_path"": ""wandb-client-artifact://oasv8m5ydm00t9tchkol0bizy0omrgyhq2nvai7fr6by6u72mkiz1g7btxkmmjcrjfxe0w75r9u2q5wgj49oxpvchnbzenams26mx9s7ghfuxrh8t8puw78d9oi9aasp/valid/rd_scatter_table.table.json"", ""log_mode"": ""IMMUTABLE"", ""ncols"": 3, ""nrows"": 1, ""path"": ""media/table/valid/rd_scatter_table_0_e8533c81725432abc4ea.table.json"", ""sha256"": ""e8533c81725432abc4ea68cf3afa437ef480d58da87153e10661888f5d077499"", ""size"": 103}}","{""azimuth_buffer"": 512, ""callbacks"": {""early_stopping"": {""_target_"": ""lightning.pytorch.callbacks.EarlyStopping"", ""check_finite"": true, ""check_on_train_epoch_end"": false, ""divergence_threshold"": null, ""min_delta"": 0, ""mode"": ""min"", ""monitor"": ""valid/loss"", ""patience"": 10, ""stopping_threshold"": null, ""strict"": true, ""verbose"": false}, ""model_checkpoint"": {""_target_"": ""lightning.pytorch.callbacks.ModelCheckpoint"", ""auto_insert_metric_name"": false, ""dirpath"": ""/lustre/projects/1001/rdelprete/MAYA_DC/logs/default/multiruns/2026-03-26_09-01-51/lmbda_20_seed_0/checkpoints"", ""every_n_epochs"": null, ""every_n_train_steps"": null, ""filename"": ""epoch_{epoch:03d}_loss_{valid/loss:.4f}"", ""mode"": ""min"", ""monitor"": ""valid/loss"", ""save_last"": true, ""save_on_train_epoch_end"": null, ""save_top_k"": 1, ""save_weights_only"": false, ""train_time_interval"": null, ""verbose"": false}, ""model_summary"": {""_target_"": ""lightning.pytorch.callbacks.RichModelSummary"", ""max_depth"": 2}, ""monitor_fix_patch"": {""verbose"": true}, ""monitor_fixed_patch"": {""_target_"": ""src.callbacks.monitor_fixed_patch.MonitorFixedPatch"", ""clip_factor"": 3, ""log_every_n_epochs"": 1, ""patch_json"": ""data/fixed_patches/s1c-s6-raw-s-vv-20250422t061414-20250422t061446-002002-0040d4.json"", ""verbose"": false}, ""monitor_val_recon"": {""_target_"": ""src.callbacks.monitor_val_reconstruction.MonitorValReconstruction"", ""clip_factor"": 3, ""log_every_n_epochs"": 1, ""num_images"": 3, ""verbose"": true}, ""rich_progress_bar"": {""_target_"": ""lightning.pytorch.callbacks.RichProgressBar""}, ""wandb_osh"": {""_target_"": ""wandb_osh.lightning_hooks.TriggerWandbSyncLightningCallback""}}, ""ckpt_path"": null, ""data"": {""_target_"": ""src.data.maya4_dir_datamodule.MAYA4DirDataModule"", ""azimuth_buffer"": 512, ""batch_size"": 4, ""max_products_test"": 2, ""max_products_train"": 10, ""max_products_val"": 2, ""num_workers"": 4, ""online"": false, ""patch_size"": [512, 512], ""pin_memory"": true, ""samples_per_prod"": 1000, ""test_dir"": ""/lustre/projects/1001/rdelprete/SSM/data/ssm_dataset/focused/PT3"", ""train_dir"": ""/lustre/projects/1001/rdelprete/SSM/data/ssm_dataset/focused/PT1"", ""val_dir"": ""/lustre/projects/1001/rdelprete/SSM/data/ssm_dataset/focused/PT2""}, ""determinism"": true, ""experiment_name"": ""rcmc_compress_baseline"", ""extras"": {""enforce_tags"": true, ""ignore_warnings"": false, ""print_config"": true}, ""lambda"": 20, ""logger"": {""wandb"": {""_target_"": ""lightning.pytorch.loggers.wandb.WandbLogger"", ""anonymous"": null, ""entity"": ""cedric-leonard"", ""group"": ""rcmc_grid"", ""id"": null, ""job_type"": """", ""log_model"": false, ""offline"": true, ""prefix"": """", ""project"": ""MAYA_DC"", ""save_dir"": ""/lustre/projects/1001/rdelprete/MAYA_DC/logs/default/multiruns/2026-03-26_09-01-51/lmbda_20_seed_0"", ""tags"": []}}, ""model"": {""_target_"": ""src.models.rcmc_compress_module.RCMCDCmodule"", ""aux_optimizer"": {""_partial_"": true, ""_target_"": ""torch.optim.Adam"", ""lr"": 0.001}, ""azimuth_buffer"": 512, ""compile"": false, ""criterion"": {""_target_"": ""src.models.components.losses.CompoundCompressionLoss"", ""azimuth_buffer"": 512, ""delta_coherence"": 1, ""delta_kde"": 1, ""lmbda"": 20, ""num_kde_bins"": 100, ""patch_size"": [512, 512]}, ""gradient_clip_norm"": 1, ""net"": {""_target_"": ""src.models.components.scale_hyperprior.ScaleHyperprior"", ""activation"": ""gdn"", ""nb_channels_latent"": 256, ""nb_channels_main"": 128, ""nb_input_channels"": 2, ""non_square_kernels"": false}, ""net_optimizer"": {""_partial_"": true, ""_target_"": ""torch.optim.Adam"", ""betas"": [0.9, 0.999], ""lr"": 0.0001}, ""scheduler"": {""_partial_"": true, ""_target_"": ""torch.optim.lr_scheduler.ReduceLROnPlateau"", ""factor"": 0.5, ""mode"": ""min"", ""patience"": 5}, ""training_mode"": ""slc""}, ""model/params/non_trainable"": 0, ""model/params/total"": 5626626, ""model/params/trainable"": 5626626, ""patch_size"": [512, 512], ""paths"": {""data_dir"": ""/lustre/projects/1001/rdelprete/MAYA_DC/data/"", ""log_dir"": ""/lustre/projects/1001/rdelprete/MAYA_DC/logs/"", ""output_dir"": ""/lustre/projects/1001/rdelprete/MAYA_DC/logs/default/multiruns/2026-03-26_09-01-51/lmbda_20_seed_0"", ""root_dir"": ""/lustre/projects/1001/rdelprete/MAYA_DC"", ""work_dir"": ""/lustre/home/u10010007""}, ""seed"": 0, ""tags"": [""rcmc_compression"", ""scale_hyperprior"", ""maya4""], ""task_name"": ""default"", ""test"": true, ""train"": true, ""trainer"": {""_target_"": ""lightning.pytorch.trainer.Trainer"", ""accelerator"": ""gpu"", ""check_val_every_n_epoch"": 1, ""default_root_dir"": ""/lustre/projects/1001/rdelprete/MAYA_DC/logs/default/multiruns/2026-03-26_09-01-51/lmbda_20_seed_0"", ""deterministic"": false, ""devices"": 4, ""max_epochs"": 30, ""min_epochs"": 1, ""num_nodes"": 1, ""precision"": ""32-true"", ""strategy"": ""ddp_find_unused_parameters_true"", ""sync_batchnorm"": true}}"
vla2gaps,SHP-gdn_s0_L20_slc_buf512_Compound_lr0.0001_b4_10000p,finished,https://wandb.ai/cedric-leonard/MAYA_DC/runs/vla2gaps,2026-03-26T16:08:33Z,cedric-leonard,MAYA_DC,0.0,20.0,slc,512.0,src.models.components.scale_hyperprior.ScaleHyperprior,ScaleHyperprior,SHyp,gdn,GDN,src.data.maya4_dir_datamodule.MAYA4DirDataModule,MAYA4DirDataModule,MAYA4DirDataModule,src.models.components.losses.CompoundCompressionLoss,Compound,/lustre/projects/1001/rdelprete/MAYA_DC/logs/default/multiruns/2026-03-26_09-06-08_non_square/lmbda_20_seed_0,,True,rcmc_grid_non_square,"[""maya4"", ""rcmc_compression"", ""scale_hyperprior""]",SHyp-GDN | MAYA4DirDataModule | slc | nsk,"{""_runtime"": 5432, ""_step"": 150001, ""_timestamp"": 1774521670.3898616, ""epoch"": 30, ""fixed_patch/reconstruction"": {""_type"": ""image-file"", ""format"": ""png"", ""height"": 600, ""path"": ""media/images/fixed_patch/reconstruction_150000_db728582c26cfe8a5e9a.png"", ""sha256"": ""db728582c26cfe8a5e9a290169a211f0354cd48ab4fba8d2f38286c7ec71b559"", ""size"": 1500605, ""width"": 2000}, ""test/aux"": 25.72236061096191, ""test/coherence"": 0.10588061809539796, ""test/complex_corr_mean"": 0.8941194415092468, ""test/complex_corr_std"": ""NaN"", ""test/distortion"": 0.3128618896007538, ""test/kde"": 0.13318052887916565, ""test/loss"": 6.918928623199463, ""test/mse"": 0.07380075007677078, ""test/phase_err_mean"": 0.08122435212135315, ""test/phase_err_std"": ""NaN"", ""test/psnr_amp"": 24.06847381591797, ""test/rate"": 0.6616910696029663, ""test/ssim_amp"": 0.4417230486869812, ""train/aux"": 23.82796287536621, ""train/coherence"": 0.07952211797237396, ""train/distortion"": 0.1505628228187561, ""train/grad_norm_g_a"": 12.975061416625977, ""train/grad_norm_g_s"": 11.863483428955078, ""train/grad_norm_h_a"": 0.5676820874214172, ""train/grad_norm_h_s"": 0.12620419263839722, ""train/kde"": 0.02017239481210709, ""train/loss"": 3.745750665664673, ""train/lr"": 9.999999747378752e-05, ""train/mse"": 0.05086829885840416, ""train/rate"": 0.7344943881034851, ""trainer/global_step"": 75000, ""val_batch/coherence_loss"": 0.03378075361251831, ""val_batch/correlation_metric_mean"": 0.9662192463874816, ""val_batch/correlation_metric_std"": ""NaN"", ""val_batch/kde_loss"": 0.24846722185611725, ""val_batch/phase_error"": 0.018955230712890625, ""val_batch/psnr_slc"": 20.564777374267575, ""val_batch/reconstructions"": {""_type"": ""image-file"", ""format"": ""png"", ""height"": 1700, ""path"": ""media/images/val_batch/reconstructions_145051_bb13b68d12347fb6d480.png"", ""sha256"": ""bb13b68d12347fb6d480e3e9c8dc59f68666e5fcaad89bbd55cffeb3e791df36"", ""size"": 1547472, ""width"": 500}, ""val_batch/ssim_slc"": 0.38328099250793457, ""val_batch/x_hat_histogram"": {""_type"": ""histogram""}, ""valid/aux"": 22.662797927856445, ""valid/coherence"": 0.13850821554660797, ""valid/complex_corr_mean"": 0.8614917993545532, ""valid/complex_corr_std"": ""NaN"", ""valid/distortion"": 0.4169004559516907, ""valid/kde"": 0.1365022361278534, ""valid/loss"": 9.073965072631836, ""valid/mse"": 0.14189007878303528, ""valid/phase_err_mean"": 0.11271918565034866, ""valid/phase_err_std"": ""NaN"", ""valid/psnr_amp"": 27.008636474609375, ""valid/rate"": 0.7359533309936523, ""valid/rd_scatter_table"": {""_latest_artifact_path"": ""wandb-client-artifact://ws0nlt8o8r7lc1huxyfk3ds15kdgd7pp6f9t0rgi00aig9m02v52f94w8lodxlhnjlnzl3tra4avlaoz3rra4m78r4u7561jft532sgmbh03qkz30ctwzp9daih9z495:latest/valid/rd_scatter_table.table.json"", ""_type"": ""table-file"", ""artifact_path"": ""wandb-client-artifact://pbmqw36etbz09gdhiq934zhrbuhxc1hba7rw0u6wz4tzad0537dgbtw0jmiaiet6fk8ajdbp6m0hsyf1eufsm5whz8ajr3b0dbqftof0cjw932t3dp9vqadc35zt1p4k/valid/rd_scatter_table.table.json"", ""log_mode"": ""IMMUTABLE"", ""ncols"": 3, ""nrows"": 31, ""path"": ""media/table/valid/rd_scatter_table_150000_4301becfd1419721754c.table.json"", ""sha256"": ""4301becfd1419721754ccf010daf602bed58ac0d0f08b40348a5487e81fd0d0a"", ""size"": 1478}, ""valid/ssim_amp"": 0.4358908534049988}","{""azimuth_buffer"": 512, ""callbacks"": {""early_stopping"": {""_target_"": ""lightning.pytorch.callbacks.EarlyStopping"", ""check_finite"": true, ""check_on_train_epoch_end"": false, ""divergence_threshold"": null, ""min_delta"": 0, ""mode"": ""min"", ""monitor"": ""valid/loss"", ""patience"": 10, ""stopping_threshold"": null, ""strict"": true, ""verbose"": false}, ""model_checkpoint"": {""_target_"": ""lightning.pytorch.callbacks.ModelCheckpoint"", ""auto_insert_metric_name"": false, ""dirpath"": ""/lustre/projects/1001/rdelprete/MAYA_DC/logs/default/multiruns/2026-03-26_09-06-08_non_square/lmbda_20_seed_0/checkpoints"", ""every_n_epochs"": null, ""every_n_train_steps"": null, ""filename"": ""epoch_{epoch:03d}_loss_{valid/loss:.4f}"", ""mode"": ""min"", ""monitor"": ""valid/loss"", ""save_last"": true, ""save_on_train_epoch_end"": null, ""save_top_k"": 1, ""save_weights_only"": false, ""train_time_interval"": null, ""verbose"": false}, ""model_summary"": {""_target_"": ""lightning.pytorch.callbacks.RichModelSummary"", ""max_depth"": 2}, ""monitor_fix_patch"": {""verbose"": true}, ""monitor_fixed_patch"": {""_target_"": ""src.callbacks.monitor_fixed_patch.MonitorFixedPatch"", ""clip_factor"": 3, ""log_every_n_epochs"": 1, ""patch_json"": ""data/fixed_patches/s1c-s6-raw-s-vv-20250422t061414-20250422t061446-002002-0040d4.json"", ""verbose"": false}, ""monitor_val_recon"": {""_target_"": ""src.callbacks.monitor_val_reconstruction.MonitorValReconstruction"", ""clip_factor"": 3, ""log_every_n_epochs"": 1, ""num_images"": 3, ""verbose"": true}, ""rich_progress_bar"": {""_target_"": ""lightning.pytorch.callbacks.RichProgressBar""}, ""wandb_osh"": {""_target_"": ""wandb_osh.lightning_hooks.TriggerWandbSyncLightningCallback""}}, ""ckpt_path"": null, ""data"": {""_target_"": ""src.data.maya4_dir_datamodule.MAYA4DirDataModule"", ""azimuth_buffer"": 512, ""batch_size"": 4, ""max_products_test"": 2, ""max_products_train"": 10, ""max_products_val"": 2, ""num_workers"": 4, ""online"": false, ""patch_size"": [512, 512], ""pin_memory"": true, ""samples_per_prod"": 1000, ""test_dir"": ""/lustre/projects/1001/rdelprete/SSM/data/ssm_dataset/focused/PT3"", ""train_dir"": ""/lustre/projects/1001/rdelprete/SSM/data/ssm_dataset/focused/PT1"", ""val_dir"": ""/lustre/projects/1001/rdelprete/SSM/data/ssm_dataset/focused/PT2""}, ""determinism"": true, ""experiment_name"": ""rcmc_compress_baseline"", ""extras"": {""enforce_tags"": true, ""ignore_warnings"": false, ""print_config"": true}, ""lambda"": 20, ""logger"": {""wandb"": {""_target_"": ""lightning.pytorch.loggers.wandb.WandbLogger"", ""anonymous"": null, ""entity"": ""cedric-leonard"", ""group"": ""rcmc_grid_non_square"", ""id"": null, ""job_type"": """", ""log_model"": false, ""offline"": true, ""prefix"": """", ""project"": ""MAYA_DC"", ""save_dir"": ""/lustre/projects/1001/rdelprete/MAYA_DC/logs/default/multiruns/2026-03-26_09-06-08_non_square/lmbda_20_seed_0"", ""tags"": []}}, ""model"": {""_target_"": ""src.models.rcmc_compress_module.RCMCDCmodule"", ""aux_optimizer"": {""_partial_"": true, ""_target_"": ""torch.optim.Adam"", ""lr"": 0.001}, ""azimuth_buffer"": 512, ""compile"": false, ""criterion"": {""_target_"": ""src.models.components.losses.CompoundCompressionLoss"", ""azimuth_buffer"": 512, ""delta_coherence"": 1, ""delta_kde"": 1, ""lmbda"": 20, ""num_kde_bins"": 100, ""patch_size"": [512, 512]}, ""gradient_clip_norm"": 1, ""net"": {""_target_"": ""src.models.components.scale_hyperprior.ScaleHyperprior"", ""activation"": ""gdn"", ""nb_channels_latent"": 256, ""nb_channels_main"": 128, ""nb_input_channels"": 2, ""non_square_kernels"": true}, ""net_optimizer"": {""_partial_"": true, ""_target_"": ""torch.optim.Adam"", ""betas"": [0.9, 0.999], ""lr"": 0.0001}, ""scheduler"": {""_partial_"": true, ""_target_"": ""torch.optim.lr_scheduler.ReduceLROnPlateau"", ""factor"": 0.5, ""mode"": ""min"", ""patience"": 5}, ""training_mode"": ""slc""}, ""model/params/non_trainable"": 0, ""model/params/total"": 16662274, ""model/params/trainable"": 16662274, ""patch_size"": [512, 512], ""paths"": {""data_dir"": ""/lustre/projects/1001/rdelprete/MAYA_DC/data/"", ""log_dir"": ""/lustre/projects/1001/rdelprete/MAYA_DC/logs/"", ""output_dir"": ""/lustre/projects/1001/rdelprete/MAYA_DC/logs/default/multiruns/2026-03-26_09-06-08_non_square/lmbda_20_seed_0"", ""root_dir"": ""/lustre/projects/1001/rdelprete/MAYA_DC"", ""work_dir"": ""/lustre/home/u10010007""}, ""seed"": 0, ""tags"": [""rcmc_compression"", ""scale_hyperprior"", ""maya4""], ""task_name"": ""default"", ""test"": true, ""train"": true, ""trainer"": {""_target_"": ""lightning.pytorch.trainer.Trainer"", ""accelerator"": ""gpu"", ""check_val_every_n_epoch"": 1, ""default_root_dir"": ""/lustre/projects/1001/rdelprete/MAYA_DC/logs/default/multiruns/2026-03-26_09-06-08_non_square/lmbda_20_seed_0"", ""deterministic"": false, ""devices"": 4, ""max_epochs"": 30, ""min_epochs"": 1, ""num_nodes"": 1, ""precision"": ""32-true"", ""strategy"": ""ddp_find_unused_parameters_true"", ""sync_batchnorm"": true}}"
14rj5hom,SHP-gdn_s1_L20_slc_buf512_Compound_lr0.0001_b4_10000p,finished,https://wandb.ai/cedric-leonard/MAYA_DC/runs/14rj5hom,2026-03-23T17:10:01Z,cedric-leonard,MAYA_DC,1.0,20.0,slc,512.0,src.models.components.scale_hyperprior.ScaleHyperprior,ScaleHyperprior,SHyp,gdn,GDN,src.data.maya4_dir_datamodule.MAYA4DirDataModule,MAYA4DirDataModule,MAYA4DirDataModule,src.models.components.losses.CompoundCompressionLoss,Compound,/lustre/projects/1001/rdelprete/MAYA_DC/logs/default/multiruns/2026-03-23_16-31-02/lmbda_20_seed_1,,False,rcmc_grid,"[""maya4"", ""rcmc_compression"", ""scale_hyperprior""]",SHyp-GDN | MAYA4DirDataModule | slc | sq,"{""_runtime"": 5024, ""_step"": 150001, ""_timestamp"": 1774290401.889267, ""epoch"": 30, ""fixed_patch/reconstruction"": {""_type"": ""image-file"", ""format"": ""png"", ""height"": 600, ""path"": ""media/images/fixed_patch/reconstruction_150000_ed26e2bbb21e4e76a5da.png"", ""sha256"": ""ed26e2bbb21e4e76a5da1a2747591007acd794fb56cd1cb0c3172743d89cd8cc"", ""size"": 1491319, ""width"": 2000}, ""test/aux"": 21.0000057220459, ""test/coherence"": 0.08244960010051727, ""test/complex_corr_mean"": 0.917550265789032, ""test/complex_corr_std"": ""NaN"", ""test/distortion"": 0.18480420112609863, ""test/kde"": 0.04370822384953499, ""test/loss"": 4.695992946624756, ""test/mse"": 0.05864638462662697, ""test/phase_err_mean"": 0.06935197114944458, ""test/phase_err_std"": ""NaN"", ""test/psnr_amp"": 24.85462188720703, ""test/rate"": 0.9999099969863892, ""test/ssim_amp"": 0.5770187973976135, ""train/aux"": 21.10386848449707, ""train/coherence"": 0.1116199791431427, ""train/distortion"": 0.2700878977775574, ""train/grad_norm_g_a"": 17.213857650756836, ""train/grad_norm_g_s"": 14.078442573547363, ""train/grad_norm_h_a"": 0.1790837198495865, ""train/grad_norm_h_s"": 0.04936124011874199, ""train/kde"": 0.04842817410826683, ""train/loss"": 6.500606060028076, ""train/lr"": 9.999999747378752e-05, ""train/mse"": 0.11003972589969636, ""train/rate"": 1.098848581314087, ""trainer/global_step"": 75000, ""val_batch/coherence_loss"": 0.030557632446289062, ""val_batch/correlation_metric_mean"": 0.9694423675537108, ""val_batch/correlation_metric_std"": ""NaN"", ""val_batch/kde_loss"": 0.13189184665679932, ""val_batch/phase_error"": 0.017213940620422363, ""val_batch/psnr_slc"": 20.79098129272461, ""val_batch/reconstructions"": {""_type"": ""image-file"", ""format"": ""png"", ""height"": 1700, ""path"": ""media/images/val_batch/reconstructions_145051_42aaf20f40f5da7152e4.png"", ""sha256"": ""42aaf20f40f5da7152e4b6400771de433289c8cf40c947807a1dc4dfe01ea1f4"", ""size"": 1574865, ""width"": 500}, ""val_batch/ssim_slc"": 0.474736750125885, ""val_batch/x_hat_histogram"": {""_type"": ""histogram""}, ""valid/aux"": 21.943269729614254, ""valid/coherence"": 0.1069134995341301, ""valid/complex_corr_mean"": 0.8930865526199341, ""valid/complex_corr_std"": ""NaN"", ""valid/distortion"": 0.2613118588924408, ""valid/kde"": 0.04138799384236336, ""valid/loss"": 6.287631988525391, ""valid/mse"": 0.11301038414239883, ""valid/phase_err_mean"": 0.0969746708869934, ""valid/phase_err_std"": ""NaN"", ""valid/psnr_amp"": 27.84248733520508, ""valid/rate"": 1.061394453048706, ""valid/rd_scatter_table"": {""_latest_artifact_path"": ""wandb-client-artifact://xhoydu78oxtfls62zf201gqmadyd1csxtvazzepw49g12m34ar3vqgbbcrhdqff0sjmg192404wrhi2sw0whpf49nxz4zv6eagiq4xj1i5gxftej3ptf7uhbgll5lyi4:latest/valid/rd_scatter_table.table.json"", ""_type"": ""table-file"", ""artifact_path"": ""wandb-client-artifact://z7sg0kjo0b8xas4ldn7tsyg3u81r1fnpg3eycokoic4tsywyam48nhz686z8fv7y7ogpyx47j31molv5nfb2sm3m6ckdtiek2ievgm8l6bp6sg0krtsr0uexd72n85q0/valid/rd_scatter_table.table.json"", ""log_mode"": ""IMMUTABLE"", ""ncols"": 3, ""nrows"": 31, ""path"": ""media/table/valid/rd_scatter_table_150000_31920677cf2e9a3bebba.table.json"", ""sha256"": ""31920677cf2e9a3bebba3659c6fe1e9ccffba37c9d5d741874f028e843c641d0"", ""size"": 1479}, ""valid/ssim_amp"": 0.565108060836792}","{""azimuth_buffer"": 512, ""callbacks"": {""early_stopping"": {""_target_"": ""lightning.pytorch.callbacks.EarlyStopping"", ""check_finite"": true, ""check_on_train_epoch_end"": false, ""divergence_threshold"": null, ""min_delta"": 0, ""mode"": ""min"", ""monitor"": ""valid/loss"", ""patience"": 10, ""stopping_threshold"": null, ""strict"": true, ""verbose"": false}, ""model_checkpoint"": {""_target_"": ""lightning.pytorch.callbacks.ModelCheckpoint"", ""auto_insert_metric_name"": false, ""dirpath"": ""/lustre/projects/1001/rdelprete/MAYA_DC/logs/default/multiruns/2026-03-23_16-31-02/lmbda_20_seed_1/checkpoints"", ""every_n_epochs"": null, ""every_n_train_steps"": null, ""filename"": ""epoch_{epoch:03d}_loss_{valid/loss:.4f}"", ""mode"": ""min"", ""monitor"": ""valid/loss"", ""save_last"": true, ""save_on_train_epoch_end"": null, ""save_top_k"": 1, ""save_weights_only"": false, ""train_time_interval"": null, ""verbose"": false}, ""model_summary"": {""_target_"": ""lightning.pytorch.callbacks.RichModelSummary"", ""max_depth"": 2}, ""monitor_fix_patch"": {""verbose"": true}, ""monitor_fixed_patch"": {""_target_"": ""src.callbacks.monitor_fixed_patch.MonitorFixedPatch"", ""clip_factor"": 3, ""log_every_n_epochs"": 1, ""patch_json"": ""data/fixed_patches/s1c-s6-raw-s-vv-20250422t061414-20250422t061446-002002-0040d4.json"", ""verbose"": false}, ""monitor_val_recon"": {""_target_"": ""src.callbacks.monitor_val_reconstruction.MonitorValReconstruction"", ""clip_factor"": 3, ""log_every_n_epochs"": 1, ""num_images"": 3, ""verbose"": true}, ""rich_progress_bar"": {""_target_"": ""lightning.pytorch.callbacks.RichProgressBar""}, ""wandb_osh"": {""_target_"": ""wandb_osh.lightning_hooks.TriggerWandbSyncLightningCallback""}}, ""ckpt_path"": null, ""data"": {""_target_"": ""src.data.maya4_dir_datamodule.MAYA4DirDataModule"", ""azimuth_buffer"": 512, ""batch_size"": 4, ""max_products_test"": 2, ""max_products_train"": 10, ""max_products_val"": 2, ""num_workers"": 4, ""online"": false, ""patch_size"": [512, 512], ""pin_memory"": true, ""samples_per_prod"": 1000, ""test_dir"": ""/lustre/projects/1001/rdelprete/SSM/data/ssm_dataset/focused/PT3"", ""train_dir"": ""/lustre/projects/1001/rdelprete/SSM/data/ssm_dataset/focused/PT1"", ""val_dir"": ""/lustre/projects/1001/rdelprete/SSM/data/ssm_dataset/focused/PT2""}, ""determinism"": true, ""experiment_name"": ""rcmc_compress_baseline"", ""extras"": {""enforce_tags"": true, ""ignore_warnings"": false, ""print_config"": true}, ""lambda"": 20, ""logger"": {""wandb"": {""_target_"": ""lightning.pytorch.loggers.wandb.WandbLogger"", ""anonymous"": null, ""entity"": ""cedric-leonard"", ""group"": ""rcmc_grid"", ""id"": null, ""job_type"": """", ""log_model"": false, ""offline"": true, ""prefix"": """", ""project"": ""MAYA_DC"", ""save_dir"": ""/lustre/projects/1001/rdelprete/MAYA_DC/logs/default/multiruns/2026-03-23_16-31-02/lmbda_20_seed_1"", ""tags"": []}}, ""model"": {""_target_"": ""src.models.rcmc_compress_module.RCMCDCmodule"", ""aux_optimizer"": {""_partial_"": true, ""_target_"": ""torch.optim.Adam"", ""lr"": 0.001}, ""azimuth_buffer"": 512, ""compile"": false, ""criterion"": {""_target_"": ""src.models.components.losses.CompoundCompressionLoss"", ""azimuth_buffer"": 512, ""delta_coherence"": 1, ""delta_kde"": 1, ""lmbda"": 20, ""num_kde_bins"": 100, ""patch_size"": [512, 512]}, ""gradient_clip_norm"": 1, ""net"": {""_target_"": ""src.models.components.scale_hyperprior.ScaleHyperprior"", ""activation"": ""gdn"", ""nb_channels_latent"": 256, ""nb_channels_main"": 128, ""nb_input_channels"": 2}, ""net_optimizer"": {""_partial_"": true, ""_target_"": ""torch.optim.Adam"", ""betas"": [0.9, 0.999], ""lr"": 0.0001}, ""scheduler"": {""_partial_"": true, ""_target_"": ""torch.optim.lr_scheduler.ReduceLROnPlateau"", ""factor"": 0.5, ""mode"": ""min"", ""patience"": 5}, ""training_mode"": ""slc""}, ""model/params/non_trainable"": 0, ""model/params/total"": 5626626, ""model/params/trainable"": 5626626, ""patch_size"": [512, 512], ""paths"": {""data_dir"": ""/lustre/projects/1001/rdelprete/MAYA_DC/data/"", ""log_dir"": ""/lustre/projects/1001/rdelprete/MAYA_DC/logs/"", ""output_dir"": ""/lustre/projects/1001/rdelprete/MAYA_DC/logs/default/multiruns/2026-03-23_16-31-02/lmbda_20_seed_1"", ""root_dir"": ""/lustre/projects/1001/rdelprete/MAYA_DC"", ""work_dir"": ""/lustre/home/u10010007""}, ""seed"": 1, ""tags"": [""rcmc_compression"", ""scale_hyperprior"", ""maya4""], ""task_name"": ""default"", ""test"": true, ""train"": true, ""trainer"": {""_target_"": ""lightning.pytorch.trainer.Trainer"", ""accelerator"": ""gpu"", ""check_val_every_n_epoch"": 1, ""default_root_dir"": ""/lustre/projects/1001/rdelprete/MAYA_DC/logs/default/multiruns/2026-03-23_16-31-02/lmbda_20_seed_1"", ""deterministic"": false, ""devices"": 4, ""max_epochs"": 30, ""min_epochs"": 1, ""num_nodes"": 1, ""precision"": ""32-true"", ""strategy"": ""ddp_find_unused_parameters_true"", ""sync_batchnorm"": true}}"
hqcu4gal,SHP-gdn_s1_L20_slc_buf512_Compound_lr0.0001_b4_10000p,finished,https://wandb.ai/cedric-leonard/MAYA_DC/runs/hqcu4gal,2026-03-26T09:00:19Z,cedric-leonard,MAYA_DC,1.0,20.0,slc,512.0,src.models.components.scale_hyperprior.ScaleHyperprior,ScaleHyperprior,SHyp,gdn,GDN,src.data.maya4_dir_datamodule.MAYA4DirDataModule,MAYA4DirDataModule,MAYA4DirDataModule,src.models.components.losses.CompoundCompressionLoss,Compound,/lustre/projects/1001/rdelprete/MAYA_DC/logs/default/multiruns/2026-03-26_09-01-51/lmbda_20_seed_1,,False,rcmc_grid,"[""maya4"", ""rcmc_compression"", ""scale_hyperprior""]",SHyp-GDN | MAYA4DirDataModule | slc | sq,"{""_runtime"": 177.450868328, ""_step"": 23, ""_timestamp"": 1774512307.4719768, ""epoch"": 0, ""fixed_patch/reconstruction"": {""_type"": ""image-file"", ""format"": ""png"", ""height"": 600, ""path"": ""media/images/fixed_patch/reconstruction_0_a3d413bce2702e44fe7c.png"", ""sha256"": ""a3d413bce2702e44fe7ce1c26a2eb831f19ac0e52804160d9137c4b690dc39c0"", ""size"": 1020462, ""width"": 2000}, ""train/aux"": 4888.0087890625, ""train/coherence"": 0.20467573404312137, ""train/distortion"": 0.4583761692047119, ""train/grad_norm_g_a"": 10.66179084777832, ""train/grad_norm_g_s"": 10.302566528320312, ""train/grad_norm_h_a"": 0.04607541114091873, ""train/grad_norm_h_s"": 0.0510384626686573, ""train/kde"": 0.11191333085298538, ""train/loss"": 9.665186882019045, ""train/lr"": 9.999999747378752e-05, ""train/mse"": 0.1417870819568634, ""train/rate"": 0.49766385555267334, ""trainer/global_step"": 1199, ""val_batch/coherence_loss"": 0.0378383994102478, ""val_batch/correlation_metric_mean"": 0.9621617197990416, ""val_batch/correlation_metric_std"": ""NaN"", ""val_batch/kde_loss"": 0.9393598437309264, ""val_batch/phase_error"": 0.019830048084259033, ""val_batch/psnr_slc"": 19.373437881469727, ""val_batch/reconstructions"": {""_type"": ""image-file"", ""format"": ""png"", ""height"": 1700, ""path"": ""media/images/val_batch/reconstructions_0_9eb5830bd63926f0b7a4.png"", ""sha256"": ""9eb5830bd63926f0b7a4e6cedffd319bc4d26cd6f35456760de7a8292c4911f0"", ""size"": 1552463, ""width"": 500}, ""val_batch/ssim_slc"": 0.10071075707674026, ""val_batch/x_hat_histogram"": {""_type"": ""histogram""}, ""valid/rd_scatter_table"": {""_latest_artifact_path"": ""wandb-client-artifact://7rqiz93xv7nbxp0dlkcsxeq6wjakofjcmzh7gusv097wirqjisunr1vw0v5j3aep7486yz5jxwj74mx6m97wgtdt67zvtbx9h6xtltliof060x5mubw4n3d7lllru1x9:latest/valid/rd_scatter_table.table.json"", ""_type"": ""table-file"", ""artifact_path"": ""wandb-client-artifact://gih2j8yr7gw9tx6brwtxbvufhnhjcz747s5hfgtvmg0i89gylv42eeax62mvlrr2ujlx9fwlhlgq0j4s1ne34z4o6cq86x0p5wv19jxikrhjy5ft7hwnp5xgyljy70ps/valid/rd_scatter_table.table.json"", ""log_mode"": ""IMMUTABLE"", ""ncols"": 3, ""nrows"": 1, ""path"": ""media/table/valid/rd_scatter_table_0_bce722c685064592b72a.table.json"", ""sha256"": ""bce722c685064592b72a736d7ac317d6c96f98f4dce48fad045829c2e19b7499"", ""size"": 104}}","{""azimuth_buffer"": 512, ""callbacks"": {""early_stopping"": {""_target_"": ""lightning.pytorch.callbacks.EarlyStopping"", ""check_finite"": true, ""check_on_train_epoch_end"": false, ""divergence_threshold"": null, ""min_delta"": 0, ""mode"": ""min"", ""monitor"": ""valid/loss"", ""patience"": 10, ""stopping_threshold"": null, ""strict"": true, ""verbose"": false}, ""model_checkpoint"": {""_target_"": ""lightning.pytorch.callbacks.ModelCheckpoint"", ""auto_insert_metric_name"": false, ""dirpath"": ""/lustre/projects/1001/rdelprete/MAYA_DC/logs/default/multiruns/2026-03-26_09-01-51/lmbda_20_seed_1/checkpoints"", ""every_n_epochs"": null, ""every_n_train_steps"": null, ""filename"": ""epoch_{epoch:03d}_loss_{valid/loss:.4f}"", ""mode"": ""min"", ""monitor"": ""valid/loss"", ""save_last"": true, ""save_on_train_epoch_end"": null, ""save_top_k"": 1, ""save_weights_only"": false, ""train_time_interval"": null, ""verbose"": false}, ""model_summary"": {""_target_"": ""lightning.pytorch.callbacks.RichModelSummary"", ""max_depth"": 2}, ""monitor_fix_patch"": {""verbose"": true}, ""monitor_fixed_patch"": {""_target_"": ""src.callbacks.monitor_fixed_patch.MonitorFixedPatch"", ""clip_factor"": 3, ""log_every_n_epochs"": 1, ""patch_json"": ""data/fixed_patches/s1c-s6-raw-s-vv-20250422t061414-20250422t061446-002002-0040d4.json"", ""verbose"": false}, ""monitor_val_recon"": {""_target_"": ""src.callbacks.monitor_val_reconstruction.MonitorValReconstruction"", ""clip_factor"": 3, ""log_every_n_epochs"": 1, ""num_images"": 3, ""verbose"": true}, ""rich_progress_bar"": {""_target_"": ""lightning.pytorch.callbacks.RichProgressBar""}, ""wandb_osh"": {""_target_"": ""wandb_osh.lightning_hooks.TriggerWandbSyncLightningCallback""}}, ""ckpt_path"": null, ""data"": {""_target_"": ""src.data.maya4_dir_datamodule.MAYA4DirDataModule"", ""azimuth_buffer"": 512, ""batch_size"": 4, ""max_products_test"": 2, ""max_products_train"": 10, ""max_products_val"": 2, ""num_workers"": 4, ""online"": false, ""patch_size"": [512, 512], ""pin_memory"": true, ""samples_per_prod"": 1000, ""test_dir"": ""/lustre/projects/1001/rdelprete/SSM/data/ssm_dataset/focused/PT3"", ""train_dir"": ""/lustre/projects/1001/rdelprete/SSM/data/ssm_dataset/focused/PT1"", ""val_dir"": ""/lustre/projects/1001/rdelprete/SSM/data/ssm_dataset/focused/PT2""}, ""determinism"": true, ""experiment_name"": ""rcmc_compress_baseline"", ""extras"": {""enforce_tags"": true, ""ignore_warnings"": false, ""print_config"": true}, ""lambda"": 20, ""logger"": {""wandb"": {""_target_"": ""lightning.pytorch.loggers.wandb.WandbLogger"", ""anonymous"": null, ""entity"": ""cedric-leonard"", ""group"": ""rcmc_grid"", ""id"": null, ""job_type"": """", ""log_model"": false, ""offline"": true, ""prefix"": """", ""project"": ""MAYA_DC"", ""save_dir"": ""/lustre/projects/1001/rdelprete/MAYA_DC/logs/default/multiruns/2026-03-26_09-01-51/lmbda_20_seed_1"", ""tags"": []}}, ""model"": {""_target_"": ""src.models.rcmc_compress_module.RCMCDCmodule"", ""aux_optimizer"": {""_partial_"": true, ""_target_"": ""torch.optim.Adam"", ""lr"": 0.001}, ""azimuth_buffer"": 512, ""compile"": false, ""criterion"": {""_target_"": ""src.models.components.losses.CompoundCompressionLoss"", ""azimuth_buffer"": 512, ""delta_coherence"": 1, ""delta_kde"": 1, ""lmbda"": 20, ""num_kde_bins"": 100, ""patch_size"": [512, 512]}, ""gradient_clip_norm"": 1, ""net"": {""_target_"": ""src.models.components.scale_hyperprior.ScaleHyperprior"", ""activation"": ""gdn"", ""nb_channels_latent"": 256, ""nb_channels_main"": 128, ""nb_input_channels"": 2, ""non_square_kernels"": false}, ""net_optimizer"": {""_partial_"": true, ""_target_"": ""torch.optim.Adam"", ""betas"": [0.9, 0.999], ""lr"": 0.0001}, ""scheduler"": {""_partial_"": true, ""_target_"": ""torch.optim.lr_scheduler.ReduceLROnPlateau"", ""factor"": 0.5, ""mode"": ""min"", ""patience"": 5}, ""training_mode"": ""slc""}, ""model/params/non_trainable"": 0, ""model/params/total"": 5626626, ""model/params/trainable"": 5626626, ""patch_size"": [512, 512], ""paths"": {""data_dir"": ""/lustre/projects/1001/rdelprete/MAYA_DC/data/"", ""log_dir"": ""/lustre/projects/1001/rdelprete/MAYA_DC/logs/"", ""output_dir"": ""/lustre/projects/1001/rdelprete/MAYA_DC/logs/default/multiruns/2026-03-26_09-01-51/lmbda_20_seed_1"", ""root_dir"": ""/lustre/projects/1001/rdelprete/MAYA_DC"", ""work_dir"": ""/lustre/home/u10010007""}, ""seed"": 1, ""tags"": [""rcmc_compression"", ""scale_hyperprior"", ""maya4""], ""task_name"": ""default"", ""test"": true, ""train"": true, ""trainer"": {""_target_"": ""lightning.pytorch.trainer.Trainer"", ""accelerator"": ""gpu"", ""check_val_every_n_epoch"": 1, ""default_root_dir"": ""/lustre/projects/1001/rdelprete/MAYA_DC/logs/default/multiruns/2026-03-26_09-01-51/lmbda_20_seed_1"", ""deterministic"": false, ""devices"": 4, ""max_epochs"": 30, ""min_epochs"": 1, ""num_nodes"": 1, ""precision"": ""32-true"", ""strategy"": ""ddp_find_unused_parameters_true"", ""sync_batchnorm"": true}}"
mti66v09,SHP-gdn_s1_L20_slc_buf512_Compound_lr0.0001_b4_10000p,finished,https://wandb.ai/cedric-leonard/MAYA_DC/runs/mti66v09,2026-03-26T16:16:09Z,cedric-leonard,MAYA_DC,1.0,20.0,slc,512.0,src.models.components.scale_hyperprior.ScaleHyperprior,ScaleHyperprior,SHyp,gdn,GDN,src.data.maya4_dir_datamodule.MAYA4DirDataModule,MAYA4DirDataModule,MAYA4DirDataModule,src.models.components.losses.CompoundCompressionLoss,Compound,/lustre/projects/1001/rdelprete/MAYA_DC/logs/default/multiruns/2026-03-26_09-06-08_non_square/lmbda_20_seed_1,,True,rcmc_grid_non_square,"[""maya4"", ""rcmc_compression"", ""scale_hyperprior""]",SHyp-GDN | MAYA4DirDataModule | slc | nsk,"{""_runtime"": 5386, ""_step"": 150001, ""_timestamp"": 1774522551.2086844, ""epoch"": 30, ""fixed_patch/reconstruction"": {""_type"": ""image-file"", ""format"": ""png"", ""height"": 600, ""path"": ""media/images/fixed_patch/reconstruction_150000_19aa972285a4e53e8c63.png"", ""sha256"": ""19aa972285a4e53e8c631f9c81c261e6489701e8981e64712ec23b5110c68e46"", ""size"": 1503855, ""width"": 2000}, ""test/aux"": 17.746963500976562, ""test/coherence"": 0.10780981928110124, ""test/complex_corr_mean"": 0.8921902179718018, ""test/complex_corr_std"": ""NaN"", ""test/distortion"": 0.2746393084526062, ""test/kde"": 0.09132430702447893, ""test/loss"": 6.161960124969482, ""test/mse"": 0.07550524920225143, ""test/phase_err_mean"": 0.08338332176208496, ""test/phase_err_std"": ""NaN"", ""test/psnr_amp"": 23.99247360229492, ""test/rate"": 0.6691721081733704, ""test/ssim_amp"": 0.4515630602836609, ""train/aux"": 18.515544891357425, ""train/coherence"": 0.14492616057395935, ""train/distortion"": 0.30877578258514404, ""train/grad_norm_g_a"": 11.58251667022705, ""train/grad_norm_g_s"": 9.409722328186035, ""train/grad_norm_h_a"": 0.34943756461143494, ""train/grad_norm_h_s"": 0.058282267302274704, ""train/kde"": 0.024588780477643013, ""train/loss"": 7.0218305587768555, ""train/lr"": 4.999999873689376e-05, ""train/mse"": 0.13926085829734802, ""train/rate"": 0.8463149070739746, ""trainer/global_step"": 75000, ""val_batch/coherence_loss"": 0.03509211540222168, ""val_batch/correlation_metric_mean"": 0.9649078845977784, ""val_batch/correlation_metric_std"": ""NaN"", ""val_batch/kde_loss"": 0.20110447704792023, ""val_batch/phase_error"": 0.019395291805267337, ""val_batch/psnr_slc"": 20.401830673217773, ""val_batch/reconstructions"": {""_type"": ""image-file"", ""format"": ""png"", ""height"": 1700, ""path"": ""media/images/val_batch/reconstructions_145051_e97f041a8af2ed39b1af.png"", ""sha256"": ""e97f041a8af2ed39b1afca067db882f771a6e8ae663748a44e5888545d35fc52"", ""size"": 1560192, ""width"": 500}, ""val_batch/ssim_slc"": 0.3712998032569885, ""val_batch/x_hat_histogram"": {""_type"": ""histogram""}, ""valid/aux"": 19.46962547302246, ""valid/coherence"": 0.13709910213947296, ""valid/complex_corr_mean"": 0.8629008531570435, ""valid/complex_corr_std"": ""NaN"", ""valid/distortion"": 0.40281930565834045, ""valid/kde"": 0.12557673454284668, ""valid/loss"": 8.776788711547852, ""valid/mse"": 0.1401434987783432, ""valid/phase_err_mean"": 0.11077365279197691, ""valid/phase_err_std"": ""NaN"", ""valid/psnr_amp"": 27.028738021850582, ""valid/rate"": 0.7204013466835022, ""valid/rd_scatter_table"": {""_latest_artifact_path"": ""wandb-client-artifact://yv14vmfvh85x3mpztx6tqdaf57kd92xeqmzyq8avqsnro7tqej2dhv43lgghf04vq60gmb0hrr4f91eqo5tpbx6b7bp1td2rvkckewd55gpghcxklacogwr52h1njgxv:latest/valid/rd_scatter_table.table.json"", ""_type"": ""table-file"", ""artifact_path"": ""wandb-client-artifact://i9wpw78m0dd67e3dcccxv9dtsg8bq7094mg1blwct6ra6mbkw5btih0iyte05z4nmoytdo1q1ooeote6wzsclm75j3n2v9qgw6jowivja7pe3q9ltw3m3eodrqp67mda/valid/rd_scatter_table.table.json"", ""log_mode"": ""IMMUTABLE"", ""ncols"": 3, ""nrows"": 31, ""path"": ""media/table/valid/rd_scatter_table_150000_ff9130f91ed0e2988af2.table.json"", ""sha256"": ""ff9130f91ed0e2988af2f210d707ac9d797760fda14be7759136f04863ba8419"", ""size"": 1478}, ""valid/ssim_amp"": 0.44820472598075867}","{""azimuth_buffer"": 512, ""callbacks"": {""early_stopping"": {""_target_"": ""lightning.pytorch.callbacks.EarlyStopping"", ""check_finite"": true, ""check_on_train_epoch_end"": false, ""divergence_threshold"": null, ""min_delta"": 0, ""mode"": ""min"", ""monitor"": ""valid/loss"", ""patience"": 10, ""stopping_threshold"": null, ""strict"": true, ""verbose"": false}, ""model_checkpoint"": {""_target_"": ""lightning.pytorch.callbacks.ModelCheckpoint"", ""auto_insert_metric_name"": false, ""dirpath"": ""/lustre/projects/1001/rdelprete/MAYA_DC/logs/default/multiruns/2026-03-26_09-06-08_non_square/lmbda_20_seed_1/checkpoints"", ""every_n_epochs"": null, ""every_n_train_steps"": null, ""filename"": ""epoch_{epoch:03d}_loss_{valid/loss:.4f}"", ""mode"": ""min"", ""monitor"": ""valid/loss"", ""save_last"": true, ""save_on_train_epoch_end"": null, ""save_top_k"": 1, ""save_weights_only"": false, ""train_time_interval"": null, ""verbose"": false}, ""model_summary"": {""_target_"": ""lightning.pytorch.callbacks.RichModelSummary"", ""max_depth"": 2}, ""monitor_fix_patch"": {""verbose"": true}, ""monitor_fixed_patch"": {""_target_"": ""src.callbacks.monitor_fixed_patch.MonitorFixedPatch"", ""clip_factor"": 3, ""log_every_n_epochs"": 1, ""patch_json"": ""data/fixed_patches/s1c-s6-raw-s-vv-20250422t061414-20250422t061446-002002-0040d4.json"", ""verbose"": false}, ""monitor_val_recon"": {""_target_"": ""src.callbacks.monitor_val_reconstruction.MonitorValReconstruction"", ""clip_factor"": 3, ""log_every_n_epochs"": 1, ""num_images"": 3, ""verbose"": true}, ""rich_progress_bar"": {""_target_"": ""lightning.pytorch.callbacks.RichProgressBar""}, ""wandb_osh"": {""_target_"": ""wandb_osh.lightning_hooks.TriggerWandbSyncLightningCallback""}}, ""ckpt_path"": null, ""data"": {""_target_"": ""src.data.maya4_dir_datamodule.MAYA4DirDataModule"", ""azimuth_buffer"": 512, ""batch_size"": 4, ""max_products_test"": 2, ""max_products_train"": 10, ""max_products_val"": 2, ""num_workers"": 4, ""online"": false, ""patch_size"": [512, 512], ""pin_memory"": true, ""samples_per_prod"": 1000, ""test_dir"": ""/lustre/projects/1001/rdelprete/SSM/data/ssm_dataset/focused/PT3"", ""train_dir"": ""/lustre/projects/1001/rdelprete/SSM/data/ssm_dataset/focused/PT1"", ""val_dir"": ""/lustre/projects/1001/rdelprete/SSM/data/ssm_dataset/focused/PT2""}, ""determinism"": true, ""experiment_name"": ""rcmc_compress_baseline"", ""extras"": {""enforce_tags"": true, ""ignore_warnings"": false, ""print_config"": true}, ""lambda"": 20, ""logger"": {""wandb"": {""_target_"": ""lightning.pytorch.loggers.wandb.WandbLogger"", ""anonymous"": null, ""entity"": ""cedric-leonard"", ""group"": ""rcmc_grid_non_square"", ""id"": null, ""job_type"": """", ""log_model"": false, ""offline"": true, ""prefix"": """", ""project"": ""MAYA_DC"", ""save_dir"": ""/lustre/projects/1001/rdelprete/MAYA_DC/logs/default/multiruns/2026-03-26_09-06-08_non_square/lmbda_20_seed_1"", ""tags"": []}}, ""model"": {""_target_"": ""src.models.rcmc_compress_module.RCMCDCmodule"", ""aux_optimizer"": {""_partial_"": true, ""_target_"": ""torch.optim.Adam"", ""lr"": 0.001}, ""azimuth_buffer"": 512, ""compile"": false, ""criterion"": {""_target_"": ""src.models.components.losses.CompoundCompressionLoss"", ""azimuth_buffer"": 512, ""delta_coherence"": 1, ""delta_kde"": 1, ""lmbda"": 20, ""num_kde_bins"": 100, ""patch_size"": [512, 512]}, ""gradient_clip_norm"": 1, ""net"": {""_target_"": ""src.models.components.scale_hyperprior.ScaleHyperprior"", ""activation"": ""gdn"", ""nb_channels_latent"": 256, ""nb_channels_main"": 128, ""nb_input_channels"": 2, ""non_square_kernels"": true}, ""net_optimizer"": {""_partial_"": true, ""_target_"": ""torch.optim.Adam"", ""betas"": [0.9, 0.999], ""lr"": 0.0001}, ""scheduler"": {""_partial_"": true, ""_target_"": ""torch.optim.lr_scheduler.ReduceLROnPlateau"", ""factor"": 0.5, ""mode"": ""min"", ""patience"": 5}, ""training_mode"": ""slc""}, ""model/params/non_trainable"": 0, ""model/params/total"": 16662274, ""model/params/trainable"": 16662274, ""patch_size"": [512, 512], ""paths"": {""data_dir"": ""/lustre/projects/1001/rdelprete/MAYA_DC/data/"", ""log_dir"": ""/lustre/projects/1001/rdelprete/MAYA_DC/logs/"", ""output_dir"": ""/lustre/projects/1001/rdelprete/MAYA_DC/logs/default/multiruns/2026-03-26_09-06-08_non_square/lmbda_20_seed_1"", ""root_dir"": ""/lustre/projects/1001/rdelprete/MAYA_DC"", ""work_dir"": ""/lustre/home/u10010007""}, ""seed"": 1, ""tags"": [""rcmc_compression"", ""scale_hyperprior"", ""maya4""], ""task_name"": ""default"", ""test"": true, ""train"": true, ""trainer"": {""_target_"": ""lightning.pytorch.trainer.Trainer"", ""accelerator"": ""gpu"", ""check_val_every_n_epoch"": 1, ""default_root_dir"": ""/lustre/projects/1001/rdelprete/MAYA_DC/logs/default/multiruns/2026-03-26_09-06-08_non_square/lmbda_20_seed_1"", ""deterministic"": false, ""devices"": 4, ""max_epochs"": 30, ""min_epochs"": 1, ""num_nodes"": 1, ""precision"": ""32-true"", ""strategy"": ""ddp_find_unused_parameters_true"", ""sync_batchnorm"": true}}"
s9lx1c60,SHP-gdn_s2_L20_slc_buf512_Compound_lr0.0001_b4_10000p,finished,https://wandb.ai/cedric-leonard/MAYA_DC/runs/s9lx1c60,2026-03-23T17:11:57Z,cedric-leonard,MAYA_DC,2.0,20.0,slc,512.0,src.models.components.scale_hyperprior.ScaleHyperprior,ScaleHyperprior,SHyp,gdn,GDN,src.data.maya4_dir_datamodule.MAYA4DirDataModule,MAYA4DirDataModule,MAYA4DirDataModule,src.models.components.losses.CompoundCompressionLoss,Compound,/lustre/projects/1001/rdelprete/MAYA_DC/logs/default/multiruns/2026-03-23_16-31-02/lmbda_20_seed_2,,False,rcmc_grid,"[""maya4"", ""rcmc_compression"", ""scale_hyperprior""]",SHyp-GDN | MAYA4DirDataModule | slc | sq,"{""_runtime"": 4806, ""_step"": 150001, ""_timestamp"": 1774290216.3675864, ""epoch"": 30, ""fixed_patch/reconstruction"": {""_type"": ""image-file"", ""format"": ""png"", ""height"": 600, ""path"": ""media/images/fixed_patch/reconstruction_150000_f7cd8a7df736ae63b672.png"", ""sha256"": ""f7cd8a7df736ae63b672906d266c58a920bb291d05862d2d5b26041de48208ca"", ""size"": 1493049, ""width"": 2000}, ""test/aux"": 23.406574249267575, ""test/coherence"": 0.08121614158153534, ""test/complex_corr_mean"": 0.9187837839126588, ""test/complex_corr_std"": ""NaN"", ""test/distortion"": 0.17947612702846527, ""test/kde"": 0.04032117128372192, ""test/loss"": 4.637631416320801, ""test/mse"": 0.05793878436088562, ""test/phase_err_mean"": 0.06880272179841995, ""test/phase_err_std"": ""NaN"", ""test/psnr_amp"": 24.89931297302246, ""test/rate"": 1.0481094121932983, ""test/ssim_amp"": 0.5857192873954773, ""train/aux"": 25.410438537597656, ""train/coherence"": 0.0983920842409134, ""train/distortion"": 0.21098792552948, ""train/grad_norm_g_a"": 10.737382888793944, ""train/grad_norm_g_s"": 9.69936466217041, ""train/grad_norm_h_a"": 0.035302434116601944, ""train/grad_norm_h_s"": 0.02332933433353901, ""train/kde"": 0.013286919333040714, ""train/loss"": 5.4362101554870605, ""train/lr"": 9.999999747378752e-05, ""train/mse"": 0.09930891543626784, ""train/rate"": 1.21645188331604, ""trainer/global_step"": 75000, ""val_batch/coherence_loss"": 0.029246091842651367, ""val_batch/correlation_metric_mean"": 0.9707539081573486, ""val_batch/correlation_metric_std"": ""NaN"", ""val_batch/kde_loss"": 0.13508599996566772, ""val_batch/phase_error"": 0.016543984413146973, ""val_batch/psnr_slc"": 20.913246154785156, ""val_batch/reconstructions"": {""_type"": ""image-file"", ""format"": ""png"", ""height"": 1700, ""path"": ""media/images/val_batch/reconstructions_145051_584f8dfd833a8947dabb.png"", ""sha256"": ""584f8dfd833a8947dabb3582ec3f8abf8ef7cf9baa5760ba7622d6359865b3ce"", ""size"": 1574054, ""width"": 500}, ""val_batch/ssim_slc"": 0.4947175085544586, ""val_batch/x_hat_histogram"": {""_type"": ""histogram""}, ""valid/aux"": 23.986391067504883, ""valid/coherence"": 0.10233782231807707, ""valid/complex_corr_mean"": 0.8976622223854065, ""valid/complex_corr_std"": ""NaN"", ""valid/distortion"": 0.2529107928276062, ""valid/kde"": 0.04240373522043228, ""valid/loss"": 6.177725315093994, ""valid/mse"": 0.10816921293735504, ""valid/phase_err_mean"": 0.0933683142066002, ""valid/phase_err_std"": ""NaN"", ""valid/psnr_amp"": 27.976911544799805, ""valid/rate"": 1.119509220123291, ""valid/rd_scatter_table"": {""_latest_artifact_path"": ""wandb-client-artifact://cyem3bbfv118ykgyvdzunpbxqqdvfeny5enxnaubljuo4vrhite0nwzekcgxo2hynzm8zcl5sl4cies7xy32j310ribjrbbebnz9k8s5snzj5i8fy8unbmq5dhzqbl6e:latest/valid/rd_scatter_table.table.json"", ""_type"": ""table-file"", ""artifact_path"": ""wandb-client-artifact://q6jor8w569luuti1exwl2bwadam4ou8m57ffikblro6p28jenmgb3hr0mkfw5up6enivv7u3skqk5q0d4tuw8528hxt3jou2082893k112dgx6s4upd9ekhilqfvdsm7/valid/rd_scatter_table.table.json"", ""log_mode"": ""IMMUTABLE"", ""ncols"": 3, ""nrows"": 31, ""path"": ""media/table/valid/rd_scatter_table_150000_552723191d413eec7911.table.json"", ""sha256"": ""552723191d413eec7911c0d6d7dd27dbc6a2a8b4a99fb16ed4b30b48f62ccfb9"", ""size"": 1480}, ""valid/ssim_amp"": 0.580764651298523}","{""azimuth_buffer"": 512, ""callbacks"": {""early_stopping"": {""_target_"": ""lightning.pytorch.callbacks.EarlyStopping"", ""check_finite"": true, ""check_on_train_epoch_end"": false, ""divergence_threshold"": null, ""min_delta"": 0, ""mode"": ""min"", ""monitor"": ""valid/loss"", ""patience"": 10, ""stopping_threshold"": null, ""strict"": true, ""verbose"": false}, ""model_checkpoint"": {""_target_"": ""lightning.pytorch.callbacks.ModelCheckpoint"", ""auto_insert_metric_name"": false, ""dirpath"": ""/lustre/projects/1001/rdelprete/MAYA_DC/logs/default/multiruns/2026-03-23_16-31-02/lmbda_20_seed_2/checkpoints"", ""every_n_epochs"": null, ""every_n_train_steps"": null, ""filename"": ""epoch_{epoch:03d}_loss_{valid/loss:.4f}"", ""mode"": ""min"", ""monitor"": ""valid/loss"", ""save_last"": true, ""save_on_train_epoch_end"": null, ""save_top_k"": 1, ""save_weights_only"": false, ""train_time_interval"": null, ""verbose"": false}, ""model_summary"": {""_target_"": ""lightning.pytorch.callbacks.RichModelSummary"", ""max_depth"": 2}, ""monitor_fix_patch"": {""verbose"": true}, ""monitor_fixed_patch"": {""_target_"": ""src.callbacks.monitor_fixed_patch.MonitorFixedPatch"", ""clip_factor"": 3, ""log_every_n_epochs"": 1, ""patch_json"": ""data/fixed_patches/s1c-s6-raw-s-vv-20250422t061414-20250422t061446-002002-0040d4.json"", ""verbose"": false}, ""monitor_val_recon"": {""_target_"": ""src.callbacks.monitor_val_reconstruction.MonitorValReconstruction"", ""clip_factor"": 3, ""log_every_n_epochs"": 1, ""num_images"": 3, ""verbose"": true}, ""rich_progress_bar"": {""_target_"": ""lightning.pytorch.callbacks.RichProgressBar""}, ""wandb_osh"": {""_target_"": ""wandb_osh.lightning_hooks.TriggerWandbSyncLightningCallback""}}, ""ckpt_path"": null, ""data"": {""_target_"": ""src.data.maya4_dir_datamodule.MAYA4DirDataModule"", ""azimuth_buffer"": 512, ""batch_size"": 4, ""max_products_test"": 2, ""max_products_train"": 10, ""max_products_val"": 2, ""num_workers"": 4, ""online"": false, ""patch_size"": [512, 512], ""pin_memory"": true, ""samples_per_prod"": 1000, ""test_dir"": ""/lustre/projects/1001/rdelprete/SSM/data/ssm_dataset/focused/PT3"", ""train_dir"": ""/lustre/projects/1001/rdelprete/SSM/data/ssm_dataset/focused/PT1"", ""val_dir"": ""/lustre/projects/1001/rdelprete/SSM/data/ssm_dataset/focused/PT2""}, ""determinism"": true, ""experiment_name"": ""rcmc_compress_baseline"", ""extras"": {""enforce_tags"": true, ""ignore_warnings"": false, ""print_config"": true}, ""lambda"": 20, ""logger"": {""wandb"": {""_target_"": ""lightning.pytorch.loggers.wandb.WandbLogger"", ""anonymous"": null, ""entity"": ""cedric-leonard"", ""group"": ""rcmc_grid"", ""id"": null, ""job_type"": """", ""log_model"": false, ""offline"": true, ""prefix"": """", ""project"": ""MAYA_DC"", ""save_dir"": ""/lustre/projects/1001/rdelprete/MAYA_DC/logs/default/multiruns/2026-03-23_16-31-02/lmbda_20_seed_2"", ""tags"": []}}, ""model"": {""_target_"": ""src.models.rcmc_compress_module.RCMCDCmodule"", ""aux_optimizer"": {""_partial_"": true, ""_target_"": ""torch.optim.Adam"", ""lr"": 0.001}, ""azimuth_buffer"": 512, ""compile"": false, ""criterion"": {""_target_"": ""src.models.components.losses.CompoundCompressionLoss"", ""azimuth_buffer"": 512, ""delta_coherence"": 1, ""delta_kde"": 1, ""lmbda"": 20, ""num_kde_bins"": 100, ""patch_size"": [512, 512]}, ""gradient_clip_norm"": 1, ""net"": {""_target_"": ""src.models.components.scale_hyperprior.ScaleHyperprior"", ""activation"": ""gdn"", ""nb_channels_latent"": 256, ""nb_channels_main"": 128, ""nb_input_channels"": 2}, ""net_optimizer"": {""_partial_"": true, ""_target_"": ""torch.optim.Adam"", ""betas"": [0.9, 0.999], ""lr"": 0.0001}, ""scheduler"": {""_partial_"": true, ""_target_"": ""torch.optim.lr_scheduler.ReduceLROnPlateau"", ""factor"": 0.5, ""mode"": ""min"", ""patience"": 5}, ""training_mode"": ""slc""}, ""model/params/non_trainable"": 0, ""model/params/total"": 5626626, ""model/params/trainable"": 5626626, ""patch_size"": [512, 512], ""paths"": {""data_dir"": ""/lustre/projects/1001/rdelprete/MAYA_DC/data/"", ""log_dir"": ""/lustre/projects/1001/rdelprete/MAYA_DC/logs/"", ""output_dir"": ""/lustre/projects/1001/rdelprete/MAYA_DC/logs/default/multiruns/2026-03-23_16-31-02/lmbda_20_seed_2"", ""root_dir"": ""/lustre/projects/1001/rdelprete/MAYA_DC"", ""work_dir"": ""/lustre/home/u10010007""}, ""seed"": 2, ""tags"": [""rcmc_compression"", ""scale_hyperprior"", ""maya4""], ""task_name"": ""default"", ""test"": true, ""train"": true, ""trainer"": {""_target_"": ""lightning.pytorch.trainer.Trainer"", ""accelerator"": ""gpu"", ""check_val_every_n_epoch"": 1, ""default_root_dir"": ""/lustre/projects/1001/rdelprete/MAYA_DC/logs/default/multiruns/2026-03-23_16-31-02/lmbda_20_seed_2"", ""deterministic"": false, ""devices"": 4, ""max_epochs"": 30, ""min_epochs"": 1, ""num_nodes"": 1, ""precision"": ""32-true"", ""strategy"": ""ddp_find_unused_parameters_true"", ""sync_batchnorm"": true}}"
3oskz5pi,SHP-gdn_s2_L20_slc_buf512_Compound_lr0.0001_b4_10000p,finished,https://wandb.ai/cedric-leonard/MAYA_DC/runs/3oskz5pi,2026-03-26T08:59:49Z,cedric-leonard,MAYA_DC,2.0,20.0,slc,512.0,src.models.components.scale_hyperprior.ScaleHyperprior,ScaleHyperprior,SHyp,gdn,GDN,src.data.maya4_dir_datamodule.MAYA4DirDataModule,MAYA4DirDataModule,MAYA4DirDataModule,src.models.components.losses.CompoundCompressionLoss,Compound,/lustre/projects/1001/rdelprete/MAYA_DC/logs/default/multiruns/2026-03-26_09-01-51/lmbda_20_seed_2,,False,rcmc_grid,"[""maya4"", ""rcmc_compression"", ""scale_hyperprior""]",SHyp-GDN | MAYA4DirDataModule | slc | sq,"{""_runtime"": 179.574073232, ""_step"": 23, ""_timestamp"": 1774512309.58767, ""epoch"": 0, ""fixed_patch/reconstruction"": {""_type"": ""image-file"", ""format"": ""png"", ""height"": 600, ""path"": ""media/images/fixed_patch/reconstruction_0_fbef837878f107eb419d.png"", ""sha256"": ""fbef837878f107eb419d6003852d07d769d583f1aa8c35e26889cccdcd6f6664"", ""size"": 995448, ""width"": 2000}, ""train/aux"": 4871.9736328125, ""train/coherence"": 0.17080970108509064, ""train/distortion"": 0.3921545147895813, ""train/grad_norm_g_a"": 16.7672061920166, ""train/grad_norm_g_s"": 12.662891387939451, ""train/grad_norm_h_a"": 0.05486688017845154, ""train/grad_norm_h_s"": 0.07857667654752731, ""train/kde"": 0.08546779304742813, ""train/loss"": 8.305924415588379, ""train/lr"": 9.999999747378752e-05, ""train/mse"": 0.13587704300880432, ""train/rate"": 0.4628339111804962, ""trainer/global_step"": 1199, ""val_batch/coherence_loss"": 0.036866843700408936, ""val_batch/correlation_metric_mean"": 0.9631331562995912, ""val_batch/correlation_metric_std"": ""NaN"", ""val_batch/kde_loss"": 0.9727960824966432, ""val_batch/phase_error"": 0.019196271896362305, ""val_batch/psnr_slc"": 20.039409637451172, ""val_batch/reconstructions"": {""_type"": ""image-file"", ""format"": ""png"", ""height"": 1700, ""path"": ""media/images/val_batch/reconstructions_0_dae87e111fad4b8a6e52.png"", ""sha256"": ""dae87e111fad4b8a6e52d1fe0c6f4f0366b7a88eee6de827661acda1dcce9adc"", ""size"": 1320440, ""width"": 500}, ""val_batch/ssim_slc"": 0.10086777806282043, ""val_batch/x_hat_histogram"": {""_type"": ""histogram""}, ""valid/rd_scatter_table"": {""_latest_artifact_path"": ""wandb-client-artifact://bikw14u74mcvr73mu826gg9xkztq21gd14gn3yriwxybbyeex13z3dcwnwohe6krpmrv1bjkwusnmiian1m0kqpjlf6dutpqc7w86fj965ql7nhc93rpv5sn6e7i3d1r:latest/valid/rd_scatter_table.table.json"", ""_type"": ""table-file"", ""artifact_path"": ""wandb-client-artifact://n88n3jztj53osn0hppig357uyyilci0i3aq3wcll7rj45w9j7nar747djtogbu2hi6iziy47hhxvvg8cg6tw5nt9bps958aw0kloawph92b3ao51m5qjdn5c2qlcma17/valid/rd_scatter_table.table.json"", ""log_mode"": ""IMMUTABLE"", ""ncols"": 3, ""nrows"": 1, ""path"": ""media/table/valid/rd_scatter_table_0_689f35105d2927ea5c18.table.json"", ""sha256"": ""689f35105d2927ea5c18a7e09a3595988b0a72d45ace9b9b078ba7dcfec85602"", ""size"": 104}}","{""azimuth_buffer"": 512, ""callbacks"": {""early_stopping"": {""_target_"": ""lightning.pytorch.callbacks.EarlyStopping"", ""check_finite"": true, ""check_on_train_epoch_end"": false, ""divergence_threshold"": null, ""min_delta"": 0, ""mode"": ""min"", ""monitor"": ""valid/loss"", ""patience"": 10, ""stopping_threshold"": null, ""strict"": true, ""verbose"": false}, ""model_checkpoint"": {""_target_"": ""lightning.pytorch.callbacks.ModelCheckpoint"", ""auto_insert_metric_name"": false, ""dirpath"": ""/lustre/projects/1001/rdelprete/MAYA_DC/logs/default/multiruns/2026-03-26_09-01-51/lmbda_20_seed_2/checkpoints"", ""every_n_epochs"": null, ""every_n_train_steps"": null, ""filename"": ""epoch_{epoch:03d}_loss_{valid/loss:.4f}"", ""mode"": ""min"", ""monitor"": ""valid/loss"", ""save_last"": true, ""save_on_train_epoch_end"": null, ""save_top_k"": 1, ""save_weights_only"": false, ""train_time_interval"": null, ""verbose"": false}, ""model_summary"": {""_target_"": ""lightning.pytorch.callbacks.RichModelSummary"", ""max_depth"": 2}, ""monitor_fix_patch"": {""verbose"": true}, ""monitor_fixed_patch"": {""_target_"": ""src.callbacks.monitor_fixed_patch.MonitorFixedPatch"", ""clip_factor"": 3, ""log_every_n_epochs"": 1, ""patch_json"": ""data/fixed_patches/s1c-s6-raw-s-vv-20250422t061414-20250422t061446-002002-0040d4.json"", ""verbose"": false}, ""monitor_val_recon"": {""_target_"": ""src.callbacks.monitor_val_reconstruction.MonitorValReconstruction"", ""clip_factor"": 3, ""log_every_n_epochs"": 1, ""num_images"": 3, ""verbose"": true}, ""rich_progress_bar"": {""_target_"": ""lightning.pytorch.callbacks.RichProgressBar""}, ""wandb_osh"": {""_target_"": ""wandb_osh.lightning_hooks.TriggerWandbSyncLightningCallback""}}, ""ckpt_path"": null, ""data"": {""_target_"": ""src.data.maya4_dir_datamodule.MAYA4DirDataModule"", ""azimuth_buffer"": 512, ""batch_size"": 4, ""max_products_test"": 2, ""max_products_train"": 10, ""max_products_val"": 2, ""num_workers"": 4, ""online"": false, ""patch_size"": [512, 512], ""pin_memory"": true, ""samples_per_prod"": 1000, ""test_dir"": ""/lustre/projects/1001/rdelprete/SSM/data/ssm_dataset/focused/PT3"", ""train_dir"": ""/lustre/projects/1001/rdelprete/SSM/data/ssm_dataset/focused/PT1"", ""val_dir"": ""/lustre/projects/1001/rdelprete/SSM/data/ssm_dataset/focused/PT2""}, ""determinism"": true, ""experiment_name"": ""rcmc_compress_baseline"", ""extras"": {""enforce_tags"": true, ""ignore_warnings"": false, ""print_config"": true}, ""lambda"": 20, ""logger"": {""wandb"": {""_target_"": ""lightning.pytorch.loggers.wandb.WandbLogger"", ""anonymous"": null, ""entity"": ""cedric-leonard"", ""group"": ""rcmc_grid"", ""id"": null, ""job_type"": """", ""log_model"": false, ""offline"": true, ""prefix"": """", ""project"": ""MAYA_DC"", ""save_dir"": ""/lustre/projects/1001/rdelprete/MAYA_DC/logs/default/multiruns/2026-03-26_09-01-51/lmbda_20_seed_2"", ""tags"": []}}, ""model"": {""_target_"": ""src.models.rcmc_compress_module.RCMCDCmodule"", ""aux_optimizer"": {""_partial_"": true, ""_target_"": ""torch.optim.Adam"", ""lr"": 0.001}, ""azimuth_buffer"": 512, ""compile"": false, ""criterion"": {""_target_"": ""src.models.components.losses.CompoundCompressionLoss"", ""azimuth_buffer"": 512, ""delta_coherence"": 1, ""delta_kde"": 1, ""lmbda"": 20, ""num_kde_bins"": 100, ""patch_size"": [512, 512]}, ""gradient_clip_norm"": 1, ""net"": {""_target_"": ""src.models.components.scale_hyperprior.ScaleHyperprior"", ""activation"": ""gdn"", ""nb_channels_latent"": 256, ""nb_channels_main"": 128, ""nb_input_channels"": 2, ""non_square_kernels"": false}, ""net_optimizer"": {""_partial_"": true, ""_target_"": ""torch.optim.Adam"", ""betas"": [0.9, 0.999], ""lr"": 0.0001}, ""scheduler"": {""_partial_"": true, ""_target_"": ""torch.optim.lr_scheduler.ReduceLROnPlateau"", ""factor"": 0.5, ""mode"": ""min"", ""patience"": 5}, ""training_mode"": ""slc""}, ""model/params/non_trainable"": 0, ""model/params/total"": 5626626, ""model/params/trainable"": 5626626, ""patch_size"": [512, 512], ""paths"": {""data_dir"": ""/lustre/projects/1001/rdelprete/MAYA_DC/data/"", ""log_dir"": ""/lustre/projects/1001/rdelprete/MAYA_DC/logs/"", ""output_dir"": ""/lustre/projects/1001/rdelprete/MAYA_DC/logs/default/multiruns/2026-03-26_09-01-51/lmbda_20_seed_2"", ""root_dir"": ""/lustre/projects/1001/rdelprete/MAYA_DC"", ""work_dir"": ""/lustre/home/u10010007""}, ""seed"": 2, ""tags"": [""rcmc_compression"", ""scale_hyperprior"", ""maya4""], ""task_name"": ""default"", ""test"": true, ""train"": true, ""trainer"": {""_target_"": ""lightning.pytorch.trainer.Trainer"", ""accelerator"": ""gpu"", ""check_val_every_n_epoch"": 1, ""default_root_dir"": ""/lustre/projects/1001/rdelprete/MAYA_DC/logs/default/multiruns/2026-03-26_09-01-51/lmbda_20_seed_2"", ""deterministic"": false, ""devices"": 4, ""max_epochs"": 30, ""min_epochs"": 1, ""num_nodes"": 1, ""precision"": ""32-true"", ""strategy"": ""ddp_find_unused_parameters_true"", ""sync_batchnorm"": true}}"
s81vxdys,SHP-gdn_s2_L20_slc_buf512_Compound_lr0.0001_b4_10000p,finished,https://wandb.ai/cedric-leonard/MAYA_DC/runs/s81vxdys,2026-03-26T16:13:35Z,cedric-leonard,MAYA_DC,2.0,20.0,slc,512.0,src.models.components.scale_hyperprior.ScaleHyperprior,ScaleHyperprior,SHyp,gdn,GDN,src.data.maya4_dir_datamodule.MAYA4DirDataModule,MAYA4DirDataModule,MAYA4DirDataModule,src.models.components.losses.CompoundCompressionLoss,Compound,/lustre/projects/1001/rdelprete/MAYA_DC/logs/default/multiruns/2026-03-26_09-06-08_non_square/lmbda_20_seed_2,,True,rcmc_grid_non_square,"[""maya4"", ""rcmc_compression"", ""scale_hyperprior""]",SHyp-GDN | MAYA4DirDataModule | slc | nsk,"{""_runtime"": 5664, ""_step"": 150001, ""_timestamp"": 1774523160.995517, ""epoch"": 30, ""fixed_patch/reconstruction"": {""_type"": ""image-file"", ""format"": ""png"", ""height"": 600, ""path"": ""media/images/fixed_patch/reconstruction_150000_9cc6d432bd8bd2f7674d.png"", ""sha256"": ""9cc6d432bd8bd2f7674d2485afa647717017fb637121929ddbc47cc2496f3e6f"", ""size"": 1499477, ""width"": 2000}, ""test/aux"": 18.694658279418945, ""test/coherence"": 0.10303447395563126, ""test/complex_corr_mean"": 0.8969655632972717, ""test/complex_corr_std"": ""NaN"", ""test/distortion"": 0.2937498092651367, ""test/kde"": 0.11868053674697876, ""test/loss"": 6.580338954925537, ""test/mse"": 0.07203491777181625, ""test/phase_err_mean"": 0.07975351065397263, ""test/phase_err_std"": ""NaN"", ""test/psnr_amp"": 24.153553009033203, ""test/rate"": 0.7053431272506714, ""test/ssim_amp"": 0.4612173736095429, ""train/aux"": 19.14093017578125, ""train/coherence"": 0.13640624284744263, ""train/distortion"": 0.2940822243690491, ""train/grad_norm_g_a"": 15.881279945373535, ""train/grad_norm_g_s"": 10.931781768798828, ""train/grad_norm_h_a"": 1.9719831943511963, ""train/grad_norm_h_s"": 0.3758794963359833, ""train/kde"": 0.01951570436358452, ""train/loss"": 6.8043012619018555, ""train/lr"": 9.999999747378752e-05, ""train/mse"": 0.13816028833389282, ""train/rate"": 0.9226567149162292, ""trainer/global_step"": 75000, ""val_batch/coherence_loss"": 0.03454560041427612, ""val_batch/correlation_metric_mean"": 0.965454399585724, ""val_batch/correlation_metric_std"": ""NaN"", ""val_batch/kde_loss"": 0.1995011866092682, ""val_batch/phase_error"": 0.0192493200302124, ""val_batch/psnr_slc"": 20.470943450927734, ""val_batch/reconstructions"": {""_type"": ""image-file"", ""format"": ""png"", ""height"": 1700, ""path"": ""media/images/val_batch/reconstructions_145051_dff2e3767ecf4a4baba0.png"", ""sha256"": ""dff2e3767ecf4a4baba0a9ad4042a10d524d01ee23fae9f7a939e299b0c44a56"", ""size"": 1552060, ""width"": 500}, ""val_batch/ssim_slc"": 0.38562965393066406, ""val_batch/x_hat_histogram"": {""_type"": ""histogram""}, ""valid/aux"": 18.694658279418945, ""valid/coherence"": 0.13714496791362762, ""valid/complex_corr_mean"": 0.862855076789856, ""valid/complex_corr_std"": ""NaN"", ""valid/distortion"": 0.3944629728794098, ""valid/kde"": 0.11643342673778534, ""valid/loss"": 8.644615173339844, ""valid/mse"": 0.14088454842567444, ""valid/phase_err_mean"": 0.11213729530572893, ""valid/phase_err_std"": ""NaN"", ""valid/psnr_amp"": 27.028335571289062, ""valid/rate"": 0.7553554773330688, ""valid/rd_scatter_table"": {""_latest_artifact_path"": ""wandb-client-artifact://t3qcptglrkxm5d332gq03i16x4ryibs8fuv21tcaba8v1m9cwzv377xb4kembkde8etoq0zm8q3qd29k4iyip3f798nqgif566h5kexsjq37uil41383ds539jghqfon:latest/valid/rd_scatter_table.table.json"", ""_type"": ""table-file"", ""artifact_path"": ""wandb-client-artifact://5s0wb73cy9je43e6ncebl5dlwbcw49f6sc3skhsi2kkub512u9yueg9821os3c2ro29uggtru0yxcbnlmg31me7gh4v4ybmvnjeh431ydamdwapf98269qg7rj019rgd/valid/rd_scatter_table.table.json"", ""log_mode"": ""IMMUTABLE"", ""ncols"": 3, ""nrows"": 31, ""path"": ""media/table/valid/rd_scatter_table_150000_3199789a447cd1ad7de4.table.json"", ""sha256"": ""3199789a447cd1ad7de4cf251500e314548433f6e12e48919e812c3923de122d"", ""size"": 1476}, ""valid/ssim_amp"": 0.4492229223251343}","{""azimuth_buffer"": 512, ""callbacks"": {""early_stopping"": {""_target_"": ""lightning.pytorch.callbacks.EarlyStopping"", ""check_finite"": true, ""check_on_train_epoch_end"": false, ""divergence_threshold"": null, ""min_delta"": 0, ""mode"": ""min"", ""monitor"": ""valid/loss"", ""patience"": 10, ""stopping_threshold"": null, ""strict"": true, ""verbose"": false}, ""model_checkpoint"": {""_target_"": ""lightning.pytorch.callbacks.ModelCheckpoint"", ""auto_insert_metric_name"": false, ""dirpath"": ""/lustre/projects/1001/rdelprete/MAYA_DC/logs/default/multiruns/2026-03-26_09-06-08_non_square/lmbda_20_seed_2/checkpoints"", ""every_n_epochs"": null, ""every_n_train_steps"": null, ""filename"": ""epoch_{epoch:03d}_loss_{valid/loss:.4f}"", ""mode"": ""min"", ""monitor"": ""valid/loss"", ""save_last"": true, ""save_on_train_epoch_end"": null, ""save_top_k"": 1, ""save_weights_only"": false, ""train_time_interval"": null, ""verbose"": false}, ""model_summary"": {""_target_"": ""lightning.pytorch.callbacks.RichModelSummary"", ""max_depth"": 2}, ""monitor_fix_patch"": {""verbose"": true}, ""monitor_fixed_patch"": {""_target_"": ""src.callbacks.monitor_fixed_patch.MonitorFixedPatch"", ""clip_factor"": 3, ""log_every_n_epochs"": 1, ""patch_json"": ""data/fixed_patches/s1c-s6-raw-s-vv-20250422t061414-20250422t061446-002002-0040d4.json"", ""verbose"": false}, ""monitor_val_recon"": {""_target_"": ""src.callbacks.monitor_val_reconstruction.MonitorValReconstruction"", ""clip_factor"": 3, ""log_every_n_epochs"": 1, ""num_images"": 3, ""verbose"": true}, ""rich_progress_bar"": {""_target_"": ""lightning.pytorch.callbacks.RichProgressBar""}, ""wandb_osh"": {""_target_"": ""wandb_osh.lightning_hooks.TriggerWandbSyncLightningCallback""}}, ""ckpt_path"": null, ""data"": {""_target_"": ""src.data.maya4_dir_datamodule.MAYA4DirDataModule"", ""azimuth_buffer"": 512, ""batch_size"": 4, ""max_products_test"": 2, ""max_products_train"": 10, ""max_products_val"": 2, ""num_workers"": 4, ""online"": false, ""patch_size"": [512, 512], ""pin_memory"": true, ""samples_per_prod"": 1000, ""test_dir"": ""/lustre/projects/1001/rdelprete/SSM/data/ssm_dataset/focused/PT3"", ""train_dir"": ""/lustre/projects/1001/rdelprete/SSM/data/ssm_dataset/focused/PT1"", ""val_dir"": ""/lustre/projects/1001/rdelprete/SSM/data/ssm_dataset/focused/PT2""}, ""determinism"": true, ""experiment_name"": ""rcmc_compress_baseline"", ""extras"": {""enforce_tags"": true, ""ignore_warnings"": false, ""print_config"": true}, ""lambda"": 20, ""logger"": {""wandb"": {""_target_"": ""lightning.pytorch.loggers.wandb.WandbLogger"", ""anonymous"": null, ""entity"": ""cedric-leonard"", ""group"": ""rcmc_grid_non_square"", ""id"": null, ""job_type"": """", ""log_model"": false, ""offline"": true, ""prefix"": """", ""project"": ""MAYA_DC"", ""save_dir"": ""/lustre/projects/1001/rdelprete/MAYA_DC/logs/default/multiruns/2026-03-26_09-06-08_non_square/lmbda_20_seed_2"", ""tags"": []}}, ""model"": {""_target_"": ""src.models.rcmc_compress_module.RCMCDCmodule"", ""aux_optimizer"": {""_partial_"": true, ""_target_"": ""torch.optim.Adam"", ""lr"": 0.001}, ""azimuth_buffer"": 512, ""compile"": false, ""criterion"": {""_target_"": ""src.models.components.losses.CompoundCompressionLoss"", ""azimuth_buffer"": 512, ""delta_coherence"": 1, ""delta_kde"": 1, ""lmbda"": 20, ""num_kde_bins"": 100, ""patch_size"": [512, 512]}, ""gradient_clip_norm"": 1, ""net"": {""_target_"": ""src.models.components.scale_hyperprior.ScaleHyperprior"", ""activation"": ""gdn"", ""nb_channels_latent"": 256, ""nb_channels_main"": 128, ""nb_input_channels"": 2, ""non_square_kernels"": true}, ""net_optimizer"": {""_partial_"": true, ""_target_"": ""torch.optim.Adam"", ""betas"": [0.9, 0.999], ""lr"": 0.0001}, ""scheduler"": {""_partial_"": true, ""_target_"": ""torch.optim.lr_scheduler.ReduceLROnPlateau"", ""factor"": 0.5, ""mode"": ""min"", ""patience"": 5}, ""training_mode"": ""slc""}, ""model/params/non_trainable"": 0, ""model/params/total"": 16662274, ""model/params/trainable"": 16662274, ""patch_size"": [512, 512], ""paths"": {""data_dir"": ""/lustre/projects/1001/rdelprete/MAYA_DC/data/"", ""log_dir"": ""/lustre/projects/1001/rdelprete/MAYA_DC/logs/"", ""output_dir"": ""/lustre/projects/1001/rdelprete/MAYA_DC/logs/default/multiruns/2026-03-26_09-06-08_non_square/lmbda_20_seed_2"", ""root_dir"": ""/lustre/projects/1001/rdelprete/MAYA_DC"", ""work_dir"": ""/lustre/home/u10010007""}, ""seed"": 2, ""tags"": [""rcmc_compression"", ""scale_hyperprior"", ""maya4""], ""task_name"": ""default"", ""test"": true, ""train"": true, ""trainer"": {""_target_"": ""lightning.pytorch.trainer.Trainer"", ""accelerator"": ""gpu"", ""check_val_every_n_epoch"": 1, ""default_root_dir"": ""/lustre/projects/1001/rdelprete/MAYA_DC/logs/default/multiruns/2026-03-26_09-06-08_non_square/lmbda_20_seed_2"", ""deterministic"": false, ""devices"": 4, ""max_epochs"": 30, ""min_epochs"": 1, ""num_nodes"": 1, ""precision"": ""32-true"", ""strategy"": ""ddp_find_unused_parameters_true"", ""sync_batchnorm"": true}}"
h21iwle1,SHP-gdn_s0_L35_slc_buf512_Compound_lr0.0001_b4_10000p,finished,https://wandb.ai/cedric-leonard/MAYA_DC/runs/h21iwle1,2026-03-25T08:27:59Z,cedric-leonard,MAYA_DC,0.0,35.0,slc,512.0,src.models.components.scale_hyperprior.ScaleHyperprior,ScaleHyperprior,SHyp,gdn,GDN,src.data.maya4_dir_datamodule.MAYA4DirDataModule,MAYA4DirDataModule,MAYA4DirDataModule,src.models.components.losses.CompoundCompressionLoss,Compound,/lustre/projects/1001/rdelprete/MAYA_DC/logs/default/multiruns/2026-03-24_17-14-16_non_square/lmbda_35_seed_0,,True,rcmc_grid_non_square,"[""maya4"", ""rcmc_compression"", ""scale_hyperprior""]",SHyp-GDN | MAYA4DirDataModule | slc | nsk,"{""_runtime"": 5310, ""_step"": 150001, ""_timestamp"": 1774423620.1777437, ""epoch"": 30, ""fixed_patch/reconstruction"": {""_type"": ""image-file"", ""format"": ""png"", ""height"": 600, ""path"": ""media/images/fixed_patch/reconstruction_150000_a27194a3f08963abdd8e.png"", ""sha256"": ""a27194a3f08963abdd8eb9d057aacd512649b66e98975713969dd6be15eefe5f"", ""size"": 1484451, ""width"": 2000}, ""test/aux"": 17.800437927246094, ""test/coherence"": 0.09632788598537444, ""test/complex_corr_mean"": 0.9036719799041748, ""test/complex_corr_std"": ""NaN"", ""test/distortion"": 0.21009501814842224, ""test/kde"": 0.04510826990008354, ""test/loss"": 8.592499732971191, ""test/mse"": 0.06865886598825455, ""test/phase_err_mean"": 0.07898727059364319, ""test/phase_err_std"": ""NaN"", ""test/psnr_amp"": 24.344446182250977, ""test/rate"": 1.2391749620437622, ""test/ssim_amp"": 0.5197190046310425, ""train/aux"": 20.977340698242188, ""train/coherence"": 0.06898847222328186, ""train/distortion"": 0.12672674655914307, ""train/grad_norm_g_a"": 23.49026679992676, ""train/grad_norm_g_s"": 21.83769989013672, ""train/grad_norm_h_a"": 0.3919950127601623, ""train/grad_norm_h_s"": 0.05951455980539322, ""train/kde"": 0.013570087030529976, ""train/loss"": 5.561594009399414, ""train/lr"": 9.999999747378752e-05, ""train/mse"": 0.04416818171739578, ""train/rate"": 1.1261577606201172, ""trainer/global_step"": 75000, ""val_batch/coherence_loss"": 0.029510200023651123, ""val_batch/correlation_metric_mean"": 0.9704897999763488, ""val_batch/correlation_metric_std"": ""NaN"", ""val_batch/kde_loss"": 0.15982042253017426, ""val_batch/phase_error"": 0.016764402389526367, ""val_batch/psnr_slc"": 20.919662475585938, ""val_batch/reconstructions"": {""_type"": ""image-file"", ""format"": ""png"", ""height"": 1700, ""path"": ""media/images/val_batch/reconstructions_145051_f61ddd3b42acfbd8de87.png"", ""sha256"": ""f61ddd3b42acfbd8de87c99c7484733c985aae598ef5f0465b9e954d1ad713de"", ""size"": 1558782, ""width"": 500}, ""val_batch/ssim_slc"": 0.4887850880622864, ""val_batch/x_hat_histogram"": {""_type"": ""histogram""}, ""valid/aux"": 21.007720947265625, ""valid/coherence"": 0.12434332817792892, ""valid/complex_corr_mean"": 0.8756567239761353, ""valid/complex_corr_std"": ""NaN"", ""valid/distortion"": 0.3085688352584839, ""valid/kde"": 0.052482716739177704, ""valid/loss"": 12.114356994628906, ""valid/mse"": 0.13174280524253845, ""valid/phase_err_mean"": 0.10881908982992172, ""valid/phase_err_std"": ""NaN"", ""valid/psnr_amp"": 27.3913516998291, ""valid/rate"": 1.3144477605819702, ""valid/rd_scatter_table"": {""_latest_artifact_path"": ""wandb-client-artifact://2eo3lpjusqyf108lw6cywnqq1ltfbpphszs3qmioqme4b0taioquw4vs59zlxs78g5k6e35rhgm1213psdb0nw8bcpls31leby7mzh9pnv76xy6lljcdzztobjw394ro:latest/valid/rd_scatter_table.table.json"", ""_type"": ""table-file"", ""artifact_path"": ""wandb-client-artifact://a2iap61qrd1zzw1xxk69pdsmudy8vac8ryyleasznielnn81sms9ogsh618petgykyul665hb18sarrywg45n8avf32exs04hwgnclmfoc9nd7awnsdt3viu7cnqva9o/valid/rd_scatter_table.table.json"", ""log_mode"": ""IMMUTABLE"", ""ncols"": 3, ""nrows"": 31, ""path"": ""media/table/valid/rd_scatter_table_150000_a0c59fc8fc400d7b828d.table.json"", ""sha256"": ""a0c59fc8fc400d7b828df3575789a24a02e996707e12ae063fbc65635c411b84"", ""size"": 1481}, ""valid/ssim_amp"": 0.5112283825874329}","{""azimuth_buffer"": 512, ""callbacks"": {""early_stopping"": {""_target_"": ""lightning.pytorch.callbacks.EarlyStopping"", ""check_finite"": true, ""check_on_train_epoch_end"": false, ""divergence_threshold"": null, ""min_delta"": 0, ""mode"": ""min"", ""monitor"": ""valid/loss"", ""patience"": 10, ""stopping_threshold"": null, ""strict"": true, ""verbose"": false}, ""model_checkpoint"": {""_target_"": ""lightning.pytorch.callbacks.ModelCheckpoint"", ""auto_insert_metric_name"": false, ""dirpath"": ""/lustre/projects/1001/rdelprete/MAYA_DC/logs/default/multiruns/2026-03-24_17-14-16_non_square/lmbda_35_seed_0/checkpoints"", ""every_n_epochs"": null, ""every_n_train_steps"": null, ""filename"": ""epoch_{epoch:03d}_loss_{valid/loss:.4f}"", ""mode"": ""min"", ""monitor"": ""valid/loss"", ""save_last"": true, ""save_on_train_epoch_end"": null, ""save_top_k"": 1, ""save_weights_only"": false, ""train_time_interval"": null, ""verbose"": false}, ""model_summary"": {""_target_"": ""lightning.pytorch.callbacks.RichModelSummary"", ""max_depth"": 2}, ""monitor_fix_patch"": {""verbose"": true}, ""monitor_fixed_patch"": {""_target_"": ""src.callbacks.monitor_fixed_patch.MonitorFixedPatch"", ""clip_factor"": 3, ""log_every_n_epochs"": 1, ""patch_json"": ""data/fixed_patches/s1c-s6-raw-s-vv-20250422t061414-20250422t061446-002002-0040d4.json"", ""verbose"": false}, ""monitor_val_recon"": {""_target_"": ""src.callbacks.monitor_val_reconstruction.MonitorValReconstruction"", ""clip_factor"": 3, ""log_every_n_epochs"": 1, ""num_images"": 3, ""verbose"": true}, ""rich_progress_bar"": {""_target_"": ""lightning.pytorch.callbacks.RichProgressBar""}, ""wandb_osh"": {""_target_"": ""wandb_osh.lightning_hooks.TriggerWandbSyncLightningCallback""}}, ""ckpt_path"": null, ""data"": {""_target_"": ""src.data.maya4_dir_datamodule.MAYA4DirDataModule"", ""azimuth_buffer"": 512, ""batch_size"": 4, ""max_products_test"": 2, ""max_products_train"": 10, ""max_products_val"": 2, ""num_workers"": 4, ""online"": false, ""patch_size"": [512, 512], ""pin_memory"": true, ""samples_per_prod"": 1000, ""test_dir"": ""/lustre/projects/1001/rdelprete/SSM/data/ssm_dataset/focused/PT3"", ""train_dir"": ""/lustre/projects/1001/rdelprete/SSM/data/ssm_dataset/focused/PT1"", ""val_dir"": ""/lustre/projects/1001/rdelprete/SSM/data/ssm_dataset/focused/PT2""}, ""determinism"": true, ""experiment_name"": ""rcmc_compress_baseline"", ""extras"": {""enforce_tags"": true, ""ignore_warnings"": false, ""print_config"": true}, ""lambda"": 35, ""logger"": {""wandb"": {""_target_"": ""lightning.pytorch.loggers.wandb.WandbLogger"", ""anonymous"": null, ""entity"": ""cedric-leonard"", ""group"": ""rcmc_grid_non_square"", ""id"": null, ""job_type"": """", ""log_model"": false, ""offline"": true, ""prefix"": """", ""project"": ""MAYA_DC"", ""save_dir"": ""/lustre/projects/1001/rdelprete/MAYA_DC/logs/default/multiruns/2026-03-24_17-14-16_non_square/lmbda_35_seed_0"", ""tags"": []}}, ""model"": {""_target_"": ""src.models.rcmc_compress_module.RCMCDCmodule"", ""aux_optimizer"": {""_partial_"": true, ""_target_"": ""torch.optim.Adam"", ""lr"": 0.001}, ""azimuth_buffer"": 512, ""compile"": false, ""criterion"": {""_target_"": ""src.models.components.losses.CompoundCompressionLoss"", ""azimuth_buffer"": 512, ""delta_coherence"": 1, ""delta_kde"": 1, ""lmbda"": 35, ""num_kde_bins"": 100, ""patch_size"": [512, 512]}, ""gradient_clip_norm"": 1, ""net"": {""_target_"": ""src.models.components.scale_hyperprior.ScaleHyperprior"", ""activation"": ""gdn"", ""nb_channels_latent"": 256, ""nb_channels_main"": 128, ""nb_input_channels"": 2, ""non_square_kernels"": true}, ""net_optimizer"": {""_partial_"": true, ""_target_"": ""torch.optim.Adam"", ""betas"": [0.9, 0.999], ""lr"": 0.0001}, ""scheduler"": {""_partial_"": true, ""_target_"": ""torch.optim.lr_scheduler.ReduceLROnPlateau"", ""factor"": 0.5, ""mode"": ""min"", ""patience"": 5}, ""training_mode"": ""slc""}, ""model/params/non_trainable"": 0, ""model/params/total"": 16662274, ""model/params/trainable"": 16662274, ""patch_size"": [512, 512], ""paths"": {""data_dir"": ""/lustre/projects/1001/rdelprete/MAYA_DC/data/"", ""log_dir"": ""/lustre/projects/1001/rdelprete/MAYA_DC/logs/"", ""output_dir"": ""/lustre/projects/1001/rdelprete/MAYA_DC/logs/default/multiruns/2026-03-24_17-14-16_non_square/lmbda_35_seed_0"", ""root_dir"": ""/lustre/projects/1001/rdelprete/MAYA_DC"", ""work_dir"": ""/lustre/home/u10010007""}, ""seed"": 0, ""tags"": [""rcmc_compression"", ""scale_hyperprior"", ""maya4""], ""task_name"": ""default"", ""test"": true, ""train"": true, ""trainer"": {""_target_"": ""lightning.pytorch.trainer.Trainer"", ""accelerator"": ""gpu"", ""check_val_every_n_epoch"": 1, ""default_root_dir"": ""/lustre/projects/1001/rdelprete/MAYA_DC/logs/default/multiruns/2026-03-24_17-14-16_non_square/lmbda_35_seed_0"", ""deterministic"": false, ""devices"": 4, ""max_epochs"": 30, ""min_epochs"": 1, ""num_nodes"": 1, ""precision"": ""32-true"", ""strategy"": ""ddp_find_unused_parameters_true"", ""sync_batchnorm"": true}}"
pj2jvoz4,SHP-gdn_s0_L35_slc_buf512_Compound_lr0.0001_b4_10000p,finished,https://wandb.ai/cedric-leonard/MAYA_DC/runs/pj2jvoz4,2026-03-25T09:49:20Z,cedric-leonard,MAYA_DC,0.0,35.0,slc,512.0,src.models.components.scale_hyperprior.ScaleHyperprior,ScaleHyperprior,SHyp,gdn,GDN,src.data.maya4_dir_datamodule.MAYA4DirDataModule,MAYA4DirDataModule,MAYA4DirDataModule,src.models.components.losses.CompoundCompressionLoss,Compound,/lustre/projects/1001/rdelprete/MAYA_DC/logs/default/multiruns/2026-03-24_15-29-55/lmbda_35_seed_0,,False,rcmc_grid,"[""maya4"", ""rcmc_compression"", ""scale_hyperprior""]",SHyp-GDN | MAYA4DirDataModule | slc | sq,"{""_runtime"": 4819, ""_step"": 150001, ""_timestamp"": 1774379512.524341, ""epoch"": 30, ""fixed_patch/reconstruction"": {""_type"": ""image-file"", ""format"": ""png"", ""height"": 600, ""path"": ""media/images/fixed_patch/reconstruction_150000_d32a61a500863bac8ee2.png"", ""sha256"": ""d32a61a500863bac8ee2bbe5ab3f9968c3136e3cc849696b80aad82912f01db1"", ""size"": 1456518, ""width"": 2000}, ""test/aux"": 20.24248504638672, ""test/coherence"": 0.05383681133389473, ""test/complex_corr_mean"": 0.9461634159088136, ""test/complex_corr_std"": ""NaN"", ""test/distortion"": 0.12923409044742584, ""test/kde"": 0.03662235289812088, ""test/loss"": 6.433133602142334, ""test/mse"": 0.03877491503953934, ""test/phase_err_mean"": 0.04959408566355705, ""test/phase_err_std"": ""NaN"", ""test/psnr_amp"": 26.200124740600582, ""test/rate"": 1.909939885139465, ""test/ssim_amp"": 0.7127208113670349, ""train/aux"": 21.14950180053711, ""train/coherence"": 0.041215136647224426, ""train/distortion"": 0.08142431825399399, ""train/grad_norm_g_a"": 15.666278839111328, ""train/grad_norm_g_s"": 16.065736770629883, ""train/grad_norm_h_a"": 0.10221048444509506, ""train/grad_norm_h_s"": 0.027498619630932808, ""train/kde"": 0.013736641965806484, ""train/loss"": 4.419741630554199, ""train/lr"": 9.999999747378752e-05, ""train/mse"": 0.026472540572285652, ""train/rate"": 1.5698906183242798, ""trainer/global_step"": 75000, ""val_batch/coherence_loss"": 0.01929527521133423, ""val_batch/correlation_metric_mean"": 0.9807047247886658, ""val_batch/correlation_metric_std"": ""NaN"", ""val_batch/kde_loss"": 0.05666244029998779, ""val_batch/phase_error"": 0.011146843433380129, ""val_batch/psnr_slc"": 21.900007247924805, ""val_batch/reconstructions"": {""_type"": ""image-file"", ""format"": ""png"", ""height"": 1700, ""path"": ""media/images/val_batch/reconstructions_145051_42068b8542c531c46a6a.png"", ""sha256"": ""42068b8542c531c46a6add371ab04e9f9a903a92d1391c9af916ed0d4155bc9a"", ""size"": 1608653, ""width"": 500}, ""val_batch/ssim_slc"": 0.6807081699371338, ""val_batch/x_hat_histogram"": {""_type"": ""histogram""}, ""valid/aux"": 20.24248504638672, ""valid/coherence"": 0.07168582081794739, ""valid/complex_corr_mean"": 0.928314447402954, ""valid/complex_corr_std"": ""NaN"", ""valid/distortion"": 0.182033509016037, ""valid/kde"": 0.03174973651766777, ""valid/loss"": 8.377603530883789, ""valid/mse"": 0.07859788835048676, ""valid/phase_err_mean"": 0.07385271787643433, ""valid/phase_err_std"": ""NaN"", ""valid/psnr_amp"": 29.123497009277344, ""valid/rate"": 2.00643253326416, ""valid/rd_scatter_table"": {""_latest_artifact_path"": ""wandb-client-artifact://z74vtsbwfnff2y5677hbvne6be6df11vpra9qroyw0sv2zc21rwupebtv1gf2okzojug6myobhd66l7ay3zgc6jkwwxms4d9cjul6hhy4y93r4rskgc11pb7cf91ff67:latest/valid/rd_scatter_table.table.json"", ""_type"": ""table-file"", ""artifact_path"": ""wandb-client-artifact://k6kwisy8qp59i2arb7226ys740qtbx1zs74u7ih8e44fe922z0hd8quayspu1dnsy8qbds2aaeyec0erf5jxe6ibk3ts5fjytjio62t8jf8d9swmdbz2fxnezjobpbaf/valid/rd_scatter_table.table.json"", ""log_mode"": ""IMMUTABLE"", ""ncols"": 3, ""nrows"": 31, ""path"": ""media/table/valid/rd_scatter_table_150000_71d8f375612558e6a0b5.table.json"", ""sha256"": ""71d8f375612558e6a0b535695afa3dab4eadafcfc4bca747400289951e0765bf"", ""size"": 1479}, ""valid/ssim_amp"": 0.6977044939994812}","{""azimuth_buffer"": 512, ""callbacks"": {""early_stopping"": {""_target_"": ""lightning.pytorch.callbacks.EarlyStopping"", ""check_finite"": true, ""check_on_train_epoch_end"": false, ""divergence_threshold"": null, ""min_delta"": 0, ""mode"": ""min"", ""monitor"": ""valid/loss"", ""patience"": 10, ""stopping_threshold"": null, ""strict"": true, ""verbose"": false}, ""model_checkpoint"": {""_target_"": ""lightning.pytorch.callbacks.ModelCheckpoint"", ""auto_insert_metric_name"": false, ""dirpath"": ""/lustre/projects/1001/rdelprete/MAYA_DC/logs/default/multiruns/2026-03-24_15-29-55/lmbda_35_seed_0/checkpoints"", ""every_n_epochs"": null, ""every_n_train_steps"": null, ""filename"": ""epoch_{epoch:03d}_loss_{valid/loss:.4f}"", ""mode"": ""min"", ""monitor"": ""valid/loss"", ""save_last"": true, ""save_on_train_epoch_end"": null, ""save_top_k"": 1, ""save_weights_only"": false, ""train_time_interval"": null, ""verbose"": false}, ""model_summary"": {""_target_"": ""lightning.pytorch.callbacks.RichModelSummary"", ""max_depth"": 2}, ""monitor_fix_patch"": {""verbose"": true}, ""monitor_fixed_patch"": {""_target_"": ""src.callbacks.monitor_fixed_patch.MonitorFixedPatch"", ""clip_factor"": 3, ""log_every_n_epochs"": 1, ""patch_json"": ""data/fixed_patches/s1c-s6-raw-s-vv-20250422t061414-20250422t061446-002002-0040d4.json"", ""verbose"": false}, ""monitor_val_recon"": {""_target_"": ""src.callbacks.monitor_val_reconstruction.MonitorValReconstruction"", ""clip_factor"": 3, ""log_every_n_epochs"": 1, ""num_images"": 3, ""verbose"": true}, ""rich_progress_bar"": {""_target_"": ""lightning.pytorch.callbacks.RichProgressBar""}, ""wandb_osh"": {""_target_"": ""wandb_osh.lightning_hooks.TriggerWandbSyncLightningCallback""}}, ""ckpt_path"": null, ""data"": {""_target_"": ""src.data.maya4_dir_datamodule.MAYA4DirDataModule"", ""azimuth_buffer"": 512, ""batch_size"": 4, ""max_products_test"": 2, ""max_products_train"": 10, ""max_products_val"": 2, ""num_workers"": 4, ""online"": false, ""patch_size"": [512, 512], ""pin_memory"": true, ""samples_per_prod"": 1000, ""test_dir"": ""/lustre/projects/1001/rdelprete/SSM/data/ssm_dataset/focused/PT3"", ""train_dir"": ""/lustre/projects/1001/rdelprete/SSM/data/ssm_dataset/focused/PT1"", ""val_dir"": ""/lustre/projects/1001/rdelprete/SSM/data/ssm_dataset/focused/PT2""}, ""determinism"": true, ""experiment_name"": ""rcmc_compress_baseline"", ""extras"": {""enforce_tags"": true, ""ignore_warnings"": false, ""print_config"": true}, ""lambda"": 35, ""logger"": {""wandb"": {""_target_"": ""lightning.pytorch.loggers.wandb.WandbLogger"", ""anonymous"": null, ""entity"": ""cedric-leonard"", ""group"": ""rcmc_grid"", ""id"": null, ""job_type"": """", ""log_model"": false, ""offline"": true, ""prefix"": """", ""project"": ""MAYA_DC"", ""save_dir"": ""/lustre/projects/1001/rdelprete/MAYA_DC/logs/default/multiruns/2026-03-24_15-29-55/lmbda_35_seed_0"", ""tags"": []}}, ""model"": {""_target_"": ""src.models.rcmc_compress_module.RCMCDCmodule"", ""aux_optimizer"": {""_partial_"": true, ""_target_"": ""torch.optim.Adam"", ""lr"": 0.001}, ""azimuth_buffer"": 512, ""compile"": false, ""criterion"": {""_target_"": ""src.models.components.losses.CompoundCompressionLoss"", ""azimuth_buffer"": 512, ""delta_coherence"": 1, ""delta_kde"": 1, ""lmbda"": 35, ""num_kde_bins"": 100, ""patch_size"": [512, 512]}, ""gradient_clip_norm"": 1, ""net"": {""_target_"": ""src.models.components.scale_hyperprior.ScaleHyperprior"", ""activation"": ""gdn"", ""nb_channels_latent"": 256, ""nb_channels_main"": 128, ""nb_input_channels"": 2, ""non_square_kernels"": false}, ""net_optimizer"": {""_partial_"": true, ""_target_"": ""torch.optim.Adam"", ""betas"": [0.9, 0.999], ""lr"": 0.0001}, ""scheduler"": {""_partial_"": true, ""_target_"": ""torch.optim.lr_scheduler.ReduceLROnPlateau"", ""factor"": 0.5, ""mode"": ""min"", ""patience"": 5}, ""training_mode"": ""slc""}, ""model/params/non_trainable"": 0, ""model/params/total"": 5626626, ""model/params/trainable"": 5626626, ""patch_size"": [512, 512], ""paths"": {""data_dir"": ""/lustre/projects/1001/rdelprete/MAYA_DC/data/"", ""log_dir"": ""/lustre/projects/1001/rdelprete/MAYA_DC/logs/"", ""output_dir"": ""/lustre/projects/1001/rdelprete/MAYA_DC/logs/default/multiruns/2026-03-24_15-29-55/lmbda_35_seed_0"", ""root_dir"": ""/lustre/projects/1001/rdelprete/MAYA_DC"", ""work_dir"": ""/lustre/home/u10010007""}, ""seed"": 0, ""tags"": [""rcmc_compression"", ""scale_hyperprior"", ""maya4""], ""task_name"": ""default"", ""test"": true, ""train"": true, ""trainer"": {""_target_"": ""lightning.pytorch.trainer.Trainer"", ""accelerator"": ""gpu"", ""check_val_every_n_epoch"": 1, ""default_root_dir"": ""/lustre/projects/1001/rdelprete/MAYA_DC/logs/default/multiruns/2026-03-24_15-29-55/lmbda_35_seed_0"", ""deterministic"": false, ""devices"": 4, ""max_epochs"": 30, ""min_epochs"": 1, ""num_nodes"": 1, ""precision"": ""32-true"", ""strategy"": ""ddp_find_unused_parameters_true"", ""sync_batchnorm"": true}}"
s6kwh1sk,SHP-gdn_s0_L35_slc_buf512_Compound_lr0.0001_b4_10000p,finished,https://wandb.ai/cedric-leonard/MAYA_DC/runs/s6kwh1sk,2026-03-26T08:33:41Z,cedric-leonard,MAYA_DC,0.0,35.0,slc,512.0,src.models.components.scale_hyperprior.ScaleHyperprior,ScaleHyperprior,SHyp,gdn,GDN,src.data.maya4_dir_datamodule.MAYA4DirDataModule,MAYA4DirDataModule,MAYA4DirDataModule,src.models.components.losses.CompoundCompressionLoss,Compound,/lustre/projects/1001/rdelprete/MAYA_DC/logs/default/multiruns/2026-03-26_09-05-52/lmbda_35_seed_0,,False,rcmc_grid,"[""maya4"", ""rcmc_compression"", ""scale_hyperprior""]",SHyp-GDN | MAYA4DirDataModule | slc | sq,"{""_runtime"": 5106, ""_step"": 150001, ""_timestamp"": 1774517473.6987488, ""epoch"": 30, ""fixed_patch/reconstruction"": {""_type"": ""image-file"", ""format"": ""png"", ""height"": 600, ""path"": ""media/images/fixed_patch/reconstruction_150000_b82ccffc7e2e7a4ba989.png"", ""sha256"": ""b82ccffc7e2e7a4ba989426a34262ec6eb8cdf8286204bb2ed1be76f9e00b581"", ""size"": 1458483, ""width"": 2000}, ""test/aux"": 21.504207611083984, ""test/coherence"": 0.05508686229586601, ""test/complex_corr_mean"": 0.9449131488800048, ""test/complex_corr_std"": ""NaN"", ""test/distortion"": 0.13034074008464813, ""test/kde"": 0.03570602461695671, ""test/loss"": 6.469554424285889, ""test/mse"": 0.0395478792488575, ""test/phase_err_mean"": 0.05016212537884712, ""test/phase_err_std"": ""NaN"", ""test/psnr_amp"": 26.134897232055664, ""test/rate"": 1.907626748085022, ""test/ssim_amp"": 0.7050580382347107, ""train/aux"": 21.809513092041016, ""train/coherence"": 0.041262269020080566, ""train/distortion"": 0.08546999096870422, ""train/grad_norm_g_a"": 19.488834381103516, ""train/grad_norm_g_s"": 21.198320388793945, ""train/grad_norm_h_a"": 0.19266237318515775, ""train/grad_norm_h_s"": 0.05450683459639549, ""train/kde"": 0.017667101696133614, ""train/loss"": 4.561594009399414, ""train/lr"": 9.999999747378752e-05, ""train/mse"": 0.026540618389844894, ""train/rate"": 1.5701439380645752, ""trainer/global_step"": 75000, ""val_batch/coherence_loss"": 0.019724667072296143, ""val_batch/correlation_metric_mean"": 0.9802753925323486, ""val_batch/correlation_metric_std"": ""NaN"", ""val_batch/kde_loss"": 0.0573832169175148, ""val_batch/phase_error"": 0.011352896690368652, ""val_batch/psnr_slc"": 21.85021209716797, ""val_batch/reconstructions"": {""_type"": ""image-file"", ""format"": ""png"", ""height"": 1700, ""path"": ""media/images/val_batch/reconstructions_145051_8bad18df45fc2d95a447.png"", ""sha256"": ""8bad18df45fc2d95a447c648fe575a82b9ad6aa24d4e685255c01dae6ca95d20"", ""size"": 1607536, ""width"": 500}, ""val_batch/ssim_slc"": 0.6737374067306519, ""val_batch/x_hat_histogram"": {""_type"": ""histogram""}, ""valid/aux"": 20.45928382873535, ""valid/coherence"": 0.07201667129993439, ""valid/complex_corr_mean"": 0.9279834032058716, ""valid/complex_corr_std"": ""NaN"", ""valid/distortion"": 0.18805240094661713, ""valid/kde"": 0.036855027079582214, ""valid/loss"": 8.595357894897461, ""valid/mse"": 0.07918068766593933, ""valid/phase_err_mean"": 0.07453856617212296, ""valid/phase_err_std"": ""NaN"", ""valid/psnr_amp"": 29.092906951904297, ""valid/rate"": 2.0135247707366943, ""valid/rd_scatter_table"": {""_latest_artifact_path"": ""wandb-client-artifact://npydv12dbefgbpu047avtqp422n30h6p76sw3lblfd53m8zxmwjoojm1yinmqndw38hxgyw1tamnjjps4xu530ad5rjbpcm3m8e5jgurgrbcn2wgjisgj9zkgj92i6oo:latest/valid/rd_scatter_table.table.json"", ""_type"": ""table-file"", ""artifact_path"": ""wandb-client-artifact://brwaubun1z88duc1d2euagb6avp9ogzcgv0ncx3nz6a83uzbrk87goc1g1nypl7so2ejgvk4levv5ujt8xkgouybc2qp80uqjfzs66dcr0wkdak1eo92dqxu9e84stvr/valid/rd_scatter_table.table.json"", ""log_mode"": ""IMMUTABLE"", ""ncols"": 3, ""nrows"": 31, ""path"": ""media/table/valid/rd_scatter_table_150000_d422e7fe3f830b54efec.table.json"", ""sha256"": ""d422e7fe3f830b54efec615391c3fe3ea11bcba7acb0a4e326f20ce21f0d90d2"", ""size"": 1479}, ""valid/ssim_amp"": 0.6976490020751953}","{""azimuth_buffer"": 512, ""callbacks"": {""early_stopping"": {""_target_"": ""lightning.pytorch.callbacks.EarlyStopping"", ""check_finite"": true, ""check_on_train_epoch_end"": false, ""divergence_threshold"": null, ""min_delta"": 0, ""mode"": ""min"", ""monitor"": ""valid/loss"", ""patience"": 10, ""stopping_threshold"": null, ""strict"": true, ""verbose"": false}, ""model_checkpoint"": {""_target_"": ""lightning.pytorch.callbacks.ModelCheckpoint"", ""auto_insert_metric_name"": false, ""dirpath"": ""/lustre/projects/1001/rdelprete/MAYA_DC/logs/default/multiruns/2026-03-26_09-05-52/lmbda_35_seed_0/checkpoints"", ""every_n_epochs"": null, ""every_n_train_steps"": null, ""filename"": ""epoch_{epoch:03d}_loss_{valid/loss:.4f}"", ""mode"": ""min"", ""monitor"": ""valid/loss"", ""save_last"": true, ""save_on_train_epoch_end"": null, ""save_top_k"": 1, ""save_weights_only"": false, ""train_time_interval"": null, ""verbose"": false}, ""model_summary"": {""_target_"": ""lightning.pytorch.callbacks.RichModelSummary"", ""max_depth"": 2}, ""monitor_fix_patch"": {""verbose"": true}, ""monitor_fixed_patch"": {""_target_"": ""src.callbacks.monitor_fixed_patch.MonitorFixedPatch"", ""clip_factor"": 3, ""log_every_n_epochs"": 1, ""patch_json"": ""data/fixed_patches/s1c-s6-raw-s-vv-20250422t061414-20250422t061446-002002-0040d4.json"", ""verbose"": false}, ""monitor_val_recon"": {""_target_"": ""src.callbacks.monitor_val_reconstruction.MonitorValReconstruction"", ""clip_factor"": 3, ""log_every_n_epochs"": 1, ""num_images"": 3, ""verbose"": true}, ""rich_progress_bar"": {""_target_"": ""lightning.pytorch.callbacks.RichProgressBar""}, ""wandb_osh"": {""_target_"": ""wandb_osh.lightning_hooks.TriggerWandbSyncLightningCallback""}}, ""ckpt_path"": null, ""data"": {""_target_"": ""src.data.maya4_dir_datamodule.MAYA4DirDataModule"", ""azimuth_buffer"": 512, ""batch_size"": 4, ""max_products_test"": 2, ""max_products_train"": 10, ""max_products_val"": 2, ""num_workers"": 4, ""online"": false, ""patch_size"": [512, 512], ""pin_memory"": true, ""samples_per_prod"": 1000, ""test_dir"": ""/lustre/projects/1001/rdelprete/SSM/data/ssm_dataset/focused/PT3"", ""train_dir"": ""/lustre/projects/1001/rdelprete/SSM/data/ssm_dataset/focused/PT1"", ""val_dir"": ""/lustre/projects/1001/rdelprete/SSM/data/ssm_dataset/focused/PT2""}, ""determinism"": true, ""experiment_name"": ""rcmc_compress_baseline"", ""extras"": {""enforce_tags"": true, ""ignore_warnings"": false, ""print_config"": true}, ""lambda"": 35, ""logger"": {""wandb"": {""_target_"": ""lightning.pytorch.loggers.wandb.WandbLogger"", ""anonymous"": null, ""entity"": ""cedric-leonard"", ""group"": ""rcmc_grid"", ""id"": null, ""job_type"": """", ""log_model"": false, ""offline"": true, ""prefix"": """", ""project"": ""MAYA_DC"", ""save_dir"": ""/lustre/projects/1001/rdelprete/MAYA_DC/logs/default/multiruns/2026-03-26_09-05-52/lmbda_35_seed_0"", ""tags"": []}}, ""model"": {""_target_"": ""src.models.rcmc_compress_module.RCMCDCmodule"", ""aux_optimizer"": {""_partial_"": true, ""_target_"": ""torch.optim.Adam"", ""lr"": 0.001}, ""azimuth_buffer"": 512, ""compile"": false, ""criterion"": {""_target_"": ""src.models.components.losses.CompoundCompressionLoss"", ""azimuth_buffer"": 512, ""delta_coherence"": 1, ""delta_kde"": 1, ""lmbda"": 35, ""num_kde_bins"": 100, ""patch_size"": [512, 512]}, ""gradient_clip_norm"": 1, ""net"": {""_target_"": ""src.models.components.scale_hyperprior.ScaleHyperprior"", ""activation"": ""gdn"", ""nb_channels_latent"": 256, ""nb_channels_main"": 128, ""nb_input_channels"": 2, ""non_square_kernels"": false}, ""net_optimizer"": {""_partial_"": true, ""_target_"": ""torch.optim.Adam"", ""betas"": [0.9, 0.999], ""lr"": 0.0001}, ""scheduler"": {""_partial_"": true, ""_target_"": ""torch.optim.lr_scheduler.ReduceLROnPlateau"", ""factor"": 0.5, ""mode"": ""min"", ""patience"": 5}, ""training_mode"": ""slc""}, ""model/params/non_trainable"": 0, ""model/params/total"": 5626626, ""model/params/trainable"": 5626626, ""patch_size"": [512, 512], ""paths"": {""data_dir"": ""/lustre/projects/1001/rdelprete/MAYA_DC/data/"", ""log_dir"": ""/lustre/projects/1001/rdelprete/MAYA_DC/logs/"", ""output_dir"": ""/lustre/projects/1001/rdelprete/MAYA_DC/logs/default/multiruns/2026-03-26_09-05-52/lmbda_35_seed_0"", ""root_dir"": ""/lustre/projects/1001/rdelprete/MAYA_DC"", ""work_dir"": ""/lustre/home/u10010007""}, ""seed"": 0, ""tags"": [""rcmc_compression"", ""scale_hyperprior"", ""maya4""], ""task_name"": ""default"", ""test"": true, ""train"": true, ""trainer"": {""_target_"": ""lightning.pytorch.trainer.Trainer"", ""accelerator"": ""gpu"", ""check_val_every_n_epoch"": 1, ""default_root_dir"": ""/lustre/projects/1001/rdelprete/MAYA_DC/logs/default/multiruns/2026-03-26_09-05-52/lmbda_35_seed_0"", ""deterministic"": false, ""devices"": 4, ""max_epochs"": 30, ""min_epochs"": 1, ""num_nodes"": 1, ""precision"": ""32-true"", ""strategy"": ""ddp_find_unused_parameters_true"", ""sync_batchnorm"": true}}"
0d7yon39,SHP-gdn_s1_L35_slc_buf512_Compound_lr0.0001_b4_10000p,finished,https://wandb.ai/cedric-leonard/MAYA_DC/runs/0d7yon39,2026-03-25T08:35:08Z,cedric-leonard,MAYA_DC,1.0,35.0,slc,512.0,src.models.components.scale_hyperprior.ScaleHyperprior,ScaleHyperprior,SHyp,gdn,GDN,src.data.maya4_dir_datamodule.MAYA4DirDataModule,MAYA4DirDataModule,MAYA4DirDataModule,src.models.components.losses.CompoundCompressionLoss,Compound,/lustre/projects/1001/rdelprete/MAYA_DC/logs/default/multiruns/2026-03-24_17-14-16_non_square/lmbda_35_seed_1,,True,rcmc_grid_non_square,"[""maya4"", ""rcmc_compression"", ""scale_hyperprior""]",SHyp-GDN | MAYA4DirDataModule | slc | nsk,"{""_runtime"": 5406, ""_step"": 150001, ""_timestamp"": 1774424230.8042176, ""epoch"": 30, ""fixed_patch/reconstruction"": {""_type"": ""image-file"", ""format"": ""png"", ""height"": 600, ""path"": ""media/images/fixed_patch/reconstruction_150000_5f8aae89af82b6b13dc0.png"", ""sha256"": ""5f8aae89af82b6b13dc0a2f00586610c6de40f938ffb43442550583501fd0a3d"", ""size"": 1485658, ""width"": 2000}, ""test/aux"": 12.956390380859377, ""test/coherence"": 0.09477628767490388, ""test/complex_corr_mean"": 0.9052237272262572, ""test/complex_corr_std"": ""NaN"", ""test/distortion"": 0.22075550258159635, ""test/kde"": 0.058755140751600266, ""test/loss"": 8.932687759399414, ""test/mse"": 0.06722407788038254, ""test/phase_err_mean"": 0.07686613500118256, ""test/phase_err_std"": ""NaN"", ""test/psnr_amp"": 24.41533088684082, ""test/rate"": 1.2062439918518066, ""test/ssim_amp"": 0.5191720128059387, ""train/aux"": 12.491822242736816, ""train/coherence"": 0.13161759078502655, ""train/distortion"": 0.29218658804893494, ""train/grad_norm_g_a"": 31.072568893432617, ""train/grad_norm_g_s"": 22.212182998657227, ""train/grad_norm_h_a"": 0.5966138243675232, ""train/grad_norm_h_s"": 0.08224562555551529, ""train/kde"": 0.03265772759914398, ""train/loss"": 11.489795684814451, ""train/lr"": 9.999999747378752e-05, ""train/mse"": 0.1279112696647644, ""train/rate"": 1.26326584815979, ""trainer/global_step"": 75000, ""val_batch/coherence_loss"": 0.0300220251083374, ""val_batch/correlation_metric_mean"": 0.9699779748916626, ""val_batch/correlation_metric_std"": ""NaN"", ""val_batch/kde_loss"": 0.15678316354751587, ""val_batch/phase_error"": 0.017015039920806885, ""val_batch/psnr_slc"": 20.862865447998047, ""val_batch/reconstructions"": {""_type"": ""image-file"", ""format"": ""png"", ""height"": 1700, ""path"": ""media/images/val_batch/reconstructions_145051_f2ebc68f4fb21a394d10.png"", ""sha256"": ""f2ebc68f4fb21a394d1092c2368a16745a7a4dbe76656b733842abf40149ed85"", ""size"": 1555283, ""width"": 500}, ""val_batch/ssim_slc"": 0.4802084565162658, ""val_batch/x_hat_histogram"": {""_type"": ""histogram""}, ""valid/aux"": 12.956390380859377, ""valid/coherence"": 0.1256488710641861, ""valid/complex_corr_mean"": 0.8743510842323303, ""valid/complex_corr_std"": ""NaN"", ""valid/distortion"": 0.30885738134384155, ""valid/kde"": 0.05093502625823021, ""valid/loss"": 12.094781875610352, ""valid/mse"": 0.13227351009845734, ""valid/phase_err_mean"": 0.10901322960853577, ""valid/phase_err_std"": ""NaN"", ""valid/psnr_amp"": 27.34238624572754, ""valid/rate"": 1.2847760915756226, ""valid/rd_scatter_table"": {""_latest_artifact_path"": ""wandb-client-artifact://kmso80nfqap8ju1o4nq0ejuauu4knaalqazyrry682xwc98d40x311jc58f67mpp7ai6c6dai9rw0ckabdvjh3gi3gt69wlyhxk8g4tesssntcq05mzer9n6x9czbypz:latest/valid/rd_scatter_table.table.json"", ""_type"": ""table-file"", ""artifact_path"": ""wandb-client-artifact://jg1gtptsnbh0qe543fwoc5gp52wpnvzwa60jxiavw0rxieithpno8u59k25nrb6o5dpn5dyjw56dr3ea5b98760zgu3lmnbl09cvstnsxrvs1g1l54kn8te379a20fm7/valid/rd_scatter_table.table.json"", ""log_mode"": ""IMMUTABLE"", ""ncols"": 3, ""nrows"": 31, ""path"": ""media/table/valid/rd_scatter_table_150000_7b51c51916e17e9e476a.table.json"", ""sha256"": ""7b51c51916e17e9e476a1997d6f2acc20747427db3deeee8e7913ab0796bd5ba"", ""size"": 1481}, ""valid/ssim_amp"": 0.5066455006599426}","{""azimuth_buffer"": 512, ""callbacks"": {""early_stopping"": {""_target_"": ""lightning.pytorch.callbacks.EarlyStopping"", ""check_finite"": true, ""check_on_train_epoch_end"": false, ""divergence_threshold"": null, ""min_delta"": 0, ""mode"": ""min"", ""monitor"": ""valid/loss"", ""patience"": 10, ""stopping_threshold"": null, ""strict"": true, ""verbose"": false}, ""model_checkpoint"": {""_target_"": ""lightning.pytorch.callbacks.ModelCheckpoint"", ""auto_insert_metric_name"": false, ""dirpath"": ""/lustre/projects/1001/rdelprete/MAYA_DC/logs/default/multiruns/2026-03-24_17-14-16_non_square/lmbda_35_seed_1/checkpoints"", ""every_n_epochs"": null, ""every_n_train_steps"": null, ""filename"": ""epoch_{epoch:03d}_loss_{valid/loss:.4f}"", ""mode"": ""min"", ""monitor"": ""valid/loss"", ""save_last"": true, ""save_on_train_epoch_end"": null, ""save_top_k"": 1, ""save_weights_only"": false, ""train_time_interval"": null, ""verbose"": false}, ""model_summary"": {""_target_"": ""lightning.pytorch.callbacks.RichModelSummary"", ""max_depth"": 2}, ""monitor_fix_patch"": {""verbose"": true}, ""monitor_fixed_patch"": {""_target_"": ""src.callbacks.monitor_fixed_patch.MonitorFixedPatch"", ""clip_factor"": 3, ""log_every_n_epochs"": 1, ""patch_json"": ""data/fixed_patches/s1c-s6-raw-s-vv-20250422t061414-20250422t061446-002002-0040d4.json"", ""verbose"": false}, ""monitor_val_recon"": {""_target_"": ""src.callbacks.monitor_val_reconstruction.MonitorValReconstruction"", ""clip_factor"": 3, ""log_every_n_epochs"": 1, ""num_images"": 3, ""verbose"": true}, ""rich_progress_bar"": {""_target_"": ""lightning.pytorch.callbacks.RichProgressBar""}, ""wandb_osh"": {""_target_"": ""wandb_osh.lightning_hooks.TriggerWandbSyncLightningCallback""}}, ""ckpt_path"": null, ""data"": {""_target_"": ""src.data.maya4_dir_datamodule.MAYA4DirDataModule"", ""azimuth_buffer"": 512, ""batch_size"": 4, ""max_products_test"": 2, ""max_products_train"": 10, ""max_products_val"": 2, ""num_workers"": 4, ""online"": false, ""patch_size"": [512, 512], ""pin_memory"": true, ""samples_per_prod"": 1000, ""test_dir"": ""/lustre/projects/1001/rdelprete/SSM/data/ssm_dataset/focused/PT3"", ""train_dir"": ""/lustre/projects/1001/rdelprete/SSM/data/ssm_dataset/focused/PT1"", ""val_dir"": ""/lustre/projects/1001/rdelprete/SSM/data/ssm_dataset/focused/PT2""}, ""determinism"": true, ""experiment_name"": ""rcmc_compress_baseline"", ""extras"": {""enforce_tags"": true, ""ignore_warnings"": false, ""print_config"": true}, ""lambda"": 35, ""logger"": {""wandb"": {""_target_"": ""lightning.pytorch.loggers.wandb.WandbLogger"", ""anonymous"": null, ""entity"": ""cedric-leonard"", ""group"": ""rcmc_grid_non_square"", ""id"": null, ""job_type"": """", ""log_model"": false, ""offline"": true, ""prefix"": """", ""project"": ""MAYA_DC"", ""save_dir"": ""/lustre/projects/1001/rdelprete/MAYA_DC/logs/default/multiruns/2026-03-24_17-14-16_non_square/lmbda_35_seed_1"", ""tags"": []}}, ""model"": {""_target_"": ""src.models.rcmc_compress_module.RCMCDCmodule"", ""aux_optimizer"": {""_partial_"": true, ""_target_"": ""torch.optim.Adam"", ""lr"": 0.001}, ""azimuth_buffer"": 512, ""compile"": false, ""criterion"": {""_target_"": ""src.models.components.losses.CompoundCompressionLoss"", ""azimuth_buffer"": 512, ""delta_coherence"": 1, ""delta_kde"": 1, ""lmbda"": 35, ""num_kde_bins"": 100, ""patch_size"": [512, 512]}, ""gradient_clip_norm"": 1, ""net"": {""_target_"": ""src.models.components.scale_hyperprior.ScaleHyperprior"", ""activation"": ""gdn"", ""nb_channels_latent"": 256, ""nb_channels_main"": 128, ""nb_input_channels"": 2, ""non_square_kernels"": true}, ""net_optimizer"": {""_partial_"": true, ""_target_"": ""torch.optim.Adam"", ""betas"": [0.9, 0.999], ""lr"": 0.0001}, ""scheduler"": {""_partial_"": true, ""_target_"": ""torch.optim.lr_scheduler.ReduceLROnPlateau"", ""factor"": 0.5, ""mode"": ""min"", ""patience"": 5}, ""training_mode"": ""slc""}, ""model/params/non_trainable"": 0, ""model/params/total"": 16662274, ""model/params/trainable"": 16662274, ""patch_size"": [512, 512], ""paths"": {""data_dir"": ""/lustre/projects/1001/rdelprete/MAYA_DC/data/"", ""log_dir"": ""/lustre/projects/1001/rdelprete/MAYA_DC/logs/"", ""output_dir"": ""/lustre/projects/1001/rdelprete/MAYA_DC/logs/default/multiruns/2026-03-24_17-14-16_non_square/lmbda_35_seed_1"", ""root_dir"": ""/lustre/projects/1001/rdelprete/MAYA_DC"", ""work_dir"": ""/lustre/home/u10010007""}, ""seed"": 1, ""tags"": [""rcmc_compression"", ""scale_hyperprior"", ""maya4""], ""task_name"": ""default"", ""test"": true, ""train"": true, ""trainer"": {""_target_"": ""lightning.pytorch.trainer.Trainer"", ""accelerator"": ""gpu"", ""check_val_every_n_epoch"": 1, ""default_root_dir"": ""/lustre/projects/1001/rdelprete/MAYA_DC/logs/default/multiruns/2026-03-24_17-14-16_non_square/lmbda_35_seed_1"", ""deterministic"": false, ""devices"": 4, ""max_epochs"": 30, ""min_epochs"": 1, ""num_nodes"": 1, ""precision"": ""32-true"", ""strategy"": ""ddp_find_unused_parameters_true"", ""sync_batchnorm"": true}}"
nfxwajob,SHP-gdn_s1_L35_slc_buf512_Compound_lr0.0001_b4_10000p,finished,https://wandb.ai/cedric-leonard/MAYA_DC/runs/nfxwajob,2026-03-25T09:51:56Z,cedric-leonard,MAYA_DC,1.0,35.0,slc,512.0,src.models.components.scale_hyperprior.ScaleHyperprior,ScaleHyperprior,SHyp,gdn,GDN,src.data.maya4_dir_datamodule.MAYA4DirDataModule,MAYA4DirDataModule,MAYA4DirDataModule,src.models.components.losses.CompoundCompressionLoss,Compound,/lustre/projects/1001/rdelprete/MAYA_DC/logs/default/multiruns/2026-03-24_15-29-55/lmbda_35_seed_1,,False,rcmc_grid,"[""maya4"", ""rcmc_compression"", ""scale_hyperprior""]",SHyp-GDN | MAYA4DirDataModule | slc | sq,"{""_runtime"": 4786, ""_step"": 150001, ""_timestamp"": 1774380899.7684383, ""epoch"": 30, ""fixed_patch/reconstruction"": {""_type"": ""image-file"", ""format"": ""png"", ""height"": 600, ""path"": ""media/images/fixed_patch/reconstruction_150000_781d2853af17a4796aad.png"", ""sha256"": ""781d2853af17a4796aad62171a7563f7ba22028c39abc548db3e77be91215a83"", ""size"": 1458669, ""width"": 2000}, ""test/aux"": 14.52102279663086, ""test/coherence"": 0.05520006641745567, ""test/complex_corr_mean"": 0.944799780845642, ""test/complex_corr_std"": ""NaN"", ""test/distortion"": 0.12990404665470123, ""test/kde"": 0.0350741408765316, ""test/loss"": 6.43607234954834, ""test/mse"": 0.03962979093194008, ""test/phase_err_mean"": 0.05042468383908272, ""test/phase_err_std"": ""NaN"", ""test/psnr_amp"": 26.12816047668457, ""test/rate"": 1.8894325494766235, ""test/ssim_amp"": 0.705662727355957, ""train/aux"": 13.93852996826172, ""train/coherence"": 0.07625439763069153, ""train/distortion"": 0.1892630904912949, ""train/grad_norm_g_a"": 13.987226486206056, ""train/grad_norm_g_s"": 31.299495697021484, ""train/grad_norm_h_a"": 0.17874722182750702, ""train/grad_norm_h_s"": 0.03840161487460136, ""train/kde"": 0.03740580752491951, ""train/loss"": 8.41372299194336, ""train/lr"": 9.999999747378752e-05, ""train/mse"": 0.07560288906097412, ""train/rate"": 1.7895145416259766, ""trainer/global_step"": 75000, ""val_batch/coherence_loss"": 0.02031862735748291, ""val_batch/correlation_metric_mean"": 0.9796813726425172, ""val_batch/correlation_metric_std"": ""NaN"", ""val_batch/kde_loss"": 0.06636869162321091, ""val_batch/phase_error"": 0.011652171611785889, ""val_batch/psnr_slc"": 21.778339385986328, ""val_batch/reconstructions"": {""_type"": ""image-file"", ""format"": ""png"", ""height"": 1700, ""path"": ""media/images/val_batch/reconstructions_145051_5cfe4edf2edf48ad1781.png"", ""sha256"": ""5cfe4edf2edf48ad178124e39b677f77ec54ed8068a701d9c2035a6b9967d874"", ""size"": 1584323, ""width"": 500}, ""val_batch/ssim_slc"": 0.6606501936912537, ""val_batch/x_hat_histogram"": {""_type"": ""histogram""}, ""valid/aux"": 14.52102279663086, ""valid/coherence"": 0.07351943850517273, ""valid/complex_corr_mean"": 0.9264808297157288, ""valid/complex_corr_std"": ""NaN"", ""valid/distortion"": 0.1820648163557053, ""valid/kde"": 0.028361814096570015, ""valid/loss"": 8.352778434753418, ""valid/mse"": 0.08018357306718826, ""valid/phase_err_mean"": 0.07483832538127899, ""valid/phase_err_std"": ""NaN"", ""valid/psnr_amp"": 29.048301696777344, ""valid/rate"": 1.980509042739868, ""valid/rd_scatter_table"": {""_latest_artifact_path"": ""wandb-client-artifact://49jussqw4foi44qgwsofutpkunmqr42z743jj1zp6j0sy4vvs1a9fou5w94hq95rvhwwfolgcbbjuxs1us6lbaqgs2fwfxmfvbsl2g31hw5poarergg9yjt46vog1fv9:latest/valid/rd_scatter_table.table.json"", ""_type"": ""table-file"", ""artifact_path"": ""wandb-client-artifact://qczs74c6qz2l5igxl9huwr08mbsvowijpmwh0rx4zkvgl03bx0mrf14hlvzh63uv9iwuczvt2o5hg7pajjitmlqfuui6qccbk62oumbrpwebedxzqg5tlpyev5sivgw4/valid/rd_scatter_table.table.json"", ""log_mode"": ""IMMUTABLE"", ""ncols"": 3, ""nrows"": 31, ""path"": ""media/table/valid/rd_scatter_table_150000_e70bfdc6e5b922b6fbe5.table.json"", ""sha256"": ""e70bfdc6e5b922b6fbe5ef7e80338e0a1f79d8aef4c097cf9361f94367030775"", ""size"": 1476}, ""valid/ssim_amp"": 0.6903181672096252}","{""azimuth_buffer"": 512, ""callbacks"": {""early_stopping"": {""_target_"": ""lightning.pytorch.callbacks.EarlyStopping"", ""check_finite"": true, ""check_on_train_epoch_end"": false, ""divergence_threshold"": null, ""min_delta"": 0, ""mode"": ""min"", ""monitor"": ""valid/loss"", ""patience"": 10, ""stopping_threshold"": null, ""strict"": true, ""verbose"": false}, ""model_checkpoint"": {""_target_"": ""lightning.pytorch.callbacks.ModelCheckpoint"", ""auto_insert_metric_name"": false, ""dirpath"": ""/lustre/projects/1001/rdelprete/MAYA_DC/logs/default/multiruns/2026-03-24_15-29-55/lmbda_35_seed_1/checkpoints"", ""every_n_epochs"": null, ""every_n_train_steps"": null, ""filename"": ""epoch_{epoch:03d}_loss_{valid/loss:.4f}"", ""mode"": ""min"", ""monitor"": ""valid/loss"", ""save_last"": true, ""save_on_train_epoch_end"": null, ""save_top_k"": 1, ""save_weights_only"": false, ""train_time_interval"": null, ""verbose"": false}, ""model_summary"": {""_target_"": ""lightning.pytorch.callbacks.RichModelSummary"", ""max_depth"": 2}, ""monitor_fix_patch"": {""verbose"": true}, ""monitor_fixed_patch"": {""_target_"": ""src.callbacks.monitor_fixed_patch.MonitorFixedPatch"", ""clip_factor"": 3, ""log_every_n_epochs"": 1, ""patch_json"": ""data/fixed_patches/s1c-s6-raw-s-vv-20250422t061414-20250422t061446-002002-0040d4.json"", ""verbose"": false}, ""monitor_val_recon"": {""_target_"": ""src.callbacks.monitor_val_reconstruction.MonitorValReconstruction"", ""clip_factor"": 3, ""log_every_n_epochs"": 1, ""num_images"": 3, ""verbose"": true}, ""rich_progress_bar"": {""_target_"": ""lightning.pytorch.callbacks.RichProgressBar""}, ""wandb_osh"": {""_target_"": ""wandb_osh.lightning_hooks.TriggerWandbSyncLightningCallback""}}, ""ckpt_path"": null, ""data"": {""_target_"": ""src.data.maya4_dir_datamodule.MAYA4DirDataModule"", ""azimuth_buffer"": 512, ""batch_size"": 4, ""max_products_test"": 2, ""max_products_train"": 10, ""max_products_val"": 2, ""num_workers"": 4, ""online"": false, ""patch_size"": [512, 512], ""pin_memory"": true, ""samples_per_prod"": 1000, ""test_dir"": ""/lustre/projects/1001/rdelprete/SSM/data/ssm_dataset/focused/PT3"", ""train_dir"": ""/lustre/projects/1001/rdelprete/SSM/data/ssm_dataset/focused/PT1"", ""val_dir"": ""/lustre/projects/1001/rdelprete/SSM/data/ssm_dataset/focused/PT2""}, ""determinism"": true, ""experiment_name"": ""rcmc_compress_baseline"", ""extras"": {""enforce_tags"": true, ""ignore_warnings"": false, ""print_config"": true}, ""lambda"": 35, ""logger"": {""wandb"": {""_target_"": ""lightning.pytorch.loggers.wandb.WandbLogger"", ""anonymous"": null, ""entity"": ""cedric-leonard"", ""group"": ""rcmc_grid"", ""id"": null, ""job_type"": """", ""log_model"": false, ""offline"": true, ""prefix"": """", ""project"": ""MAYA_DC"", ""save_dir"": ""/lustre/projects/1001/rdelprete/MAYA_DC/logs/default/multiruns/2026-03-24_15-29-55/lmbda_35_seed_1"", ""tags"": []}}, ""model"": {""_target_"": ""src.models.rcmc_compress_module.RCMCDCmodule"", ""aux_optimizer"": {""_partial_"": true, ""_target_"": ""torch.optim.Adam"", ""lr"": 0.001}, ""azimuth_buffer"": 512, ""compile"": false, ""criterion"": {""_target_"": ""src.models.components.losses.CompoundCompressionLoss"", ""azimuth_buffer"": 512, ""delta_coherence"": 1, ""delta_kde"": 1, ""lmbda"": 35, ""num_kde_bins"": 100, ""patch_size"": [512, 512]}, ""gradient_clip_norm"": 1, ""net"": {""_target_"": ""src.models.components.scale_hyperprior.ScaleHyperprior"", ""activation"": ""gdn"", ""nb_channels_latent"": 256, ""nb_channels_main"": 128, ""nb_input_channels"": 2, ""non_square_kernels"": false}, ""net_optimizer"": {""_partial_"": true, ""_target_"": ""torch.optim.Adam"", ""betas"": [0.9, 0.999], ""lr"": 0.0001}, ""scheduler"": {""_partial_"": true, ""_target_"": ""torch.optim.lr_scheduler.ReduceLROnPlateau"", ""factor"": 0.5, ""mode"": ""min"", ""patience"": 5}, ""training_mode"": ""slc""}, ""model/params/non_trainable"": 0, ""model/params/total"": 5626626, ""model/params/trainable"": 5626626, ""patch_size"": [512, 512], ""paths"": {""data_dir"": ""/lustre/projects/1001/rdelprete/MAYA_DC/data/"", ""log_dir"": ""/lustre/projects/1001/rdelprete/MAYA_DC/logs/"", ""output_dir"": ""/lustre/projects/1001/rdelprete/MAYA_DC/logs/default/multiruns/2026-03-24_15-29-55/lmbda_35_seed_1"", ""root_dir"": ""/lustre/projects/1001/rdelprete/MAYA_DC"", ""work_dir"": ""/lustre/home/u10010007""}, ""seed"": 1, ""tags"": [""rcmc_compression"", ""scale_hyperprior"", ""maya4""], ""task_name"": ""default"", ""test"": true, ""train"": true, ""trainer"": {""_target_"": ""lightning.pytorch.trainer.Trainer"", ""accelerator"": ""gpu"", ""check_val_every_n_epoch"": 1, ""default_root_dir"": ""/lustre/projects/1001/rdelprete/MAYA_DC/logs/default/multiruns/2026-03-24_15-29-55/lmbda_35_seed_1"", ""deterministic"": false, ""devices"": 4, ""max_epochs"": 30, ""min_epochs"": 1, ""num_nodes"": 1, ""precision"": ""32-true"", ""strategy"": ""ddp_find_unused_parameters_true"", ""sync_batchnorm"": true}}"
cie6j2l2,SHP-gdn_s1_L35_slc_buf512_Compound_lr0.0001_b4_10000p,finished,https://wandb.ai/cedric-leonard/MAYA_DC/runs/cie6j2l2,2026-03-26T15:53:34Z,cedric-leonard,MAYA_DC,1.0,35.0,slc,512.0,src.models.components.scale_hyperprior.ScaleHyperprior,ScaleHyperprior,SHyp,gdn,GDN,src.data.maya4_dir_datamodule.MAYA4DirDataModule,MAYA4DirDataModule,MAYA4DirDataModule,src.models.components.losses.CompoundCompressionLoss,Compound,/lustre/projects/1001/rdelprete/MAYA_DC/logs/default/multiruns/2026-03-26_09-05-52/lmbda_35_seed_1,,False,rcmc_grid,"[""maya4"", ""rcmc_compression"", ""scale_hyperprior""]",SHyp-GDN | MAYA4DirDataModule | slc | sq,"{""_runtime"": 4814, ""_step"": 150001, ""_timestamp"": 1774520350.3363116, ""epoch"": 30, ""fixed_patch/reconstruction"": {""_type"": ""image-file"", ""format"": ""png"", ""height"": 600, ""path"": ""media/images/fixed_patch/reconstruction_150000_781d2853af17a4796aad.png"", ""sha256"": ""781d2853af17a4796aad62171a7563f7ba22028c39abc548db3e77be91215a83"", ""size"": 1458669, ""width"": 2000}, ""test/aux"": 14.52102279663086, ""test/coherence"": 0.05520006641745567, ""test/complex_corr_mean"": 0.944799780845642, ""test/complex_corr_std"": ""NaN"", ""test/distortion"": 0.12990404665470123, ""test/kde"": 0.0350741408765316, ""test/loss"": 6.43607234954834, ""test/mse"": 0.03962979093194008, ""test/phase_err_mean"": 0.05042468383908272, ""test/phase_err_std"": ""NaN"", ""test/psnr_amp"": 26.12816047668457, ""test/rate"": 1.8894325494766235, ""test/ssim_amp"": 0.705662727355957, ""train/aux"": 13.93852996826172, ""train/coherence"": 0.07625439763069153, ""train/distortion"": 0.1892630904912949, ""train/grad_norm_g_a"": 13.987226486206056, ""train/grad_norm_g_s"": 31.299495697021484, ""train/grad_norm_h_a"": 0.17874722182750702, ""train/grad_norm_h_s"": 0.03840161487460136, ""train/kde"": 0.03740580752491951, ""train/loss"": 8.41372299194336, ""train/lr"": 9.999999747378752e-05, ""train/mse"": 0.07560288906097412, ""train/rate"": 1.7895145416259766, ""trainer/global_step"": 75000, ""val_batch/coherence_loss"": 0.02031862735748291, ""val_batch/correlation_metric_mean"": 0.9796813726425172, ""val_batch/correlation_metric_std"": ""NaN"", ""val_batch/kde_loss"": 0.06636869162321091, ""val_batch/phase_error"": 0.011652171611785889, ""val_batch/psnr_slc"": 21.778339385986328, ""val_batch/reconstructions"": {""_type"": ""image-file"", ""format"": ""png"", ""height"": 1700, ""path"": ""media/images/val_batch/reconstructions_145051_5cfe4edf2edf48ad1781.png"", ""sha256"": ""5cfe4edf2edf48ad178124e39b677f77ec54ed8068a701d9c2035a6b9967d874"", ""size"": 1584323, ""width"": 500}, ""val_batch/ssim_slc"": 0.6606501936912537, ""val_batch/x_hat_histogram"": {""_type"": ""histogram""}, ""valid/aux"": 14.52102279663086, ""valid/coherence"": 0.07351943850517273, ""valid/complex_corr_mean"": 0.9264808297157288, ""valid/complex_corr_std"": ""NaN"", ""valid/distortion"": 0.1820648163557053, ""valid/kde"": 0.028361814096570015, ""valid/loss"": 8.352778434753418, ""valid/mse"": 0.08018357306718826, ""valid/phase_err_mean"": 0.07483832538127899, ""valid/phase_err_std"": ""NaN"", ""valid/psnr_amp"": 29.048301696777344, ""valid/rate"": 1.980509042739868, ""valid/rd_scatter_table"": {""_latest_artifact_path"": ""wandb-client-artifact://fot6ao3l4oa5ut3rfopke2hjj8q4dy9a1xp2kdufsvm3wgz3ofzpi34r6pdtpcochc1nf894ealo3g3ig0y4kbl0jc2wusw670rnfop0rguof1ma5i9ecb3qsnxn9v4o:latest/valid/rd_scatter_table.table.json"", ""_type"": ""table-file"", ""artifact_path"": ""wandb-client-artifact://49xnymnahlvpyvgq8edtn68fwq0d3c1tuh0g7s4wy8tq16hntkhm66ur77puc88e4j6a5q6eznyk2m7qxhau92dp03wxm0ipxw5rv8fk7o4bzf3mkcl69sojcsrhvu46/valid/rd_scatter_table.table.json"", ""log_mode"": ""IMMUTABLE"", ""ncols"": 3, ""nrows"": 31, ""path"": ""media/table/valid/rd_scatter_table_150000_e70bfdc6e5b922b6fbe5.table.json"", ""sha256"": ""e70bfdc6e5b922b6fbe5ef7e80338e0a1f79d8aef4c097cf9361f94367030775"", ""size"": 1476}, ""valid/ssim_amp"": 0.6903181672096252}","{""azimuth_buffer"": 512, ""callbacks"": {""early_stopping"": {""_target_"": ""lightning.pytorch.callbacks.EarlyStopping"", ""check_finite"": true, ""check_on_train_epoch_end"": false, ""divergence_threshold"": null, ""min_delta"": 0, ""mode"": ""min"", ""monitor"": ""valid/loss"", ""patience"": 10, ""stopping_threshold"": null, ""strict"": true, ""verbose"": false}, ""model_checkpoint"": {""_target_"": ""lightning.pytorch.callbacks.ModelCheckpoint"", ""auto_insert_metric_name"": false, ""dirpath"": ""/lustre/projects/1001/rdelprete/MAYA_DC/logs/default/multiruns/2026-03-26_09-05-52/lmbda_35_seed_1/checkpoints"", ""every_n_epochs"": null, ""every_n_train_steps"": null, ""filename"": ""epoch_{epoch:03d}_loss_{valid/loss:.4f}"", ""mode"": ""min"", ""monitor"": ""valid/loss"", ""save_last"": true, ""save_on_train_epoch_end"": null, ""save_top_k"": 1, ""save_weights_only"": false, ""train_time_interval"": null, ""verbose"": false}, ""model_summary"": {""_target_"": ""lightning.pytorch.callbacks.RichModelSummary"", ""max_depth"": 2}, ""monitor_fix_patch"": {""verbose"": true}, ""monitor_fixed_patch"": {""_target_"": ""src.callbacks.monitor_fixed_patch.MonitorFixedPatch"", ""clip_factor"": 3, ""log_every_n_epochs"": 1, ""patch_json"": ""data/fixed_patches/s1c-s6-raw-s-vv-20250422t061414-20250422t061446-002002-0040d4.json"", ""verbose"": false}, ""monitor_val_recon"": {""_target_"": ""src.callbacks.monitor_val_reconstruction.MonitorValReconstruction"", ""clip_factor"": 3, ""log_every_n_epochs"": 1, ""num_images"": 3, ""verbose"": true}, ""rich_progress_bar"": {""_target_"": ""lightning.pytorch.callbacks.RichProgressBar""}, ""wandb_osh"": {""_target_"": ""wandb_osh.lightning_hooks.TriggerWandbSyncLightningCallback""}}, ""ckpt_path"": null, ""data"": {""_target_"": ""src.data.maya4_dir_datamodule.MAYA4DirDataModule"", ""azimuth_buffer"": 512, ""batch_size"": 4, ""max_products_test"": 2, ""max_products_train"": 10, ""max_products_val"": 2, ""num_workers"": 4, ""online"": false, ""patch_size"": [512, 512], ""pin_memory"": true, ""samples_per_prod"": 1000, ""test_dir"": ""/lustre/projects/1001/rdelprete/SSM/data/ssm_dataset/focused/PT3"", ""train_dir"": ""/lustre/projects/1001/rdelprete/SSM/data/ssm_dataset/focused/PT1"", ""val_dir"": ""/lustre/projects/1001/rdelprete/SSM/data/ssm_dataset/focused/PT2""}, ""determinism"": true, ""experiment_name"": ""rcmc_compress_baseline"", ""extras"": {""enforce_tags"": true, ""ignore_warnings"": false, ""print_config"": true}, ""lambda"": 35, ""logger"": {""wandb"": {""_target_"": ""lightning.pytorch.loggers.wandb.WandbLogger"", ""anonymous"": null, ""entity"": ""cedric-leonard"", ""group"": ""rcmc_grid"", ""id"": null, ""job_type"": """", ""log_model"": false, ""offline"": true, ""prefix"": """", ""project"": ""MAYA_DC"", ""save_dir"": ""/lustre/projects/1001/rdelprete/MAYA_DC/logs/default/multiruns/2026-03-26_09-05-52/lmbda_35_seed_1"", ""tags"": []}}, ""model"": {""_target_"": ""src.models.rcmc_compress_module.RCMCDCmodule"", ""aux_optimizer"": {""_partial_"": true, ""_target_"": ""torch.optim.Adam"", ""lr"": 0.001}, ""azimuth_buffer"": 512, ""compile"": false, ""criterion"": {""_target_"": ""src.models.components.losses.CompoundCompressionLoss"", ""azimuth_buffer"": 512, ""delta_coherence"": 1, ""delta_kde"": 1, ""lmbda"": 35, ""num_kde_bins"": 100, ""patch_size"": [512, 512]}, ""gradient_clip_norm"": 1, ""net"": {""_target_"": ""src.models.components.scale_hyperprior.ScaleHyperprior"", ""activation"": ""gdn"", ""nb_channels_latent"": 256, ""nb_channels_main"": 128, ""nb_input_channels"": 2, ""non_square_kernels"": false}, ""net_optimizer"": {""_partial_"": true, ""_target_"": ""torch.optim.Adam"", ""betas"": [0.9, 0.999], ""lr"": 0.0001}, ""scheduler"": {""_partial_"": true, ""_target_"": ""torch.optim.lr_scheduler.ReduceLROnPlateau"", ""factor"": 0.5, ""mode"": ""min"", ""patience"": 5}, ""training_mode"": ""slc""}, ""model/params/non_trainable"": 0, ""model/params/total"": 5626626, ""model/params/trainable"": 5626626, ""patch_size"": [512, 512], ""paths"": {""data_dir"": ""/lustre/projects/1001/rdelprete/MAYA_DC/data/"", ""log_dir"": ""/lustre/projects/1001/rdelprete/MAYA_DC/logs/"", ""output_dir"": ""/lustre/projects/1001/rdelprete/MAYA_DC/logs/default/multiruns/2026-03-26_09-05-52/lmbda_35_seed_1"", ""root_dir"": ""/lustre/projects/1001/rdelprete/MAYA_DC"", ""work_dir"": ""/lustre/home/u10010007""}, ""seed"": 1, ""tags"": [""rcmc_compression"", ""scale_hyperprior"", ""maya4""], ""task_name"": ""default"", ""test"": true, ""train"": true, ""trainer"": {""_target_"": ""lightning.pytorch.trainer.Trainer"", ""accelerator"": ""gpu"", ""check_val_every_n_epoch"": 1, ""default_root_dir"": ""/lustre/projects/1001/rdelprete/MAYA_DC/logs/default/multiruns/2026-03-26_09-05-52/lmbda_35_seed_1"", ""deterministic"": false, ""devices"": 4, ""max_epochs"": 30, ""min_epochs"": 1, ""num_nodes"": 1, ""precision"": ""32-true"", ""strategy"": ""ddp_find_unused_parameters_true"", ""sync_batchnorm"": true}}"
1jarbrqd,SHP-gdn_s2_L35_slc_buf512_Compound_lr0.0001_b4_10000p,finished,https://wandb.ai/cedric-leonard/MAYA_DC/runs/1jarbrqd,2026-03-25T08:43:04Z,cedric-leonard,MAYA_DC,2.0,35.0,slc,512.0,src.models.components.scale_hyperprior.ScaleHyperprior,ScaleHyperprior,SHyp,gdn,GDN,src.data.maya4_dir_datamodule.MAYA4DirDataModule,MAYA4DirDataModule,MAYA4DirDataModule,src.models.components.losses.CompoundCompressionLoss,Compound,/lustre/projects/1001/rdelprete/MAYA_DC/logs/default/multiruns/2026-03-24_17-14-16_non_square/lmbda_35_seed_2,,True,rcmc_grid_non_square,"[""maya4"", ""rcmc_compression"", ""scale_hyperprior""]",SHyp-GDN | MAYA4DirDataModule | slc | nsk,"{""_runtime"": 5404, ""_step"": 150001, ""_timestamp"": 1774425449.1439362, ""epoch"": 30, ""fixed_patch/reconstruction"": {""_type"": ""image-file"", ""format"": ""png"", ""height"": 600, ""path"": ""media/images/fixed_patch/reconstruction_150000_978a6f3b78e70808b525.png"", ""sha256"": ""978a6f3b78e70808b525368d24bfe39b12470435e7ce320b93b42a68bf7a6fc0"", ""size"": 1484871, ""width"": 2000}, ""test/aux"": 12.485832214355469, ""test/coherence"": 0.0911988914012909, ""test/complex_corr_mean"": 0.9088008999824524, ""test/complex_corr_std"": ""NaN"", ""test/distortion"": 0.21333126723766327, ""test/kde"": 0.05743902176618576, ""test/loss"": 8.761387825012207, ""test/mse"": 0.06469336152076721, ""test/phase_err_mean"": 0.07454844564199448, ""test/phase_err_std"": ""NaN"", ""test/psnr_amp"": 24.535737991333008, ""test/rate"": 1.2947919368743896, ""test/ssim_amp"": 0.5350707769393921, ""train/aux"": 13.364375114440918, ""train/coherence"": 0.11775800585746764, ""train/distortion"": 0.2547774314880371, ""train/grad_norm_g_a"": 30.273889541625977, ""train/grad_norm_g_s"": 27.339048385620117, ""train/grad_norm_h_a"": 0.35944291949272156, ""train/grad_norm_h_s"": 0.04480087384581566, ""train/kde"": 0.018184106796979904, ""train/loss"": 10.333951950073242, ""train/lr"": 9.999999747378752e-05, ""train/mse"": 0.11883533000946044, ""train/rate"": 1.4167423248291016, ""trainer/global_step"": 75000, ""val_batch/coherence_loss"": 0.028674423694610596, ""val_batch/correlation_metric_mean"": 0.9713255763053894, ""val_batch/correlation_metric_std"": ""NaN"", ""val_batch/kde_loss"": 0.14193816483020782, ""val_batch/phase_error"": 0.016358613967895508, ""val_batch/psnr_slc"": 20.99794006347656, ""val_batch/reconstructions"": {""_type"": ""image-file"", ""format"": ""png"", ""height"": 1700, ""path"": ""media/images/val_batch/reconstructions_145051_c1ffb236a7725375ec21.png"", ""sha256"": ""c1ffb236a7725375ec219dd839b10ec9fbb63c27ec07f307b5a7642f351fb169"", ""size"": 1566963, ""width"": 500}, ""val_batch/ssim_slc"": 0.5116283297538757, ""val_batch/x_hat_histogram"": {""_type"": ""histogram""}, ""valid/aux"": 12.485832214355469, ""valid/coherence"": 0.12128891795873642, ""valid/complex_corr_mean"": 0.878710925579071, ""valid/complex_corr_std"": ""NaN"", ""valid/distortion"": 0.2973807752132416, ""valid/kde"": 0.04820437729358673, ""valid/loss"": 11.779112815856934, ""valid/mse"": 0.12788742780685425, ""valid/phase_err_mean"": 0.10624093562364578, ""valid/phase_err_std"": ""NaN"", ""valid/psnr_amp"": 27.450611114501953, ""valid/rate"": 1.3707871437072754, ""valid/rd_scatter_table"": {""_latest_artifact_path"": ""wandb-client-artifact://cdwho4ff1ntzhvujh0h3td9c9xcx2clus7f69nd2pbtc2pxgap0kugm6uq6poykwurepfoogos8jzec8414qwgwum4fknr89lv7yjmadw7brfl2lffhhg4lrtc44l36l:latest/valid/rd_scatter_table.table.json"", ""_type"": ""table-file"", ""artifact_path"": ""wandb-client-artifact://m59h15t4c97yy3z1g2hiywaiy8di01rvqyevyirx37svg3c10814pafd8zwk97zoer6rz06hpw9gx8kohwhes4nmf1s3sp9vx1yrf4uw3qnc6bvfxc7r82kpy9bf6294/valid/rd_scatter_table.table.json"", ""log_mode"": ""IMMUTABLE"", ""ncols"": 3, ""nrows"": 31, ""path"": ""media/table/valid/rd_scatter_table_150000_cf5bfc551f6e2dc76c3e.table.json"", ""sha256"": ""cf5bfc551f6e2dc76c3e6cdfdfb5d81bd974521c1b390d5270e127286c968238"", ""size"": 1476}, ""valid/ssim_amp"": 0.5221958756446838}","{""azimuth_buffer"": 512, ""callbacks"": {""early_stopping"": {""_target_"": ""lightning.pytorch.callbacks.EarlyStopping"", ""check_finite"": true, ""check_on_train_epoch_end"": false, ""divergence_threshold"": null, ""min_delta"": 0, ""mode"": ""min"", ""monitor"": ""valid/loss"", ""patience"": 10, ""stopping_threshold"": null, ""strict"": true, ""verbose"": false}, ""model_checkpoint"": {""_target_"": ""lightning.pytorch.callbacks.ModelCheckpoint"", ""auto_insert_metric_name"": false, ""dirpath"": ""/lustre/projects/1001/rdelprete/MAYA_DC/logs/default/multiruns/2026-03-24_17-14-16_non_square/lmbda_35_seed_2/checkpoints"", ""every_n_epochs"": null, ""every_n_train_steps"": null, ""filename"": ""epoch_{epoch:03d}_loss_{valid/loss:.4f}"", ""mode"": ""min"", ""monitor"": ""valid/loss"", ""save_last"": true, ""save_on_train_epoch_end"": null, ""save_top_k"": 1, ""save_weights_only"": false, ""train_time_interval"": null, ""verbose"": false}, ""model_summary"": {""_target_"": ""lightning.pytorch.callbacks.RichModelSummary"", ""max_depth"": 2}, ""monitor_fix_patch"": {""verbose"": true}, ""monitor_fixed_patch"": {""_target_"": ""src.callbacks.monitor_fixed_patch.MonitorFixedPatch"", ""clip_factor"": 3, ""log_every_n_epochs"": 1, ""patch_json"": ""data/fixed_patches/s1c-s6-raw-s-vv-20250422t061414-20250422t061446-002002-0040d4.json"", ""verbose"": false}, ""monitor_val_recon"": {""_target_"": ""src.callbacks.monitor_val_reconstruction.MonitorValReconstruction"", ""clip_factor"": 3, ""log_every_n_epochs"": 1, ""num_images"": 3, ""verbose"": true}, ""rich_progress_bar"": {""_target_"": ""lightning.pytorch.callbacks.RichProgressBar""}, ""wandb_osh"": {""_target_"": ""wandb_osh.lightning_hooks.TriggerWandbSyncLightningCallback""}}, ""ckpt_path"": null, ""data"": {""_target_"": ""src.data.maya4_dir_datamodule.MAYA4DirDataModule"", ""azimuth_buffer"": 512, ""batch_size"": 4, ""max_products_test"": 2, ""max_products_train"": 10, ""max_products_val"": 2, ""num_workers"": 4, ""online"": false, ""patch_size"": [512, 512], ""pin_memory"": true, ""samples_per_prod"": 1000, ""test_dir"": ""/lustre/projects/1001/rdelprete/SSM/data/ssm_dataset/focused/PT3"", ""train_dir"": ""/lustre/projects/1001/rdelprete/SSM/data/ssm_dataset/focused/PT1"", ""val_dir"": ""/lustre/projects/1001/rdelprete/SSM/data/ssm_dataset/focused/PT2""}, ""determinism"": true, ""experiment_name"": ""rcmc_compress_baseline"", ""extras"": {""enforce_tags"": true, ""ignore_warnings"": false, ""print_config"": true}, ""lambda"": 35, ""logger"": {""wandb"": {""_target_"": ""lightning.pytorch.loggers.wandb.WandbLogger"", ""anonymous"": null, ""entity"": ""cedric-leonard"", ""group"": ""rcmc_grid_non_square"", ""id"": null, ""job_type"": """", ""log_model"": false, ""offline"": true, ""prefix"": """", ""project"": ""MAYA_DC"", ""save_dir"": ""/lustre/projects/1001/rdelprete/MAYA_DC/logs/default/multiruns/2026-03-24_17-14-16_non_square/lmbda_35_seed_2"", ""tags"": []}}, ""model"": {""_target_"": ""src.models.rcmc_compress_module.RCMCDCmodule"", ""aux_optimizer"": {""_partial_"": true, ""_target_"": ""torch.optim.Adam"", ""lr"": 0.001}, ""azimuth_buffer"": 512, ""compile"": false, ""criterion"": {""_target_"": ""src.models.components.losses.CompoundCompressionLoss"", ""azimuth_buffer"": 512, ""delta_coherence"": 1, ""delta_kde"": 1, ""lmbda"": 35, ""num_kde_bins"": 100, ""patch_size"": [512, 512]}, ""gradient_clip_norm"": 1, ""net"": {""_target_"": ""src.models.components.scale_hyperprior.ScaleHyperprior"", ""activation"": ""gdn"", ""nb_channels_latent"": 256, ""nb_channels_main"": 128, ""nb_input_channels"": 2, ""non_square_kernels"": true}, ""net_optimizer"": {""_partial_"": true, ""_target_"": ""torch.optim.Adam"", ""betas"": [0.9, 0.999], ""lr"": 0.0001}, ""scheduler"": {""_partial_"": true, ""_target_"": ""torch.optim.lr_scheduler.ReduceLROnPlateau"", ""factor"": 0.5, ""mode"": ""min"", ""patience"": 5}, ""training_mode"": ""slc""}, ""model/params/non_trainable"": 0, ""model/params/total"": 16662274, ""model/params/trainable"": 16662274, ""patch_size"": [512, 512], ""paths"": {""data_dir"": ""/lustre/projects/1001/rdelprete/MAYA_DC/data/"", ""log_dir"": ""/lustre/projects/1001/rdelprete/MAYA_DC/logs/"", ""output_dir"": ""/lustre/projects/1001/rdelprete/MAYA_DC/logs/default/multiruns/2026-03-24_17-14-16_non_square/lmbda_35_seed_2"", ""root_dir"": ""/lustre/projects/1001/rdelprete/MAYA_DC"", ""work_dir"": ""/lustre/home/u10010007""}, ""seed"": 2, ""tags"": [""rcmc_compression"", ""scale_hyperprior"", ""maya4""], ""task_name"": ""default"", ""test"": true, ""train"": true, ""trainer"": {""_target_"": ""lightning.pytorch.trainer.Trainer"", ""accelerator"": ""gpu"", ""check_val_every_n_epoch"": 1, ""default_root_dir"": ""/lustre/projects/1001/rdelprete/MAYA_DC/logs/default/multiruns/2026-03-24_17-14-16_non_square/lmbda_35_seed_2"", ""deterministic"": false, ""devices"": 4, ""max_epochs"": 30, ""min_epochs"": 1, ""num_nodes"": 1, ""precision"": ""32-true"", ""strategy"": ""ddp_find_unused_parameters_true"", ""sync_batchnorm"": true}}"
eui591mp,SHP-gdn_s2_L35_slc_buf512_Compound_lr0.0001_b4_10000p,finished,https://wandb.ai/cedric-leonard/MAYA_DC/runs/eui591mp,2026-03-25T09:54:41Z,cedric-leonard,MAYA_DC,2.0,35.0,slc,512.0,src.models.components.scale_hyperprior.ScaleHyperprior,ScaleHyperprior,SHyp,gdn,GDN,src.data.maya4_dir_datamodule.MAYA4DirDataModule,MAYA4DirDataModule,MAYA4DirDataModule,src.models.components.losses.CompoundCompressionLoss,Compound,/lustre/projects/1001/rdelprete/MAYA_DC/logs/default/multiruns/2026-03-24_15-29-55/lmbda_35_seed_2,,False,rcmc_grid,"[""maya4"", ""rcmc_compression"", ""scale_hyperprior""]",SHyp-GDN | MAYA4DirDataModule | slc | sq,"{""_runtime"": 4801, ""_step"": 150001, ""_timestamp"": 1774384338.1495376, ""epoch"": 30, ""fixed_patch/reconstruction"": {""_type"": ""image-file"", ""format"": ""png"", ""height"": 600, ""path"": ""media/images/fixed_patch/reconstruction_150000_efb619dd91647573d70e.png"", ""sha256"": ""efb619dd91647573d70e61f267ddbcefe100973f1ab96bc73fb666b1343645b0"", ""size"": 1459242, ""width"": 2000}, ""test/aux"": 13.296266555786133, ""test/coherence"": 0.054442547261714935, ""test/complex_corr_mean"": 0.945557713508606, ""test/complex_corr_std"": ""NaN"", ""test/distortion"": 0.13183046877384186, ""test/kde"": 0.03841507062315941, ""test/loss"": 6.509284019470215, ""test/mse"": 0.038972821086645126, ""test/phase_err_mean"": 0.04917025193572045, ""test/phase_err_std"": ""NaN"", ""test/psnr_amp"": 26.187082290649418, ""test/rate"": 1.8952189683914185, ""test/ssim_amp"": 0.7057766914367676, ""train/aux"": 15.52294921875, ""train/coherence"": 0.06953383982181549, ""train/distortion"": 0.15419480204582214, ""train/grad_norm_g_a"": 21.089710235595703, ""train/grad_norm_g_s"": 18.465518951416016, ""train/grad_norm_h_a"": 0.10016649961471558, ""train/grad_norm_h_s"": 0.018727876245975494, ""train/kde"": 0.01467155385762453, ""train/loss"": 7.330864906311035, ""train/lr"": 9.999999747378752e-05, ""train/mse"": 0.069989413022995, ""train/rate"": 1.9340466260910032, ""trainer/global_step"": 75000, ""val_batch/coherence_loss"": 0.020503878593444824, ""val_batch/correlation_metric_mean"": 0.9794961214065552, ""val_batch/correlation_metric_std"": ""NaN"", ""val_batch/kde_loss"": 0.03583164140582085, ""val_batch/phase_error"": 0.011858344078063965, ""val_batch/psnr_slc"": 21.762828826904297, ""val_batch/reconstructions"": {""_type"": ""image-file"", ""format"": ""png"", ""height"": 1700, ""path"": ""media/images/val_batch/reconstructions_145051_5c7176405f425051792e.png"", ""sha256"": ""5c7176405f425051792e720b1003266437fc0724413f7395f6be146150f6be09"", ""size"": 1609927, ""width"": 500}, ""val_batch/ssim_slc"": 0.6675897836685181, ""val_batch/x_hat_histogram"": {""_type"": ""histogram""}, ""valid/aux"": 15.165651321411133, ""valid/coherence"": 0.07296440005302429, ""valid/complex_corr_mean"": 0.927035391330719, ""valid/complex_corr_std"": ""NaN"", ""valid/distortion"": 0.18851952254772184, ""valid/kde"": 0.035666853189468384, ""valid/loss"": 8.597900390625, ""valid/mse"": 0.0798882469534874, ""valid/phase_err_mean"": 0.07487078011035919, ""valid/phase_err_std"": ""NaN"", ""valid/psnr_amp"": 29.05630874633789, ""valid/rate"": 1.999717354774475, ""valid/rd_scatter_table"": {""_latest_artifact_path"": ""wandb-client-artifact://trgv1nspc257enkfps1pjzuwirmhrumb3j67g09rx08jx0wf9hfh6fuxaktvn72hr95suxmp1guelv6g51n5g4ieqazbaq94s6jr9zbp7raxxzjxi2sveoys2mlwnuii:latest/valid/rd_scatter_table.table.json"", ""_type"": ""table-file"", ""artifact_path"": ""wandb-client-artifact://fvrhh6qyh44efguu30e8clqod1l32vf7t3fctp5nbzit3o4cnm1xlfaw97zjosavv18qgs4bixntbp7uwt6glxkhfxur5x8wpx93zlmawgcvsenzxu6eahx2qsf8zyym/valid/rd_scatter_table.table.json"", ""log_mode"": ""IMMUTABLE"", ""ncols"": 3, ""nrows"": 31, ""path"": ""media/table/valid/rd_scatter_table_150000_1fb309f7020ff59b42c9.table.json"", ""sha256"": ""1fb309f7020ff59b42c9aa1d4c33cafeeba4be3049f7100694a1b8e0a35c8579"", ""size"": 1477}, ""valid/ssim_amp"": 0.6942108273506165}","{""azimuth_buffer"": 512, ""callbacks"": {""early_stopping"": {""_target_"": ""lightning.pytorch.callbacks.EarlyStopping"", ""check_finite"": true, ""check_on_train_epoch_end"": false, ""divergence_threshold"": null, ""min_delta"": 0, ""mode"": ""min"", ""monitor"": ""valid/loss"", ""patience"": 10, ""stopping_threshold"": null, ""strict"": true, ""verbose"": false}, ""model_checkpoint"": {""_target_"": ""lightning.pytorch.callbacks.ModelCheckpoint"", ""auto_insert_metric_name"": false, ""dirpath"": ""/lustre/projects/1001/rdelprete/MAYA_DC/logs/default/multiruns/2026-03-24_15-29-55/lmbda_35_seed_2/checkpoints"", ""every_n_epochs"": null, ""every_n_train_steps"": null, ""filename"": ""epoch_{epoch:03d}_loss_{valid/loss:.4f}"", ""mode"": ""min"", ""monitor"": ""valid/loss"", ""save_last"": true, ""save_on_train_epoch_end"": null, ""save_top_k"": 1, ""save_weights_only"": false, ""train_time_interval"": null, ""verbose"": false}, ""model_summary"": {""_target_"": ""lightning.pytorch.callbacks.RichModelSummary"", ""max_depth"": 2}, ""monitor_fix_patch"": {""verbose"": true}, ""monitor_fixed_patch"": {""_target_"": ""src.callbacks.monitor_fixed_patch.MonitorFixedPatch"", ""clip_factor"": 3, ""log_every_n_epochs"": 1, ""patch_json"": ""data/fixed_patches/s1c-s6-raw-s-vv-20250422t061414-20250422t061446-002002-0040d4.json"", ""verbose"": false}, ""monitor_val_recon"": {""_target_"": ""src.callbacks.monitor_val_reconstruction.MonitorValReconstruction"", ""clip_factor"": 3, ""log_every_n_epochs"": 1, ""num_images"": 3, ""verbose"": true}, ""rich_progress_bar"": {""_target_"": ""lightning.pytorch.callbacks.RichProgressBar""}, ""wandb_osh"": {""_target_"": ""wandb_osh.lightning_hooks.TriggerWandbSyncLightningCallback""}}, ""ckpt_path"": null, ""data"": {""_target_"": ""src.data.maya4_dir_datamodule.MAYA4DirDataModule"", ""azimuth_buffer"": 512, ""batch_size"": 4, ""max_products_test"": 2, ""max_products_train"": 10, ""max_products_val"": 2, ""num_workers"": 4, ""online"": false, ""patch_size"": [512, 512], ""pin_memory"": true, ""samples_per_prod"": 1000, ""test_dir"": ""/lustre/projects/1001/rdelprete/SSM/data/ssm_dataset/focused/PT3"", ""train_dir"": ""/lustre/projects/1001/rdelprete/SSM/data/ssm_dataset/focused/PT1"", ""val_dir"": ""/lustre/projects/1001/rdelprete/SSM/data/ssm_dataset/focused/PT2""}, ""determinism"": true, ""experiment_name"": ""rcmc_compress_baseline"", ""extras"": {""enforce_tags"": true, ""ignore_warnings"": false, ""print_config"": true}, ""lambda"": 35, ""logger"": {""wandb"": {""_target_"": ""lightning.pytorch.loggers.wandb.WandbLogger"", ""anonymous"": null, ""entity"": ""cedric-leonard"", ""group"": ""rcmc_grid"", ""id"": null, ""job_type"": """", ""log_model"": false, ""offline"": true, ""prefix"": """", ""project"": ""MAYA_DC"", ""save_dir"": ""/lustre/projects/1001/rdelprete/MAYA_DC/logs/default/multiruns/2026-03-24_15-29-55/lmbda_35_seed_2"", ""tags"": []}}, ""model"": {""_target_"": ""src.models.rcmc_compress_module.RCMCDCmodule"", ""aux_optimizer"": {""_partial_"": true, ""_target_"": ""torch.optim.Adam"", ""lr"": 0.001}, ""azimuth_buffer"": 512, ""compile"": false, ""criterion"": {""_target_"": ""src.models.components.losses.CompoundCompressionLoss"", ""azimuth_buffer"": 512, ""delta_coherence"": 1, ""delta_kde"": 1, ""lmbda"": 35, ""num_kde_bins"": 100, ""patch_size"": [512, 512]}, ""gradient_clip_norm"": 1, ""net"": {""_target_"": ""src.models.components.scale_hyperprior.ScaleHyperprior"", ""activation"": ""gdn"", ""nb_channels_latent"": 256, ""nb_channels_main"": 128, ""nb_input_channels"": 2, ""non_square_kernels"": false}, ""net_optimizer"": {""_partial_"": true, ""_target_"": ""torch.optim.Adam"", ""betas"": [0.9, 0.999], ""lr"": 0.0001}, ""scheduler"": {""_partial_"": true, ""_target_"": ""torch.optim.lr_scheduler.ReduceLROnPlateau"", ""factor"": 0.5, ""mode"": ""min"", ""patience"": 5}, ""training_mode"": ""slc""}, ""model/params/non_trainable"": 0, ""model/params/total"": 5626626, ""model/params/trainable"": 5626626, ""patch_size"": [512, 512], ""paths"": {""data_dir"": ""/lustre/projects/1001/rdelprete/MAYA_DC/data/"", ""log_dir"": ""/lustre/projects/1001/rdelprete/MAYA_DC/logs/"", ""output_dir"": ""/lustre/projects/1001/rdelprete/MAYA_DC/logs/default/multiruns/2026-03-24_15-29-55/lmbda_35_seed_2"", ""root_dir"": ""/lustre/projects/1001/rdelprete/MAYA_DC"", ""work_dir"": ""/lustre/home/u10010007""}, ""seed"": 2, ""tags"": [""rcmc_compression"", ""scale_hyperprior"", ""maya4""], ""task_name"": ""default"", ""test"": true, ""train"": true, ""trainer"": {""_target_"": ""lightning.pytorch.trainer.Trainer"", ""accelerator"": ""gpu"", ""check_val_every_n_epoch"": 1, ""default_root_dir"": ""/lustre/projects/1001/rdelprete/MAYA_DC/logs/default/multiruns/2026-03-24_15-29-55/lmbda_35_seed_2"", ""deterministic"": false, ""devices"": 4, ""max_epochs"": 30, ""min_epochs"": 1, ""num_nodes"": 1, ""precision"": ""32-true"", ""strategy"": ""ddp_find_unused_parameters_true"", ""sync_batchnorm"": true}}"
lxkg9bei,SHP-gdn_s2_L35_slc_buf512_Compound_lr0.0001_b4_10000p,finished,https://wandb.ai/cedric-leonard/MAYA_DC/runs/lxkg9bei,2026-03-26T15:55:50Z,cedric-leonard,MAYA_DC,2.0,35.0,slc,512.0,src.models.components.scale_hyperprior.ScaleHyperprior,ScaleHyperprior,SHyp,gdn,GDN,src.data.maya4_dir_datamodule.MAYA4DirDataModule,MAYA4DirDataModule,MAYA4DirDataModule,src.models.components.losses.CompoundCompressionLoss,Compound,/lustre/projects/1001/rdelprete/MAYA_DC/logs/default/multiruns/2026-03-26_09-05-52/lmbda_35_seed_2,,False,rcmc_grid,"[""maya4"", ""rcmc_compression"", ""scale_hyperprior""]",SHyp-GDN | MAYA4DirDataModule | slc | sq,"{""_runtime"": 4783, ""_step"": 150001, ""_timestamp"": 1774521004.0714805, ""epoch"": 30, ""fixed_patch/reconstruction"": {""_type"": ""image-file"", ""format"": ""png"", ""height"": 600, ""path"": ""media/images/fixed_patch/reconstruction_150000_efb619dd91647573d70e.png"", ""sha256"": ""efb619dd91647573d70e61f267ddbcefe100973f1ab96bc73fb666b1343645b0"", ""size"": 1459242, ""width"": 2000}, ""test/aux"": 13.296266555786133, ""test/coherence"": 0.054442547261714935, ""test/complex_corr_mean"": 0.945557713508606, ""test/complex_corr_std"": ""NaN"", ""test/distortion"": 0.13183046877384186, ""test/kde"": 0.03841507062315941, ""test/loss"": 6.509284019470215, ""test/mse"": 0.038972821086645126, ""test/phase_err_mean"": 0.04917025193572045, ""test/phase_err_std"": ""NaN"", ""test/psnr_amp"": 26.187082290649418, ""test/rate"": 1.8952189683914185, ""test/ssim_amp"": 0.7057766914367676, ""train/aux"": 15.52294921875, ""train/coherence"": 0.06953383982181549, ""train/distortion"": 0.15419480204582214, ""train/grad_norm_g_a"": 21.089710235595703, ""train/grad_norm_g_s"": 18.465518951416016, ""train/grad_norm_h_a"": 0.10016649961471558, ""train/grad_norm_h_s"": 0.018727876245975494, ""train/kde"": 0.01467155385762453, ""train/loss"": 7.330864906311035, ""train/lr"": 9.999999747378752e-05, ""train/mse"": 0.069989413022995, ""train/rate"": 1.9340466260910032, ""trainer/global_step"": 75000, ""val_batch/coherence_loss"": 0.020503878593444824, ""val_batch/correlation_metric_mean"": 0.9794961214065552, ""val_batch/correlation_metric_std"": ""NaN"", ""val_batch/kde_loss"": 0.03583164140582085, ""val_batch/phase_error"": 0.011858344078063965, ""val_batch/psnr_slc"": 21.762828826904297, ""val_batch/reconstructions"": {""_type"": ""image-file"", ""format"": ""png"", ""height"": 1700, ""path"": ""media/images/val_batch/reconstructions_145051_5c7176405f425051792e.png"", ""sha256"": ""5c7176405f425051792e720b1003266437fc0724413f7395f6be146150f6be09"", ""size"": 1609927, ""width"": 500}, ""val_batch/ssim_slc"": 0.6675897836685181, ""val_batch/x_hat_histogram"": {""_type"": ""histogram""}, ""valid/aux"": 15.165651321411133, ""valid/coherence"": 0.07296440005302429, ""valid/complex_corr_mean"": 0.927035391330719, ""valid/complex_corr_std"": ""NaN"", ""valid/distortion"": 0.18851952254772184, ""valid/kde"": 0.035666853189468384, ""valid/loss"": 8.597900390625, ""valid/mse"": 0.0798882469534874, ""valid/phase_err_mean"": 0.07487078011035919, ""valid/phase_err_std"": ""NaN"", ""valid/psnr_amp"": 29.05630874633789, ""valid/rate"": 1.999717354774475, ""valid/rd_scatter_table"": {""_latest_artifact_path"": ""wandb-client-artifact://8c993whufwdlurbrc67nmm9vdu2khbaixfq5san0eoyjlnqk42xip672wbxdsgkjqldgojv3e4s1y1v43xzwecl49ednl1n8vu850hkuxjhrcmneqzrt4cl0tam5gwvy:latest/valid/rd_scatter_table.table.json"", ""_type"": ""table-file"", ""artifact_path"": ""wandb-client-artifact://lis17dh6geqlfefaao0zf65mssw0jif10lv2s5yb3kqvbnif0199bkz9smqxq5x1iq4ee2ft2qnk0vw0nd9s8dqogu8h0uy4vo36uux3exnldv7gn53v46brio9i5zsd/valid/rd_scatter_table.table.json"", ""log_mode"": ""IMMUTABLE"", ""ncols"": 3, ""nrows"": 31, ""path"": ""media/table/valid/rd_scatter_table_150000_1fb309f7020ff59b42c9.table.json"", ""sha256"": ""1fb309f7020ff59b42c9aa1d4c33cafeeba4be3049f7100694a1b8e0a35c8579"", ""size"": 1477}, ""valid/ssim_amp"": 0.6942108273506165}","{""azimuth_buffer"": 512, ""callbacks"": {""early_stopping"": {""_target_"": ""lightning.pytorch.callbacks.EarlyStopping"", ""check_finite"": true, ""check_on_train_epoch_end"": false, ""divergence_threshold"": null, ""min_delta"": 0, ""mode"": ""min"", ""monitor"": ""valid/loss"", ""patience"": 10, ""stopping_threshold"": null, ""strict"": true, ""verbose"": false}, ""model_checkpoint"": {""_target_"": ""lightning.pytorch.callbacks.ModelCheckpoint"", ""auto_insert_metric_name"": false, ""dirpath"": ""/lustre/projects/1001/rdelprete/MAYA_DC/logs/default/multiruns/2026-03-26_09-05-52/lmbda_35_seed_2/checkpoints"", ""every_n_epochs"": null, ""every_n_train_steps"": null, ""filename"": ""epoch_{epoch:03d}_loss_{valid/loss:.4f}"", ""mode"": ""min"", ""monitor"": ""valid/loss"", ""save_last"": true, ""save_on_train_epoch_end"": null, ""save_top_k"": 1, ""save_weights_only"": false, ""train_time_interval"": null, ""verbose"": false}, ""model_summary"": {""_target_"": ""lightning.pytorch.callbacks.RichModelSummary"", ""max_depth"": 2}, ""monitor_fix_patch"": {""verbose"": true}, ""monitor_fixed_patch"": {""_target_"": ""src.callbacks.monitor_fixed_patch.MonitorFixedPatch"", ""clip_factor"": 3, ""log_every_n_epochs"": 1, ""patch_json"": ""data/fixed_patches/s1c-s6-raw-s-vv-20250422t061414-20250422t061446-002002-0040d4.json"", ""verbose"": false}, ""monitor_val_recon"": {""_target_"": ""src.callbacks.monitor_val_reconstruction.MonitorValReconstruction"", ""clip_factor"": 3, ""log_every_n_epochs"": 1, ""num_images"": 3, ""verbose"": true}, ""rich_progress_bar"": {""_target_"": ""lightning.pytorch.callbacks.RichProgressBar""}, ""wandb_osh"": {""_target_"": ""wandb_osh.lightning_hooks.TriggerWandbSyncLightningCallback""}}, ""ckpt_path"": null, ""data"": {""_target_"": ""src.data.maya4_dir_datamodule.MAYA4DirDataModule"", ""azimuth_buffer"": 512, ""batch_size"": 4, ""max_products_test"": 2, ""max_products_train"": 10, ""max_products_val"": 2, ""num_workers"": 4, ""online"": false, ""patch_size"": [512, 512], ""pin_memory"": true, ""samples_per_prod"": 1000, ""test_dir"": ""/lustre/projects/1001/rdelprete/SSM/data/ssm_dataset/focused/PT3"", ""train_dir"": ""/lustre/projects/1001/rdelprete/SSM/data/ssm_dataset/focused/PT1"", ""val_dir"": ""/lustre/projects/1001/rdelprete/SSM/data/ssm_dataset/focused/PT2""}, ""determinism"": true, ""experiment_name"": ""rcmc_compress_baseline"", ""extras"": {""enforce_tags"": true, ""ignore_warnings"": false, ""print_config"": true}, ""lambda"": 35, ""logger"": {""wandb"": {""_target_"": ""lightning.pytorch.loggers.wandb.WandbLogger"", ""anonymous"": null, ""entity"": ""cedric-leonard"", ""group"": ""rcmc_grid"", ""id"": null, ""job_type"": """", ""log_model"": false, ""offline"": true, ""prefix"": """", ""project"": ""MAYA_DC"", ""save_dir"": ""/lustre/projects/1001/rdelprete/MAYA_DC/logs/default/multiruns/2026-03-26_09-05-52/lmbda_35_seed_2"", ""tags"": []}}, ""model"": {""_target_"": ""src.models.rcmc_compress_module.RCMCDCmodule"", ""aux_optimizer"": {""_partial_"": true, ""_target_"": ""torch.optim.Adam"", ""lr"": 0.001}, ""azimuth_buffer"": 512, ""compile"": false, ""criterion"": {""_target_"": ""src.models.components.losses.CompoundCompressionLoss"", ""azimuth_buffer"": 512, ""delta_coherence"": 1, ""delta_kde"": 1, ""lmbda"": 35, ""num_kde_bins"": 100, ""patch_size"": [512, 512]}, ""gradient_clip_norm"": 1, ""net"": {""_target_"": ""src.models.components.scale_hyperprior.ScaleHyperprior"", ""activation"": ""gdn"", ""nb_channels_latent"": 256, ""nb_channels_main"": 128, ""nb_input_channels"": 2, ""non_square_kernels"": false}, ""net_optimizer"": {""_partial_"": true, ""_target_"": ""torch.optim.Adam"", ""betas"": [0.9, 0.999], ""lr"": 0.0001}, ""scheduler"": {""_partial_"": true, ""_target_"": ""torch.optim.lr_scheduler.ReduceLROnPlateau"", ""factor"": 0.5, ""mode"": ""min"", ""patience"": 5}, ""training_mode"": ""slc""}, ""model/params/non_trainable"": 0, ""model/params/total"": 5626626, ""model/params/trainable"": 5626626, ""patch_size"": [512, 512], ""paths"": {""data_dir"": ""/lustre/projects/1001/rdelprete/MAYA_DC/data/"", ""log_dir"": ""/lustre/projects/1001/rdelprete/MAYA_DC/logs/"", ""output_dir"": ""/lustre/projects/1001/rdelprete/MAYA_DC/logs/default/multiruns/2026-03-26_09-05-52/lmbda_35_seed_2"", ""root_dir"": ""/lustre/projects/1001/rdelprete/MAYA_DC"", ""work_dir"": ""/lustre/home/u10010007""}, ""seed"": 2, ""tags"": [""rcmc_compression"", ""scale_hyperprior"", ""maya4""], ""task_name"": ""default"", ""test"": true, ""train"": true, ""trainer"": {""_target_"": ""lightning.pytorch.trainer.Trainer"", ""accelerator"": ""gpu"", ""check_val_every_n_epoch"": 1, ""default_root_dir"": ""/lustre/projects/1001/rdelprete/MAYA_DC/logs/default/multiruns/2026-03-26_09-05-52/lmbda_35_seed_2"", ""deterministic"": false, ""devices"": 4, ""max_epochs"": 30, ""min_epochs"": 1, ""num_nodes"": 1, ""precision"": ""32-true"", ""strategy"": ""ddp_find_unused_parameters_true"", ""sync_batchnorm"": true}}"
op7ef7ie,SHP-gdn_s0_L50_slc_buf512_Compound_lr0.0001_b4_10000p,finished,https://wandb.ai/cedric-leonard/MAYA_DC/runs/op7ef7ie,2026-03-23T17:16:01Z,cedric-leonard,MAYA_DC,0.0,50.0,slc,512.0,src.models.components.scale_hyperprior.ScaleHyperprior,ScaleHyperprior,SHyp,gdn,GDN,src.data.maya4_dir_datamodule.MAYA4DirDataModule,MAYA4DirDataModule,MAYA4DirDataModule,src.models.components.losses.CompoundCompressionLoss,Compound,/lustre/projects/1001/rdelprete/MAYA_DC/logs/default/multiruns/2026-03-23_16-31-02/lmbda_50_seed_0,,False,rcmc_grid,"[""maya4"", ""rcmc_compression"", ""scale_hyperprior""]",SHyp-GDN | MAYA4DirDataModule | slc | sq,"{""_runtime"": 5010, ""_step"": 150001, ""_timestamp"": 1774290868.510289, ""epoch"": 30, ""fixed_patch/reconstruction"": {""_type"": ""image-file"", ""format"": ""png"", ""height"": 600, ""path"": ""media/images/fixed_patch/reconstruction_150000_2571a5d535c8172d1931.png"", ""sha256"": ""2571a5d535c8172d193127b06b67d8be015b15284abfb9cb805334885261ce2c"", ""size"": 1459760, ""width"": 2000}, ""test/aux"": 17.657588958740234, ""test/coherence"": 0.0511300154030323, ""test/complex_corr_mean"": 0.94886976480484, ""test/complex_corr_std"": ""NaN"", ""test/distortion"": 0.12070080637931824, ""test/kde"": 0.032680146396160126, ""test/loss"": 8.218730926513672, ""test/mse"": 0.0368906632065773, ""test/phase_err_mean"": 0.047486405819654465, ""test/phase_err_std"": ""NaN"", ""test/psnr_amp"": 26.37091064453125, ""test/rate"": 2.1836884021759033, ""test/ssim_amp"": 0.7282062768936157, ""train/aux"": 18.59410858154297, ""train/coherence"": 0.039101406931877136, ""train/distortion"": 0.07753966003656387, ""train/grad_norm_g_a"": 19.507322311401367, ""train/grad_norm_g_s"": 37.989768981933594, ""train/grad_norm_h_a"": 0.06636809557676315, ""train/grad_norm_h_s"": 0.013068880885839462, ""train/kde"": 0.01328667253255844, ""train/loss"": 5.6743059158325195, ""train/lr"": 9.999999747378752e-05, ""train/mse"": 0.025151580572128296, ""train/rate"": 1.7973227500915527, ""trainer/global_step"": 75000, ""val_batch/coherence_loss"": 0.01848018169403076, ""val_batch/correlation_metric_mean"": 0.9815198183059692, ""val_batch/correlation_metric_std"": ""NaN"", ""val_batch/kde_loss"": 0.024650488048791885, ""val_batch/phase_error"": 0.010681390762329102, ""val_batch/psnr_slc"": 21.986766815185547, ""val_batch/reconstructions"": {""_type"": ""image-file"", ""format"": ""png"", ""height"": 1700, ""path"": ""media/images/val_batch/reconstructions_145051_2e057fa4810392acbfaa.png"", ""sha256"": ""2e057fa4810392acbfaae5824f13d341f126ceb1681501c82cb8709ab5637ee3"", ""size"": 1612535, ""width"": 500}, ""val_batch/ssim_slc"": 0.7028684616088867, ""val_batch/x_hat_histogram"": {""_type"": ""histogram""}, ""valid/aux"": 17.657588958740234, ""valid/coherence"": 0.06871329247951508, ""valid/complex_corr_mean"": 0.9312865734100342, ""valid/complex_corr_std"": ""NaN"", ""valid/distortion"": 0.17480775713920593, ""valid/kde"": 0.030028969049453735, ""valid/loss"": 11.028343200683594, ""valid/mse"": 0.07606547325849533, ""valid/phase_err_mean"": 0.07149335741996765, ""valid/phase_err_std"": ""NaN"", ""valid/psnr_amp"": 29.285303115844727, ""valid/rate"": 2.287952423095703, ""valid/rd_scatter_table"": {""_latest_artifact_path"": ""wandb-client-artifact://jm6nlzrxa0pwbd3huq4yvdj4mbsv8pl6jnmcrei49n0g3g865gu2ncpm3qx9ode43p578fpn5oda7ixabg7etufhdza9kmoa4dkqgqcs8ijttncc0ctbhg74yjyctqrd:latest/valid/rd_scatter_table.table.json"", ""_type"": ""table-file"", ""artifact_path"": ""wandb-client-artifact://vo8snt4r9x8couswp8wlauhoijadojc4zo7w30em8lnwe2v901hu1m58sftq933m45w5kxykszq7gvd9fkh1tvlm2va7oua8j0shvwgc2xw4fz4194b9zizol5dedkqr/valid/rd_scatter_table.table.json"", ""log_mode"": ""IMMUTABLE"", ""ncols"": 3, ""nrows"": 31, ""path"": ""media/table/valid/rd_scatter_table_150000_6040f3fc1f605dfb99f2.table.json"", ""sha256"": ""6040f3fc1f605dfb99f2026fd8ef2916a33ccf57bcad2f020d39c75d3360b84c"", ""size"": 1480}, ""valid/ssim_amp"": 0.7120678424835205}","{""azimuth_buffer"": 512, ""callbacks"": {""early_stopping"": {""_target_"": ""lightning.pytorch.callbacks.EarlyStopping"", ""check_finite"": true, ""check_on_train_epoch_end"": false, ""divergence_threshold"": null, ""min_delta"": 0, ""mode"": ""min"", ""monitor"": ""valid/loss"", ""patience"": 10, ""stopping_threshold"": null, ""strict"": true, ""verbose"": false}, ""model_checkpoint"": {""_target_"": ""lightning.pytorch.callbacks.ModelCheckpoint"", ""auto_insert_metric_name"": false, ""dirpath"": ""/lustre/projects/1001/rdelprete/MAYA_DC/logs/default/multiruns/2026-03-23_16-31-02/lmbda_50_seed_0/checkpoints"", ""every_n_epochs"": null, ""every_n_train_steps"": null, ""filename"": ""epoch_{epoch:03d}_loss_{valid/loss:.4f}"", ""mode"": ""min"", ""monitor"": ""valid/loss"", ""save_last"": true, ""save_on_train_epoch_end"": null, ""save_top_k"": 1, ""save_weights_only"": false, ""train_time_interval"": null, ""verbose"": false}, ""model_summary"": {""_target_"": ""lightning.pytorch.callbacks.RichModelSummary"", ""max_depth"": 2}, ""monitor_fix_patch"": {""verbose"": true}, ""monitor_fixed_patch"": {""_target_"": ""src.callbacks.monitor_fixed_patch.MonitorFixedPatch"", ""clip_factor"": 3, ""log_every_n_epochs"": 1, ""patch_json"": ""data/fixed_patches/s1c-s6-raw-s-vv-20250422t061414-20250422t061446-002002-0040d4.json"", ""verbose"": false}, ""monitor_val_recon"": {""_target_"": ""src.callbacks.monitor_val_reconstruction.MonitorValReconstruction"", ""clip_factor"": 3, ""log_every_n_epochs"": 1, ""num_images"": 3, ""verbose"": true}, ""rich_progress_bar"": {""_target_"": ""lightning.pytorch.callbacks.RichProgressBar""}, ""wandb_osh"": {""_target_"": ""wandb_osh.lightning_hooks.TriggerWandbSyncLightningCallback""}}, ""ckpt_path"": null, ""data"": {""_target_"": ""src.data.maya4_dir_datamodule.MAYA4DirDataModule"", ""azimuth_buffer"": 512, ""batch_size"": 4, ""max_products_test"": 2, ""max_products_train"": 10, ""max_products_val"": 2, ""num_workers"": 4, ""online"": false, ""patch_size"": [512, 512], ""pin_memory"": true, ""samples_per_prod"": 1000, ""test_dir"": ""/lustre/projects/1001/rdelprete/SSM/data/ssm_dataset/focused/PT3"", ""train_dir"": ""/lustre/projects/1001/rdelprete/SSM/data/ssm_dataset/focused/PT1"", ""val_dir"": ""/lustre/projects/1001/rdelprete/SSM/data/ssm_dataset/focused/PT2""}, ""determinism"": true, ""experiment_name"": ""rcmc_compress_baseline"", ""extras"": {""enforce_tags"": true, ""ignore_warnings"": false, ""print_config"": true}, ""lambda"": 50, ""logger"": {""wandb"": {""_target_"": ""lightning.pytorch.loggers.wandb.WandbLogger"", ""anonymous"": null, ""entity"": ""cedric-leonard"", ""group"": ""rcmc_grid"", ""id"": null, ""job_type"": """", ""log_model"": false, ""offline"": true, ""prefix"": """", ""project"": ""MAYA_DC"", ""save_dir"": ""/lustre/projects/1001/rdelprete/MAYA_DC/logs/default/multiruns/2026-03-23_16-31-02/lmbda_50_seed_0"", ""tags"": []}}, ""model"": {""_target_"": ""src.models.rcmc_compress_module.RCMCDCmodule"", ""aux_optimizer"": {""_partial_"": true, ""_target_"": ""torch.optim.Adam"", ""lr"": 0.001}, ""azimuth_buffer"": 512, ""compile"": false, ""criterion"": {""_target_"": ""src.models.components.losses.CompoundCompressionLoss"", ""azimuth_buffer"": 512, ""delta_coherence"": 1, ""delta_kde"": 1, ""lmbda"": 50, ""num_kde_bins"": 100, ""patch_size"": [512, 512]}, ""gradient_clip_norm"": 1, ""net"": {""_target_"": ""src.models.components.scale_hyperprior.ScaleHyperprior"", ""activation"": ""gdn"", ""nb_channels_latent"": 256, ""nb_channels_main"": 128, ""nb_input_channels"": 2}, ""net_optimizer"": {""_partial_"": true, ""_target_"": ""torch.optim.Adam"", ""betas"": [0.9, 0.999], ""lr"": 0.0001}, ""scheduler"": {""_partial_"": true, ""_target_"": ""torch.optim.lr_scheduler.ReduceLROnPlateau"", ""factor"": 0.5, ""mode"": ""min"", ""patience"": 5}, ""training_mode"": ""slc""}, ""model/params/non_trainable"": 0, ""model/params/total"": 5626626, ""model/params/trainable"": 5626626, ""patch_size"": [512, 512], ""paths"": {""data_dir"": ""/lustre/projects/1001/rdelprete/MAYA_DC/data/"", ""log_dir"": ""/lustre/projects/1001/rdelprete/MAYA_DC/logs/"", ""output_dir"": ""/lustre/projects/1001/rdelprete/MAYA_DC/logs/default/multiruns/2026-03-23_16-31-02/lmbda_50_seed_0"", ""root_dir"": ""/lustre/projects/1001/rdelprete/MAYA_DC"", ""work_dir"": ""/lustre/home/u10010007""}, ""seed"": 0, ""tags"": [""rcmc_compression"", ""scale_hyperprior"", ""maya4""], ""task_name"": ""default"", ""test"": true, ""train"": true, ""trainer"": {""_target_"": ""lightning.pytorch.trainer.Trainer"", ""accelerator"": ""gpu"", ""check_val_every_n_epoch"": 1, ""default_root_dir"": ""/lustre/projects/1001/rdelprete/MAYA_DC/logs/default/multiruns/2026-03-23_16-31-02/lmbda_50_seed_0"", ""deterministic"": false, ""devices"": 4, ""max_epochs"": 30, ""min_epochs"": 1, ""num_nodes"": 1, ""precision"": ""32-true"", ""strategy"": ""ddp_find_unused_parameters_true"", ""sync_batchnorm"": true}}"
ultazi9j,SHP-gdn_s0_L50_slc_buf512_Compound_lr0.0001_b4_10000p,finished,https://wandb.ai/cedric-leonard/MAYA_DC/runs/ultazi9j,2026-03-26T08:59:29Z,cedric-leonard,MAYA_DC,0.0,50.0,slc,512.0,src.models.components.scale_hyperprior.ScaleHyperprior,ScaleHyperprior,SHyp,gdn,GDN,src.data.maya4_dir_datamodule.MAYA4DirDataModule,MAYA4DirDataModule,MAYA4DirDataModule,src.models.components.losses.CompoundCompressionLoss,Compound,/lustre/projects/1001/rdelprete/MAYA_DC/logs/default/multiruns/2026-03-26_09-01-51/lmbda_50_seed_0,,False,rcmc_grid,"[""maya4"", ""rcmc_compression"", ""scale_hyperprior""]",SHyp-GDN | MAYA4DirDataModule | slc | sq,"{""_runtime"": 181.182929131, ""_step"": 23, ""_timestamp"": 1774512311.2006085, ""epoch"": 0, ""fixed_patch/reconstruction"": {""_type"": ""image-file"", ""format"": ""png"", ""height"": 600, ""path"": ""media/images/fixed_patch/reconstruction_0_5120f06558741c5bf1de.png"", ""sha256"": ""5120f06558741c5bf1de24f3096c181e8bc616978912ef92bedbb3799cbf32db"", ""size"": 1003708, ""width"": 2000}, ""train/aux"": 4886.8115234375, ""train/coherence"": 0.15106473863124847, ""train/distortion"": 0.28663569688796997, ""train/grad_norm_g_a"": 14.16831111907959, ""train/grad_norm_g_s"": 19.61513328552246, ""train/grad_norm_h_a"": 0.1207723394036293, ""train/grad_norm_h_s"": 0.10782191902399064, ""train/kde"": 0.044705409556627274, ""train/loss"": 14.889249801635742, ""train/lr"": 9.999999747378752e-05, ""train/mse"": 0.09086553007364272, ""train/rate"": 0.5574653148651123, ""trainer/global_step"": 1199, ""val_batch/coherence_loss"": 0.03792393207550049, ""val_batch/correlation_metric_mean"": 0.9620760679244996, ""val_batch/correlation_metric_std"": ""NaN"", ""val_batch/kde_loss"": 0.9461326599121094, ""val_batch/phase_error"": 0.019872426986694336, ""val_batch/psnr_slc"": 19.331193923950195, ""val_batch/reconstructions"": {""_type"": ""image-file"", ""format"": ""png"", ""height"": 1700, ""path"": ""media/images/val_batch/reconstructions_0_31787ff09535f60f55ed.png"", ""sha256"": ""31787ff09535f60f55ed8365a09aac22c3e57624cc6ad7a4948593de3528c63d"", ""size"": 1564283, ""width"": 500}, ""val_batch/ssim_slc"": 0.10100284963846208, ""val_batch/x_hat_histogram"": {""_type"": ""histogram""}, ""valid/rd_scatter_table"": {""_latest_artifact_path"": ""wandb-client-artifact://6cra5pqjg6f882zx2ewhdaevig40s8yj31ev2ppkr7hc8j4hqferizjvd3hsh7o53094lgytt1ijy7oiwx83z6qjch04bq3ptvsf24qetmnlluei6g9h0kejphi159dh:latest/valid/rd_scatter_table.table.json"", ""_type"": ""table-file"", ""artifact_path"": ""wandb-client-artifact://tmwlejmhu4o31z72wnz24f405rwwv1ut3875lo6cv4xt1yzulfpo0pbw3k6heqqf5605btpe1eice89vwkzdljl6vadmxiiyoanbiykhwcd9z22sux69vaa04xf8owu7/valid/rd_scatter_table.table.json"", ""log_mode"": ""IMMUTABLE"", ""ncols"": 3, ""nrows"": 1, ""path"": ""media/table/valid/rd_scatter_table_0_038e102b7f6d253f4435.table.json"", ""sha256"": ""038e102b7f6d253f443549502cceaf0bdaed9dd6d2ac3e8c46be5f1f98cc2fe3"", ""size"": 103}}","{""azimuth_buffer"": 512, ""callbacks"": {""early_stopping"": {""_target_"": ""lightning.pytorch.callbacks.EarlyStopping"", ""check_finite"": true, ""check_on_train_epoch_end"": false, ""divergence_threshold"": null, ""min_delta"": 0, ""mode"": ""min"", ""monitor"": ""valid/loss"", ""patience"": 10, ""stopping_threshold"": null, ""strict"": true, ""verbose"": false}, ""model_checkpoint"": {""_target_"": ""lightning.pytorch.callbacks.ModelCheckpoint"", ""auto_insert_metric_name"": false, ""dirpath"": ""/lustre/projects/1001/rdelprete/MAYA_DC/logs/default/multiruns/2026-03-26_09-01-51/lmbda_50_seed_0/checkpoints"", ""every_n_epochs"": null, ""every_n_train_steps"": null, ""filename"": ""epoch_{epoch:03d}_loss_{valid/loss:.4f}"", ""mode"": ""min"", ""monitor"": ""valid/loss"", ""save_last"": true, ""save_on_train_epoch_end"": null, ""save_top_k"": 1, ""save_weights_only"": false, ""train_time_interval"": null, ""verbose"": false}, ""model_summary"": {""_target_"": ""lightning.pytorch.callbacks.RichModelSummary"", ""max_depth"": 2}, ""monitor_fix_patch"": {""verbose"": true}, ""monitor_fixed_patch"": {""_target_"": ""src.callbacks.monitor_fixed_patch.MonitorFixedPatch"", ""clip_factor"": 3, ""log_every_n_epochs"": 1, ""patch_json"": ""data/fixed_patches/s1c-s6-raw-s-vv-20250422t061414-20250422t061446-002002-0040d4.json"", ""verbose"": false}, ""monitor_val_recon"": {""_target_"": ""src.callbacks.monitor_val_reconstruction.MonitorValReconstruction"", ""clip_factor"": 3, ""log_every_n_epochs"": 1, ""num_images"": 3, ""verbose"": true}, ""rich_progress_bar"": {""_target_"": ""lightning.pytorch.callbacks.RichProgressBar""}, ""wandb_osh"": {""_target_"": ""wandb_osh.lightning_hooks.TriggerWandbSyncLightningCallback""}}, ""ckpt_path"": null, ""data"": {""_target_"": ""src.data.maya4_dir_datamodule.MAYA4DirDataModule"", ""azimuth_buffer"": 512, ""batch_size"": 4, ""max_products_test"": 2, ""max_products_train"": 10, ""max_products_val"": 2, ""num_workers"": 4, ""online"": false, ""patch_size"": [512, 512], ""pin_memory"": true, ""samples_per_prod"": 1000, ""test_dir"": ""/lustre/projects/1001/rdelprete/SSM/data/ssm_dataset/focused/PT3"", ""train_dir"": ""/lustre/projects/1001/rdelprete/SSM/data/ssm_dataset/focused/PT1"", ""val_dir"": ""/lustre/projects/1001/rdelprete/SSM/data/ssm_dataset/focused/PT2""}, ""determinism"": true, ""experiment_name"": ""rcmc_compress_baseline"", ""extras"": {""enforce_tags"": true, ""ignore_warnings"": false, ""print_config"": true}, ""lambda"": 50, ""logger"": {""wandb"": {""_target_"": ""lightning.pytorch.loggers.wandb.WandbLogger"", ""anonymous"": null, ""entity"": ""cedric-leonard"", ""group"": ""rcmc_grid"", ""id"": null, ""job_type"": """", ""log_model"": false, ""offline"": true, ""prefix"": """", ""project"": ""MAYA_DC"", ""save_dir"": ""/lustre/projects/1001/rdelprete/MAYA_DC/logs/default/multiruns/2026-03-26_09-01-51/lmbda_50_seed_0"", ""tags"": []}}, ""model"": {""_target_"": ""src.models.rcmc_compress_module.RCMCDCmodule"", ""aux_optimizer"": {""_partial_"": true, ""_target_"": ""torch.optim.Adam"", ""lr"": 0.001}, ""azimuth_buffer"": 512, ""compile"": false, ""criterion"": {""_target_"": ""src.models.components.losses.CompoundCompressionLoss"", ""azimuth_buffer"": 512, ""delta_coherence"": 1, ""delta_kde"": 1, ""lmbda"": 50, ""num_kde_bins"": 100, ""patch_size"": [512, 512]}, ""gradient_clip_norm"": 1, ""net"": {""_target_"": ""src.models.components.scale_hyperprior.ScaleHyperprior"", ""activation"": ""gdn"", ""nb_channels_latent"": 256, ""nb_channels_main"": 128, ""nb_input_channels"": 2, ""non_square_kernels"": false}, ""net_optimizer"": {""_partial_"": true, ""_target_"": ""torch.optim.Adam"", ""betas"": [0.9, 0.999], ""lr"": 0.0001}, ""scheduler"": {""_partial_"": true, ""_target_"": ""torch.optim.lr_scheduler.ReduceLROnPlateau"", ""factor"": 0.5, ""mode"": ""min"", ""patience"": 5}, ""training_mode"": ""slc""}, ""model/params/non_trainable"": 0, ""model/params/total"": 5626626, ""model/params/trainable"": 5626626, ""patch_size"": [512, 512], ""paths"": {""data_dir"": ""/lustre/projects/1001/rdelprete/MAYA_DC/data/"", ""log_dir"": ""/lustre/projects/1001/rdelprete/MAYA_DC/logs/"", ""output_dir"": ""/lustre/projects/1001/rdelprete/MAYA_DC/logs/default/multiruns/2026-03-26_09-01-51/lmbda_50_seed_0"", ""root_dir"": ""/lustre/projects/1001/rdelprete/MAYA_DC"", ""work_dir"": ""/lustre/home/u10010007""}, ""seed"": 0, ""tags"": [""rcmc_compression"", ""scale_hyperprior"", ""maya4""], ""task_name"": ""default"", ""test"": true, ""train"": true, ""trainer"": {""_target_"": ""lightning.pytorch.trainer.Trainer"", ""accelerator"": ""gpu"", ""check_val_every_n_epoch"": 1, ""default_root_dir"": ""/lustre/projects/1001/rdelprete/MAYA_DC/logs/default/multiruns/2026-03-26_09-01-51/lmbda_50_seed_0"", ""deterministic"": false, ""devices"": 4, ""max_epochs"": 30, ""min_epochs"": 1, ""num_nodes"": 1, ""precision"": ""32-true"", ""strategy"": ""ddp_find_unused_parameters_true"", ""sync_batchnorm"": true}}"
us2jjq00,SHP-gdn_s0_L50_slc_buf512_Compound_lr0.0001_b4_10000p,finished,https://wandb.ai/cedric-leonard/MAYA_DC/runs/us2jjq00,2026-03-26T16:11:00Z,cedric-leonard,MAYA_DC,0.0,50.0,slc,512.0,src.models.components.scale_hyperprior.ScaleHyperprior,ScaleHyperprior,SHyp,gdn,GDN,src.data.maya4_dir_datamodule.MAYA4DirDataModule,MAYA4DirDataModule,MAYA4DirDataModule,src.models.components.losses.CompoundCompressionLoss,Compound,/lustre/projects/1001/rdelprete/MAYA_DC/logs/default/multiruns/2026-03-26_09-06-08_non_square/lmbda_50_seed_0,,True,rcmc_grid_non_square,"[""maya4"", ""rcmc_compression"", ""scale_hyperprior""]",SHyp-GDN | MAYA4DirDataModule | slc | nsk,"{""_runtime"": 5690, ""_step"": 150001, ""_timestamp"": 1774523192.3557212, ""epoch"": 30, ""fixed_patch/reconstruction"": {""_type"": ""image-file"", ""format"": ""png"", ""height"": 600, ""path"": ""media/images/fixed_patch/reconstruction_150000_ec26c86d4c31db665944.png"", ""sha256"": ""ec26c86d4c31db665944b5c3f770afff575f203aaf50ac550da4fd53922cd921"", ""size"": 1478494, ""width"": 2000}, ""test/aux"": 16.341215133666992, ""test/coherence"": 0.08895029872655869, ""test/complex_corr_mean"": 0.9110498428344728, ""test/complex_corr_std"": ""NaN"", ""test/distortion"": 0.18912780284881592, ""test/kde"": 0.03637709841132164, ""test/loss"": 11.218376159667969, ""test/mse"": 0.06380048394203186, ""test/phase_err_mean"": 0.07454238086938858, ""test/phase_err_std"": ""NaN"", ""test/psnr_amp"": 24.595911026000977, ""test/rate"": 1.7619833946228027, ""test/ssim_amp"": 0.5604494214057922, ""train/aux"": 20.084556579589844, ""train/coherence"": 0.06308473646640778, ""train/distortion"": 0.1153331995010376, ""train/grad_norm_g_a"": 25.00355529785156, ""train/grad_norm_g_s"": 26.38640785217285, ""train/grad_norm_h_a"": 1.4545868635177612, ""train/grad_norm_h_s"": 0.1894010752439499, ""train/kde"": 0.011870788410305975, ""train/loss"": 7.221799373626709, ""train/lr"": 9.999999747378752e-05, ""train/mse"": 0.0403776690363884, ""train/rate"": 1.4551395177841189, ""trainer/global_step"": 75000, ""val_batch/coherence_loss"": 0.02849423885345459, ""val_batch/correlation_metric_mean"": 0.9715057611465454, ""val_batch/correlation_metric_std"": ""NaN"", ""val_batch/kde_loss"": 0.06214172393083573, ""val_batch/phase_error"": 0.016520142555236816, ""val_batch/psnr_slc"": 21.014883041381836, ""val_batch/reconstructions"": {""_type"": ""image-file"", ""format"": ""png"", ""height"": 1700, ""path"": ""media/images/val_batch/reconstructions_145051_4ee1dd39cd30f18c0145.png"", ""sha256"": ""4ee1dd39cd30f18c01456e247c34119781775abb5141c9f822f74019cc5f3682"", ""size"": 1571777, ""width"": 500}, ""val_batch/ssim_slc"": 0.5468534827232361, ""val_batch/x_hat_histogram"": {""_type"": ""histogram""}, ""valid/aux"": 18.928075790405273, ""valid/coherence"": 0.11720823496580124, ""valid/complex_corr_mean"": 0.8827918767929077, ""valid/complex_corr_std"": ""NaN"", ""valid/distortion"": 0.2768242061138153, ""valid/kde"": 0.034443389624357224, ""valid/loss"": 15.68332576751709, ""valid/mse"": 0.12517254054546356, ""valid/phase_err_mean"": 0.1061650812625885, ""valid/phase_err_std"": ""NaN"", ""valid/psnr_amp"": 27.54123878479004, ""valid/rate"": 1.84211528301239, ""valid/rd_scatter_table"": {""_latest_artifact_path"": ""wandb-client-artifact://z1qrd4en6cjfp7sq199af29w3vjbr04jql45s6sg1776cg12yo11n8y7qjaan4mj4irw57j4oyztno8qkajsqchne07b49k4zewbf5h4uuwj6m48xv7g9vvvi9oo0iie:latest/valid/rd_scatter_table.table.json"", ""_type"": ""table-file"", ""artifact_path"": ""wandb-client-artifact://ilwqfimahrdzkofreccj7a0sw9n7fovkjfmc0nnh3rrp0sffa4ftz4x6fvnndk9j1pny1da591gqen0ezswgpdkjnruhzhrssso7rgvigkhptcf78ziv544nrqflx9l0/valid/rd_scatter_table.table.json"", ""log_mode"": ""IMMUTABLE"", ""ncols"": 3, ""nrows"": 31, ""path"": ""media/table/valid/rd_scatter_table_150000_d55db39cfdbc866c6357.table.json"", ""sha256"": ""d55db39cfdbc866c6357c9b3949debd4fc739c697114f71898648a8c8a7928ed"", ""size"": 1478}, ""valid/ssim_amp"": 0.5508525371551514}","{""azimuth_buffer"": 512, ""callbacks"": {""early_stopping"": {""_target_"": ""lightning.pytorch.callbacks.EarlyStopping"", ""check_finite"": true, ""check_on_train_epoch_end"": false, ""divergence_threshold"": null, ""min_delta"": 0, ""mode"": ""min"", ""monitor"": ""valid/loss"", ""patience"": 10, ""stopping_threshold"": null, ""strict"": true, ""verbose"": false}, ""model_checkpoint"": {""_target_"": ""lightning.pytorch.callbacks.ModelCheckpoint"", ""auto_insert_metric_name"": false, ""dirpath"": ""/lustre/projects/1001/rdelprete/MAYA_DC/logs/default/multiruns/2026-03-26_09-06-08_non_square/lmbda_50_seed_0/checkpoints"", ""every_n_epochs"": null, ""every_n_train_steps"": null, ""filename"": ""epoch_{epoch:03d}_loss_{valid/loss:.4f}"", ""mode"": ""min"", ""monitor"": ""valid/loss"", ""save_last"": true, ""save_on_train_epoch_end"": null, ""save_top_k"": 1, ""save_weights_only"": false, ""train_time_interval"": null, ""verbose"": false}, ""model_summary"": {""_target_"": ""lightning.pytorch.callbacks.RichModelSummary"", ""max_depth"": 2}, ""monitor_fix_patch"": {""verbose"": true}, ""monitor_fixed_patch"": {""_target_"": ""src.callbacks.monitor_fixed_patch.MonitorFixedPatch"", ""clip_factor"": 3, ""log_every_n_epochs"": 1, ""patch_json"": ""data/fixed_patches/s1c-s6-raw-s-vv-20250422t061414-20250422t061446-002002-0040d4.json"", ""verbose"": false}, ""monitor_val_recon"": {""_target_"": ""src.callbacks.monitor_val_reconstruction.MonitorValReconstruction"", ""clip_factor"": 3, ""log_every_n_epochs"": 1, ""num_images"": 3, ""verbose"": true}, ""rich_progress_bar"": {""_target_"": ""lightning.pytorch.callbacks.RichProgressBar""}, ""wandb_osh"": {""_target_"": ""wandb_osh.lightning_hooks.TriggerWandbSyncLightningCallback""}}, ""ckpt_path"": null, ""data"": {""_target_"": ""src.data.maya4_dir_datamodule.MAYA4DirDataModule"", ""azimuth_buffer"": 512, ""batch_size"": 4, ""max_products_test"": 2, ""max_products_train"": 10, ""max_products_val"": 2, ""num_workers"": 4, ""online"": false, ""patch_size"": [512, 512], ""pin_memory"": true, ""samples_per_prod"": 1000, ""test_dir"": ""/lustre/projects/1001/rdelprete/SSM/data/ssm_dataset/focused/PT3"", ""train_dir"": ""/lustre/projects/1001/rdelprete/SSM/data/ssm_dataset/focused/PT1"", ""val_dir"": ""/lustre/projects/1001/rdelprete/SSM/data/ssm_dataset/focused/PT2""}, ""determinism"": true, ""experiment_name"": ""rcmc_compress_baseline"", ""extras"": {""enforce_tags"": true, ""ignore_warnings"": false, ""print_config"": true}, ""lambda"": 50, ""logger"": {""wandb"": {""_target_"": ""lightning.pytorch.loggers.wandb.WandbLogger"", ""anonymous"": null, ""entity"": ""cedric-leonard"", ""group"": ""rcmc_grid_non_square"", ""id"": null, ""job_type"": """", ""log_model"": false, ""offline"": true, ""prefix"": """", ""project"": ""MAYA_DC"", ""save_dir"": ""/lustre/projects/1001/rdelprete/MAYA_DC/logs/default/multiruns/2026-03-26_09-06-08_non_square/lmbda_50_seed_0"", ""tags"": []}}, ""model"": {""_target_"": ""src.models.rcmc_compress_module.RCMCDCmodule"", ""aux_optimizer"": {""_partial_"": true, ""_target_"": ""torch.optim.Adam"", ""lr"": 0.001}, ""azimuth_buffer"": 512, ""compile"": false, ""criterion"": {""_target_"": ""src.models.components.losses.CompoundCompressionLoss"", ""azimuth_buffer"": 512, ""delta_coherence"": 1, ""delta_kde"": 1, ""lmbda"": 50, ""num_kde_bins"": 100, ""patch_size"": [512, 512]}, ""gradient_clip_norm"": 1, ""net"": {""_target_"": ""src.models.components.scale_hyperprior.ScaleHyperprior"", ""activation"": ""gdn"", ""nb_channels_latent"": 256, ""nb_channels_main"": 128, ""nb_input_channels"": 2, ""non_square_kernels"": true}, ""net_optimizer"": {""_partial_"": true, ""_target_"": ""torch.optim.Adam"", ""betas"": [0.9, 0.999], ""lr"": 0.0001}, ""scheduler"": {""_partial_"": true, ""_target_"": ""torch.optim.lr_scheduler.ReduceLROnPlateau"", ""factor"": 0.5, ""mode"": ""min"", ""patience"": 5}, ""training_mode"": ""slc""}, ""model/params/non_trainable"": 0, ""model/params/total"": 16662274, ""model/params/trainable"": 16662274, ""patch_size"": [512, 512], ""paths"": {""data_dir"": ""/lustre/projects/1001/rdelprete/MAYA_DC/data/"", ""log_dir"": ""/lustre/projects/1001/rdelprete/MAYA_DC/logs/"", ""output_dir"": ""/lustre/projects/1001/rdelprete/MAYA_DC/logs/default/multiruns/2026-03-26_09-06-08_non_square/lmbda_50_seed_0"", ""root_dir"": ""/lustre/projects/1001/rdelprete/MAYA_DC"", ""work_dir"": ""/lustre/home/u10010007""}, ""seed"": 0, ""tags"": [""rcmc_compression"", ""scale_hyperprior"", ""maya4""], ""task_name"": ""default"", ""test"": true, ""train"": true, ""trainer"": {""_target_"": ""lightning.pytorch.trainer.Trainer"", ""accelerator"": ""gpu"", ""check_val_every_n_epoch"": 1, ""default_root_dir"": ""/lustre/projects/1001/rdelprete/MAYA_DC/logs/default/multiruns/2026-03-26_09-06-08_non_square/lmbda_50_seed_0"", ""deterministic"": false, ""devices"": 4, ""max_epochs"": 30, ""min_epochs"": 1, ""num_nodes"": 1, ""precision"": ""32-true"", ""strategy"": ""ddp_find_unused_parameters_true"", ""sync_batchnorm"": true}}"
nyi9p5kx,SHP-gdn_s1_L50_slc_buf512_Compound_lr0.0001_b4_10000p,finished,https://wandb.ai/cedric-leonard/MAYA_DC/runs/nyi9p5kx,2026-03-23T17:31:29Z,cedric-leonard,MAYA_DC,1.0,50.0,slc,512.0,src.models.components.scale_hyperprior.ScaleHyperprior,ScaleHyperprior,SHyp,gdn,GDN,src.data.maya4_dir_datamodule.MAYA4DirDataModule,MAYA4DirDataModule,MAYA4DirDataModule,src.models.components.losses.CompoundCompressionLoss,Compound,/lustre/projects/1001/rdelprete/MAYA_DC/logs/default/multiruns/2026-03-23_16-31-02/lmbda_50_seed_1,,False,rcmc_grid,"[""maya4"", ""rcmc_compression"", ""scale_hyperprior""]",SHyp-GDN | MAYA4DirDataModule | slc | sq,"{""_runtime"": 4822, ""_step"": 150001, ""_timestamp"": 1774291175.1126294, ""epoch"": 30, ""fixed_patch/reconstruction"": {""_type"": ""image-file"", ""format"": ""png"", ""height"": 600, ""path"": ""media/images/fixed_patch/reconstruction_150000_dbff48026ae94d21c597.png"", ""sha256"": ""dbff48026ae94d21c597e709ae703cbffad8da4661e377d6f7ac5782efc5b13e"", ""size"": 1461941, ""width"": 2000}, ""test/aux"": 13.53917407989502, ""test/coherence"": 0.0531717911362648, ""test/complex_corr_mean"": 0.9468283653259276, ""test/complex_corr_std"": ""NaN"", ""test/distortion"": 0.12455040961503984, ""test/kde"": 0.03311821445822716, ""test/loss"": 8.391115188598633, ""test/mse"": 0.03826037794351578, ""test/phase_err_mean"": 0.04889531061053276, ""test/phase_err_std"": ""NaN"", ""test/psnr_amp"": 26.25274658203125, ""test/rate"": 2.1635947227478027, ""test/ssim_amp"": 0.7182989716529846, ""train/aux"": 13.805009841918944, ""train/coherence"": 0.07451201975345612, ""train/distortion"": 0.18604658544063568, ""train/grad_norm_g_a"": 22.61186408996582, ""train/grad_norm_g_s"": 23.711515426635746, ""train/grad_norm_h_a"": 0.23870612680912015, ""train/grad_norm_h_s"": 0.041680388152599335, ""train/kde"": 0.03725268319249153, ""train/loss"": 11.346503257751465, ""train/lr"": 9.999999747378752e-05, ""train/mse"": 0.07428187876939774, ""train/rate"": 2.0441737174987793, ""trainer/global_step"": 75000, ""val_batch/coherence_loss"": 0.019018590450286865, ""val_batch/correlation_metric_mean"": 0.9809814095497132, ""val_batch/correlation_metric_std"": ""NaN"", ""val_batch/kde_loss"": 0.039833106100559235, ""val_batch/phase_error"": 0.0109902024269104, ""val_batch/psnr_slc"": 21.927003860473633, ""val_batch/reconstructions"": {""_type"": ""image-file"", ""format"": ""png"", ""height"": 1700, ""path"": ""media/images/val_batch/reconstructions_145051_59700b2f856d66707f81.png"", ""sha256"": ""59700b2f856d66707f81e0e6735d0ffff3a301cdbdb58c14048d610eae844477"", ""size"": 1612001, ""width"": 500}, ""val_batch/ssim_slc"": 0.6891127824783325, ""val_batch/x_hat_histogram"": {""_type"": ""histogram""}, ""valid/aux"": 13.53917407989502, ""valid/coherence"": 0.07146619260311127, ""valid/complex_corr_mean"": 0.9285337328910828, ""valid/complex_corr_std"": ""NaN"", ""valid/distortion"": 0.17756615579128265, ""valid/kde"": 0.027537450194358826, ""valid/loss"": 11.136995315551758, ""valid/mse"": 0.07856253534555435, ""valid/phase_err_mean"": 0.07324175536632538, ""valid/phase_err_std"": ""NaN"", ""valid/psnr_amp"": 29.16288375854492, ""valid/rate"": 2.2586874961853027, ""valid/rd_scatter_table"": {""_latest_artifact_path"": ""wandb-client-artifact://870kadcklvvnx0aly250pm8ey1zoi2ceqxpsx3cs2vluw1m5b2adsxr0a3fwamwa3jifcsw6gkxuqapbfo8xfe6wpi8pctehrwhp533qd3jqucyzejb8est8vgbrlnwa:latest/valid/rd_scatter_table.table.json"", ""_type"": ""table-file"", ""artifact_path"": ""wandb-client-artifact://omau4gr299x9xqwqn9jhokkkzg3bf31guaopo42bl08wkhe7g8b42nbwcy2xo3tkr3kwe55j00m5v3akmu1i249ojf5xcwjgcxo5pmmfhtll4792k2j89abmtogcy02f/valid/rd_scatter_table.table.json"", ""log_mode"": ""IMMUTABLE"", ""ncols"": 3, ""nrows"": 31, ""path"": ""media/table/valid/rd_scatter_table_150000_d862e3f12d05be96b27a.table.json"", ""sha256"": ""d862e3f12d05be96b27a2a84e5ad366c828826c7f7c68b89a1c3946b69c6ae4f"", ""size"": 1480}, ""valid/ssim_amp"": 0.7017227411270142}","{""azimuth_buffer"": 512, ""callbacks"": {""early_stopping"": {""_target_"": ""lightning.pytorch.callbacks.EarlyStopping"", ""check_finite"": true, ""check_on_train_epoch_end"": false, ""divergence_threshold"": null, ""min_delta"": 0, ""mode"": ""min"", ""monitor"": ""valid/loss"", ""patience"": 10, ""stopping_threshold"": null, ""strict"": true, ""verbose"": false}, ""model_checkpoint"": {""_target_"": ""lightning.pytorch.callbacks.ModelCheckpoint"", ""auto_insert_metric_name"": false, ""dirpath"": ""/lustre/projects/1001/rdelprete/MAYA_DC/logs/default/multiruns/2026-03-23_16-31-02/lmbda_50_seed_1/checkpoints"", ""every_n_epochs"": null, ""every_n_train_steps"": null, ""filename"": ""epoch_{epoch:03d}_loss_{valid/loss:.4f}"", ""mode"": ""min"", ""monitor"": ""valid/loss"", ""save_last"": true, ""save_on_train_epoch_end"": null, ""save_top_k"": 1, ""save_weights_only"": false, ""train_time_interval"": null, ""verbose"": false}, ""model_summary"": {""_target_"": ""lightning.pytorch.callbacks.RichModelSummary"", ""max_depth"": 2}, ""monitor_fix_patch"": {""verbose"": true}, ""monitor_fixed_patch"": {""_target_"": ""src.callbacks.monitor_fixed_patch.MonitorFixedPatch"", ""clip_factor"": 3, ""log_every_n_epochs"": 1, ""patch_json"": ""data/fixed_patches/s1c-s6-raw-s-vv-20250422t061414-20250422t061446-002002-0040d4.json"", ""verbose"": false}, ""monitor_val_recon"": {""_target_"": ""src.callbacks.monitor_val_reconstruction.MonitorValReconstruction"", ""clip_factor"": 3, ""log_every_n_epochs"": 1, ""num_images"": 3, ""verbose"": true}, ""rich_progress_bar"": {""_target_"": ""lightning.pytorch.callbacks.RichProgressBar""}, ""wandb_osh"": {""_target_"": ""wandb_osh.lightning_hooks.TriggerWandbSyncLightningCallback""}}, ""ckpt_path"": null, ""data"": {""_target_"": ""src.data.maya4_dir_datamodule.MAYA4DirDataModule"", ""azimuth_buffer"": 512, ""batch_size"": 4, ""max_products_test"": 2, ""max_products_train"": 10, ""max_products_val"": 2, ""num_workers"": 4, ""online"": false, ""patch_size"": [512, 512], ""pin_memory"": true, ""samples_per_prod"": 1000, ""test_dir"": ""/lustre/projects/1001/rdelprete/SSM/data/ssm_dataset/focused/PT3"", ""train_dir"": ""/lustre/projects/1001/rdelprete/SSM/data/ssm_dataset/focused/PT1"", ""val_dir"": ""/lustre/projects/1001/rdelprete/SSM/data/ssm_dataset/focused/PT2""}, ""determinism"": true, ""experiment_name"": ""rcmc_compress_baseline"", ""extras"": {""enforce_tags"": true, ""ignore_warnings"": false, ""print_config"": true}, ""lambda"": 50, ""logger"": {""wandb"": {""_target_"": ""lightning.pytorch.loggers.wandb.WandbLogger"", ""anonymous"": null, ""entity"": ""cedric-leonard"", ""group"": ""rcmc_grid"", ""id"": null, ""job_type"": """", ""log_model"": false, ""offline"": true, ""prefix"": """", ""project"": ""MAYA_DC"", ""save_dir"": ""/lustre/projects/1001/rdelprete/MAYA_DC/logs/default/multiruns/2026-03-23_16-31-02/lmbda_50_seed_1"", ""tags"": []}}, ""model"": {""_target_"": ""src.models.rcmc_compress_module.RCMCDCmodule"", ""aux_optimizer"": {""_partial_"": true, ""_target_"": ""torch.optim.Adam"", ""lr"": 0.001}, ""azimuth_buffer"": 512, ""compile"": false, ""criterion"": {""_target_"": ""src.models.components.losses.CompoundCompressionLoss"", ""azimuth_buffer"": 512, ""delta_coherence"": 1, ""delta_kde"": 1, ""lmbda"": 50, ""num_kde_bins"": 100, ""patch_size"": [512, 512]}, ""gradient_clip_norm"": 1, ""net"": {""_target_"": ""src.models.components.scale_hyperprior.ScaleHyperprior"", ""activation"": ""gdn"", ""nb_channels_latent"": 256, ""nb_channels_main"": 128, ""nb_input_channels"": 2}, ""net_optimizer"": {""_partial_"": true, ""_target_"": ""torch.optim.Adam"", ""betas"": [0.9, 0.999], ""lr"": 0.0001}, ""scheduler"": {""_partial_"": true, ""_target_"": ""torch.optim.lr_scheduler.ReduceLROnPlateau"", ""factor"": 0.5, ""mode"": ""min"", ""patience"": 5}, ""training_mode"": ""slc""}, ""model/params/non_trainable"": 0, ""model/params/total"": 5626626, ""model/params/trainable"": 5626626, ""patch_size"": [512, 512], ""paths"": {""data_dir"": ""/lustre/projects/1001/rdelprete/MAYA_DC/data/"", ""log_dir"": ""/lustre/projects/1001/rdelprete/MAYA_DC/logs/"", ""output_dir"": ""/lustre/projects/1001/rdelprete/MAYA_DC/logs/default/multiruns/2026-03-23_16-31-02/lmbda_50_seed_1"", ""root_dir"": ""/lustre/projects/1001/rdelprete/MAYA_DC"", ""work_dir"": ""/lustre/home/u10010007""}, ""seed"": 1, ""tags"": [""rcmc_compression"", ""scale_hyperprior"", ""maya4""], ""task_name"": ""default"", ""test"": true, ""train"": true, ""trainer"": {""_target_"": ""lightning.pytorch.trainer.Trainer"", ""accelerator"": ""gpu"", ""check_val_every_n_epoch"": 1, ""default_root_dir"": ""/lustre/projects/1001/rdelprete/MAYA_DC/logs/default/multiruns/2026-03-23_16-31-02/lmbda_50_seed_1"", ""deterministic"": false, ""devices"": 4, ""max_epochs"": 30, ""min_epochs"": 1, ""num_nodes"": 1, ""precision"": ""32-true"", ""strategy"": ""ddp_find_unused_parameters_true"", ""sync_batchnorm"": true}}"
b8wvkrgv,SHP-gdn_s1_L50_slc_buf512_Compound_lr0.0001_b4_10000p,finished,https://wandb.ai/cedric-leonard/MAYA_DC/runs/b8wvkrgv,2026-03-26T09:00:48Z,cedric-leonard,MAYA_DC,1.0,50.0,slc,512.0,src.models.components.scale_hyperprior.ScaleHyperprior,ScaleHyperprior,SHyp,gdn,GDN,src.data.maya4_dir_datamodule.MAYA4DirDataModule,MAYA4DirDataModule,MAYA4DirDataModule,src.models.components.losses.CompoundCompressionLoss,Compound,/lustre/projects/1001/rdelprete/MAYA_DC/logs/default/multiruns/2026-03-26_09-01-51/lmbda_50_seed_1,,False,rcmc_grid,"[""maya4"", ""rcmc_compression"", ""scale_hyperprior""]",SHyp-GDN | MAYA4DirDataModule | slc | sq,"{""_runtime"": 189.484872787, ""_step"": 23, ""_timestamp"": 1774512322.3658178, ""epoch"": 0, ""fixed_patch/reconstruction"": {""_type"": ""image-file"", ""format"": ""png"", ""height"": 600, ""path"": ""media/images/fixed_patch/reconstruction_0_a3d413bce2702e44fe7c.png"", ""sha256"": ""a3d413bce2702e44fe7ce1c26a2eb831f19ac0e52804160d9137c4b690dc39c0"", ""size"": 1020462, ""width"": 2000}, ""train/aux"": 4885.28564453125, ""train/coherence"": 0.2196618914604187, ""train/distortion"": 0.42892324924468994, ""train/grad_norm_g_a"": 12.15483570098877, ""train/grad_norm_g_s"": 15.196106910705566, ""train/grad_norm_h_a"": 0.059416238218545914, ""train/grad_norm_h_s"": 0.056151825934648514, ""train/kde"": 0.0511799119412899, ""train/loss"": 22.13619613647461, ""train/lr"": 9.999999747378752e-05, ""train/mse"": 0.15808147192001343, ""train/rate"": 0.6900327205657959, ""trainer/global_step"": 1199, ""val_batch/coherence_loss"": 0.0378383994102478, ""val_batch/correlation_metric_mean"": 0.9621617197990416, ""val_batch/correlation_metric_std"": ""NaN"", ""val_batch/kde_loss"": 0.9393598437309264, ""val_batch/phase_error"": 0.019830048084259033, ""val_batch/psnr_slc"": 19.373437881469727, ""val_batch/reconstructions"": {""_type"": ""image-file"", ""format"": ""png"", ""height"": 1700, ""path"": ""media/images/val_batch/reconstructions_0_9eb5830bd63926f0b7a4.png"", ""sha256"": ""9eb5830bd63926f0b7a4e6cedffd319bc4d26cd6f35456760de7a8292c4911f0"", ""size"": 1552463, ""width"": 500}, ""val_batch/ssim_slc"": 0.10071075707674026, ""val_batch/x_hat_histogram"": {""_type"": ""histogram""}, ""valid/rd_scatter_table"": {""_latest_artifact_path"": ""wandb-client-artifact://yhdvegbpijk2xq9t3k7h3fe9id3vs3lw40okxne40dmgau2vqqqiic68fhwp73g9es6ku2dslw7tug8fyn73auzg1jzru603vnmmetpttiq5mbunczcckxxhbu45vxkh:latest/valid/rd_scatter_table.table.json"", ""_type"": ""table-file"", ""artifact_path"": ""wandb-client-artifact://uia2l5vj08tnccdg37slb8ki5b6gl0vjogh1qm9uyjk63v0zvk159cj5r7azxu27dqom6d8dzl49eb778cvjx4htua5qdm4hbanzec58vtinkniml553o02uthrhfdj5/valid/rd_scatter_table.table.json"", ""log_mode"": ""IMMUTABLE"", ""ncols"": 3, ""nrows"": 1, ""path"": ""media/table/valid/rd_scatter_table_0_bce722c685064592b72a.table.json"", ""sha256"": ""bce722c685064592b72a736d7ac317d6c96f98f4dce48fad045829c2e19b7499"", ""size"": 104}}","{""azimuth_buffer"": 512, ""callbacks"": {""early_stopping"": {""_target_"": ""lightning.pytorch.callbacks.EarlyStopping"", ""check_finite"": true, ""check_on_train_epoch_end"": false, ""divergence_threshold"": null, ""min_delta"": 0, ""mode"": ""min"", ""monitor"": ""valid/loss"", ""patience"": 10, ""stopping_threshold"": null, ""strict"": true, ""verbose"": false}, ""model_checkpoint"": {""_target_"": ""lightning.pytorch.callbacks.ModelCheckpoint"", ""auto_insert_metric_name"": false, ""dirpath"": ""/lustre/projects/1001/rdelprete/MAYA_DC/logs/default/multiruns/2026-03-26_09-01-51/lmbda_50_seed_1/checkpoints"", ""every_n_epochs"": null, ""every_n_train_steps"": null, ""filename"": ""epoch_{epoch:03d}_loss_{valid/loss:.4f}"", ""mode"": ""min"", ""monitor"": ""valid/loss"", ""save_last"": true, ""save_on_train_epoch_end"": null, ""save_top_k"": 1, ""save_weights_only"": false, ""train_time_interval"": null, ""verbose"": false}, ""model_summary"": {""_target_"": ""lightning.pytorch.callbacks.RichModelSummary"", ""max_depth"": 2}, ""monitor_fix_patch"": {""verbose"": true}, ""monitor_fixed_patch"": {""_target_"": ""src.callbacks.monitor_fixed_patch.MonitorFixedPatch"", ""clip_factor"": 3, ""log_every_n_epochs"": 1, ""patch_json"": ""data/fixed_patches/s1c-s6-raw-s-vv-20250422t061414-20250422t061446-002002-0040d4.json"", ""verbose"": false}, ""monitor_val_recon"": {""_target_"": ""src.callbacks.monitor_val_reconstruction.MonitorValReconstruction"", ""clip_factor"": 3, ""log_every_n_epochs"": 1, ""num_images"": 3, ""verbose"": true}, ""rich_progress_bar"": {""_target_"": ""lightning.pytorch.callbacks.RichProgressBar""}, ""wandb_osh"": {""_target_"": ""wandb_osh.lightning_hooks.TriggerWandbSyncLightningCallback""}}, ""ckpt_path"": null, ""data"": {""_target_"": ""src.data.maya4_dir_datamodule.MAYA4DirDataModule"", ""azimuth_buffer"": 512, ""batch_size"": 4, ""max_products_test"": 2, ""max_products_train"": 10, ""max_products_val"": 2, ""num_workers"": 4, ""online"": false, ""patch_size"": [512, 512], ""pin_memory"": true, ""samples_per_prod"": 1000, ""test_dir"": ""/lustre/projects/1001/rdelprete/SSM/data/ssm_dataset/focused/PT3"", ""train_dir"": ""/lustre/projects/1001/rdelprete/SSM/data/ssm_dataset/focused/PT1"", ""val_dir"": ""/lustre/projects/1001/rdelprete/SSM/data/ssm_dataset/focused/PT2""}, ""determinism"": true, ""experiment_name"": ""rcmc_compress_baseline"", ""extras"": {""enforce_tags"": true, ""ignore_warnings"": false, ""print_config"": true}, ""lambda"": 50, ""logger"": {""wandb"": {""_target_"": ""lightning.pytorch.loggers.wandb.WandbLogger"", ""anonymous"": null, ""entity"": ""cedric-leonard"", ""group"": ""rcmc_grid"", ""id"": null, ""job_type"": """", ""log_model"": false, ""offline"": true, ""prefix"": """", ""project"": ""MAYA_DC"", ""save_dir"": ""/lustre/projects/1001/rdelprete/MAYA_DC/logs/default/multiruns/2026-03-26_09-01-51/lmbda_50_seed_1"", ""tags"": []}}, ""model"": {""_target_"": ""src.models.rcmc_compress_module.RCMCDCmodule"", ""aux_optimizer"": {""_partial_"": true, ""_target_"": ""torch.optim.Adam"", ""lr"": 0.001}, ""azimuth_buffer"": 512, ""compile"": false, ""criterion"": {""_target_"": ""src.models.components.losses.CompoundCompressionLoss"", ""azimuth_buffer"": 512, ""delta_coherence"": 1, ""delta_kde"": 1, ""lmbda"": 50, ""num_kde_bins"": 100, ""patch_size"": [512, 512]}, ""gradient_clip_norm"": 1, ""net"": {""_target_"": ""src.models.components.scale_hyperprior.ScaleHyperprior"", ""activation"": ""gdn"", ""nb_channels_latent"": 256, ""nb_channels_main"": 128, ""nb_input_channels"": 2, ""non_square_kernels"": false}, ""net_optimizer"": {""_partial_"": true, ""_target_"": ""torch.optim.Adam"", ""betas"": [0.9, 0.999], ""lr"": 0.0001}, ""scheduler"": {""_partial_"": true, ""_target_"": ""torch.optim.lr_scheduler.ReduceLROnPlateau"", ""factor"": 0.5, ""mode"": ""min"", ""patience"": 5}, ""training_mode"": ""slc""}, ""model/params/non_trainable"": 0, ""model/params/total"": 5626626, ""model/params/trainable"": 5626626, ""patch_size"": [512, 512], ""paths"": {""data_dir"": ""/lustre/projects/1001/rdelprete/MAYA_DC/data/"", ""log_dir"": ""/lustre/projects/1001/rdelprete/MAYA_DC/logs/"", ""output_dir"": ""/lustre/projects/1001/rdelprete/MAYA_DC/logs/default/multiruns/2026-03-26_09-01-51/lmbda_50_seed_1"", ""root_dir"": ""/lustre/projects/1001/rdelprete/MAYA_DC"", ""work_dir"": ""/lustre/home/u10010007""}, ""seed"": 1, ""tags"": [""rcmc_compression"", ""scale_hyperprior"", ""maya4""], ""task_name"": ""default"", ""test"": true, ""train"": true, ""trainer"": {""_target_"": ""lightning.pytorch.trainer.Trainer"", ""accelerator"": ""gpu"", ""check_val_every_n_epoch"": 1, ""default_root_dir"": ""/lustre/projects/1001/rdelprete/MAYA_DC/logs/default/multiruns/2026-03-26_09-01-51/lmbda_50_seed_1"", ""deterministic"": false, ""devices"": 4, ""max_epochs"": 30, ""min_epochs"": 1, ""num_nodes"": 1, ""precision"": ""32-true"", ""strategy"": ""ddp_find_unused_parameters_true"", ""sync_batchnorm"": true}}"
s8mf3r4z,SHP-gdn_s1_L50_slc_buf512_Compound_lr0.0001_b4_10000p,finished,https://wandb.ai/cedric-leonard/MAYA_DC/runs/s8mf3r4z,2026-03-26T16:18:46Z,cedric-leonard,MAYA_DC,1.0,50.0,slc,512.0,src.models.components.scale_hyperprior.ScaleHyperprior,ScaleHyperprior,SHyp,gdn,GDN,src.data.maya4_dir_datamodule.MAYA4DirDataModule,MAYA4DirDataModule,MAYA4DirDataModule,src.models.components.losses.CompoundCompressionLoss,Compound,/lustre/projects/1001/rdelprete/MAYA_DC/logs/default/multiruns/2026-03-26_09-06-08_non_square/lmbda_50_seed_1,,True,rcmc_grid_non_square,"[""maya4"", ""rcmc_compression"", ""scale_hyperprior""]",SHyp-GDN | MAYA4DirDataModule | slc | nsk,"{""_runtime"": 5670, ""_step"": 150001, ""_timestamp"": 1774523184.0362864, ""epoch"": 30, ""fixed_patch/reconstruction"": {""_type"": ""image-file"", ""format"": ""png"", ""height"": 600, ""path"": ""media/images/fixed_patch/reconstruction_150000_711bf27e8c347a611841.png"", ""sha256"": ""711bf27e8c347a61184109ed73663fc13e3b18fc105a5a5d753ff05ef814baf1"", ""size"": 1479589, ""width"": 2000}, ""test/aux"": 11.772331237792969, ""test/coherence"": 0.08921322226524353, ""test/complex_corr_mean"": 0.9107865691184998, ""test/complex_corr_std"": ""NaN"", ""test/distortion"": 0.19028978049755096, ""test/kde"": 0.03729911893606186, ""test/loss"": 11.244840621948242, ""test/mse"": 0.06377743184566498, ""test/phase_err_mean"": 0.07447615265846252, ""test/phase_err_std"": ""NaN"", ""test/psnr_amp"": 24.588214874267575, ""test/rate"": 1.7303510904312134, ""test/ssim_amp"": 0.5558101534843445, ""train/aux"": 11.778623580932615, ""train/coherence"": 0.12081065773963928, ""train/distortion"": 0.2653864622116089, ""train/grad_norm_g_a"": 28.745460510253903, ""train/grad_norm_g_s"": 28.32493782043457, ""train/grad_norm_h_a"": 1.9423942565917969, ""train/grad_norm_h_s"": 0.21100279688835144, ""train/kde"": 0.02692107111215591, ""train/loss"": 14.919496536254885, ""train/lr"": 9.999999747378752e-05, ""train/mse"": 0.1176547259092331, ""train/rate"": 1.6501736640930176, ""trainer/global_step"": 75000, ""val_batch/coherence_loss"": 0.027644753456115723, ""val_batch/correlation_metric_mean"": 0.9723552465438844, ""val_batch/correlation_metric_std"": ""NaN"", ""val_batch/kde_loss"": 0.08818574994802475, ""val_batch/phase_error"": 0.01591116189956665, ""val_batch/psnr_slc"": 21.085906982421875, ""val_batch/reconstructions"": {""_type"": ""image-file"", ""format"": ""png"", ""height"": 1700, ""path"": ""media/images/val_batch/reconstructions_145051_daf3a07b7369771faf50.png"", ""sha256"": ""daf3a07b7369771faf506aa8393da3e4fecf2931297696c08a1a8da45e6c2607"", ""size"": 1561638, ""width"": 500}, ""val_batch/ssim_slc"": 0.5458542108535767, ""val_batch/x_hat_histogram"": {""_type"": ""histogram""}, ""valid/aux"": 11.53124713897705, ""valid/coherence"": 0.11710219830274582, ""valid/complex_corr_mean"": 0.8828978538513184, ""valid/complex_corr_std"": ""NaN"", ""valid/distortion"": 0.27382174134254456, ""valid/kde"": 0.03179449215531349, ""valid/loss"": 15.51103687286377, ""valid/mse"": 0.12492503970861436, ""valid/phase_err_mean"": 0.10581129789352416, ""valid/phase_err_std"": ""NaN"", ""valid/psnr_amp"": 27.556419372558594, ""valid/rate"": 1.8199512958526611, ""valid/rd_scatter_table"": {""_latest_artifact_path"": ""wandb-client-artifact://uzkjey3mjswn1lzfjqgydxfhs097wll8glderi5peuurmklmqsiragkifsqixfwk6b31opkrw69hrvbkh9yab59kuvckvamt27r25pv2sfx8yrxiivzdibw5g8u7xd68:latest/valid/rd_scatter_table.table.json"", ""_type"": ""table-file"", ""artifact_path"": ""wandb-client-artifact://pxlv9etil749yv8s5vic6ean2ckf0nehorbzkcokfr5cstuvwjcxhk5x0ow3au2nppetopxr6n9ekyy6dwgf0aj4e7s1ow8mb6fqhrjzrjo4dn0yhdd4bqcyu1sm5yhy/valid/rd_scatter_table.table.json"", ""log_mode"": ""IMMUTABLE"", ""ncols"": 3, ""nrows"": 31, ""path"": ""media/table/valid/rd_scatter_table_150000_af1ec6bd0352faf27655.table.json"", ""sha256"": ""af1ec6bd0352faf27655e218423634c1812deb673860efd1584106ab73d06519"", ""size"": 1480}, ""valid/ssim_amp"": 0.5477795600891113}","{""azimuth_buffer"": 512, ""callbacks"": {""early_stopping"": {""_target_"": ""lightning.pytorch.callbacks.EarlyStopping"", ""check_finite"": true, ""check_on_train_epoch_end"": false, ""divergence_threshold"": null, ""min_delta"": 0, ""mode"": ""min"", ""monitor"": ""valid/loss"", ""patience"": 10, ""stopping_threshold"": null, ""strict"": true, ""verbose"": false}, ""model_checkpoint"": {""_target_"": ""lightning.pytorch.callbacks.ModelCheckpoint"", ""auto_insert_metric_name"": false, ""dirpath"": ""/lustre/projects/1001/rdelprete/MAYA_DC/logs/default/multiruns/2026-03-26_09-06-08_non_square/lmbda_50_seed_1/checkpoints"", ""every_n_epochs"": null, ""every_n_train_steps"": null, ""filename"": ""epoch_{epoch:03d}_loss_{valid/loss:.4f}"", ""mode"": ""min"", ""monitor"": ""valid/loss"", ""save_last"": true, ""save_on_train_epoch_end"": null, ""save_top_k"": 1, ""save_weights_only"": false, ""train_time_interval"": null, ""verbose"": false}, ""model_summary"": {""_target_"": ""lightning.pytorch.callbacks.RichModelSummary"", ""max_depth"": 2}, ""monitor_fix_patch"": {""verbose"": true}, ""monitor_fixed_patch"": {""_target_"": ""src.callbacks.monitor_fixed_patch.MonitorFixedPatch"", ""clip_factor"": 3, ""log_every_n_epochs"": 1, ""patch_json"": ""data/fixed_patches/s1c-s6-raw-s-vv-20250422t061414-20250422t061446-002002-0040d4.json"", ""verbose"": false}, ""monitor_val_recon"": {""_target_"": ""src.callbacks.monitor_val_reconstruction.MonitorValReconstruction"", ""clip_factor"": 3, ""log_every_n_epochs"": 1, ""num_images"": 3, ""verbose"": true}, ""rich_progress_bar"": {""_target_"": ""lightning.pytorch.callbacks.RichProgressBar""}, ""wandb_osh"": {""_target_"": ""wandb_osh.lightning_hooks.TriggerWandbSyncLightningCallback""}}, ""ckpt_path"": null, ""data"": {""_target_"": ""src.data.maya4_dir_datamodule.MAYA4DirDataModule"", ""azimuth_buffer"": 512, ""batch_size"": 4, ""max_products_test"": 2, ""max_products_train"": 10, ""max_products_val"": 2, ""num_workers"": 4, ""online"": false, ""patch_size"": [512, 512], ""pin_memory"": true, ""samples_per_prod"": 1000, ""test_dir"": ""/lustre/projects/1001/rdelprete/SSM/data/ssm_dataset/focused/PT3"", ""train_dir"": ""/lustre/projects/1001/rdelprete/SSM/data/ssm_dataset/focused/PT1"", ""val_dir"": ""/lustre/projects/1001/rdelprete/SSM/data/ssm_dataset/focused/PT2""}, ""determinism"": true, ""experiment_name"": ""rcmc_compress_baseline"", ""extras"": {""enforce_tags"": true, ""ignore_warnings"": false, ""print_config"": true}, ""lambda"": 50, ""logger"": {""wandb"": {""_target_"": ""lightning.pytorch.loggers.wandb.WandbLogger"", ""anonymous"": null, ""entity"": ""cedric-leonard"", ""group"": ""rcmc_grid_non_square"", ""id"": null, ""job_type"": """", ""log_model"": false, ""offline"": true, ""prefix"": """", ""project"": ""MAYA_DC"", ""save_dir"": ""/lustre/projects/1001/rdelprete/MAYA_DC/logs/default/multiruns/2026-03-26_09-06-08_non_square/lmbda_50_seed_1"", ""tags"": []}}, ""model"": {""_target_"": ""src.models.rcmc_compress_module.RCMCDCmodule"", ""aux_optimizer"": {""_partial_"": true, ""_target_"": ""torch.optim.Adam"", ""lr"": 0.001}, ""azimuth_buffer"": 512, ""compile"": false, ""criterion"": {""_target_"": ""src.models.components.losses.CompoundCompressionLoss"", ""azimuth_buffer"": 512, ""delta_coherence"": 1, ""delta_kde"": 1, ""lmbda"": 50, ""num_kde_bins"": 100, ""patch_size"": [512, 512]}, ""gradient_clip_norm"": 1, ""net"": {""_target_"": ""src.models.components.scale_hyperprior.ScaleHyperprior"", ""activation"": ""gdn"", ""nb_channels_latent"": 256, ""nb_channels_main"": 128, ""nb_input_channels"": 2, ""non_square_kernels"": true}, ""net_optimizer"": {""_partial_"": true, ""_target_"": ""torch.optim.Adam"", ""betas"": [0.9, 0.999], ""lr"": 0.0001}, ""scheduler"": {""_partial_"": true, ""_target_"": ""torch.optim.lr_scheduler.ReduceLROnPlateau"", ""factor"": 0.5, ""mode"": ""min"", ""patience"": 5}, ""training_mode"": ""slc""}, ""model/params/non_trainable"": 0, ""model/params/total"": 16662274, ""model/params/trainable"": 16662274, ""patch_size"": [512, 512], ""paths"": {""data_dir"": ""/lustre/projects/1001/rdelprete/MAYA_DC/data/"", ""log_dir"": ""/lustre/projects/1001/rdelprete/MAYA_DC/logs/"", ""output_dir"": ""/lustre/projects/1001/rdelprete/MAYA_DC/logs/default/multiruns/2026-03-26_09-06-08_non_square/lmbda_50_seed_1"", ""root_dir"": ""/lustre/projects/1001/rdelprete/MAYA_DC"", ""work_dir"": ""/lustre/home/u10010007""}, ""seed"": 1, ""tags"": [""rcmc_compression"", ""scale_hyperprior"", ""maya4""], ""task_name"": ""default"", ""test"": true, ""train"": true, ""trainer"": {""_target_"": ""lightning.pytorch.trainer.Trainer"", ""accelerator"": ""gpu"", ""check_val_every_n_epoch"": 1, ""default_root_dir"": ""/lustre/projects/1001/rdelprete/MAYA_DC/logs/default/multiruns/2026-03-26_09-06-08_non_square/lmbda_50_seed_1"", ""deterministic"": false, ""devices"": 4, ""max_epochs"": 30, ""min_epochs"": 1, ""num_nodes"": 1, ""precision"": ""32-true"", ""strategy"": ""ddp_find_unused_parameters_true"", ""sync_batchnorm"": true}}"
rei1z2jz,SHP-gdn_s2_L50_slc_buf512_Compound_lr0.0001_b4_10000p,finished,https://wandb.ai/cedric-leonard/MAYA_DC/runs/rei1z2jz,2026-03-23T17:37:51Z,cedric-leonard,MAYA_DC,2.0,50.0,slc,512.0,src.models.components.scale_hyperprior.ScaleHyperprior,ScaleHyperprior,SHyp,gdn,GDN,src.data.maya4_dir_datamodule.MAYA4DirDataModule,MAYA4DirDataModule,MAYA4DirDataModule,src.models.components.losses.CompoundCompressionLoss,Compound,/lustre/projects/1001/rdelprete/MAYA_DC/logs/default/multiruns/2026-03-23_16-31-02/lmbda_50_seed_2,,False,rcmc_grid,"[""maya4"", ""rcmc_compression"", ""scale_hyperprior""]",SHyp-GDN | MAYA4DirDataModule | slc | sq,"{""_runtime"": 4810, ""_step"": 150001, ""_timestamp"": 1774291845.5598438, ""epoch"": 30, ""fixed_patch/reconstruction"": {""_type"": ""image-file"", ""format"": ""png"", ""height"": 600, ""path"": ""media/images/fixed_patch/reconstruction_150000_cda157a7c54859894db3.png"", ""sha256"": ""cda157a7c54859894db3dec075f4528ba72bdc6ff3952c504c9a8f479b1f3c7e"", ""size"": 1462198, ""width"": 2000}, ""test/aux"": 12.482911109924316, ""test/coherence"": 0.05199246481060982, ""test/complex_corr_mean"": 0.948007583618164, ""test/complex_corr_std"": ""NaN"", ""test/distortion"": 0.12173300236463548, ""test/kde"": 0.032311465591192245, ""test/loss"": 8.286073684692383, ""test/mse"": 0.037429098039865494, ""test/phase_err_mean"": 0.04810484871268272, ""test/phase_err_std"": ""NaN"", ""test/psnr_amp"": 26.318876266479492, ""test/rate"": 2.199422836303711, ""test/ssim_amp"": 0.7237184643745422, ""train/aux"": 14.132997512817385, ""train/coherence"": 0.06561015546321869, ""train/distortion"": 0.15146446228027344, ""train/grad_norm_g_a"": 31.35927391052246, ""train/grad_norm_g_s"": 32.078189849853516, ""train/grad_norm_h_a"": 0.0996086597442627, ""train/grad_norm_h_s"": 0.011870767921209335, ""train/kde"": 0.019433964043855667, ""train/loss"": 9.800662994384766, ""train/lr"": 9.999999747378752e-05, ""train/mse"": 0.06642033904790878, ""train/rate"": 2.227440118789673, ""trainer/global_step"": 75000, ""val_batch/coherence_loss"": 0.018943428993225098, ""val_batch/correlation_metric_mean"": 0.9810566902160645, ""val_batch/correlation_metric_std"": ""NaN"", ""val_batch/kde_loss"": 0.00783136859536171, ""val_batch/phase_error"": 0.0110015869140625, ""val_batch/psnr_slc"": 21.93181037902832, ""val_batch/reconstructions"": {""_type"": ""image-file"", ""format"": ""png"", ""height"": 1700, ""path"": ""media/images/val_batch/reconstructions_145051_f375d165b28c36425830.png"", ""sha256"": ""f375d165b28c36425830c73ad083bd690da209217f61ab4d354bfb6bba68f0e1"", ""size"": 1616734, ""width"": 500}, ""val_batch/ssim_slc"": 0.7009335160255432, ""val_batch/x_hat_histogram"": {""_type"": ""histogram""}, ""valid/aux"": 14.021624565124512, ""valid/coherence"": 0.06882207840681076, ""valid/complex_corr_mean"": 0.931177854537964, ""valid/complex_corr_std"": ""NaN"", ""valid/distortion"": 0.1804569512605667, ""valid/kde"": 0.03606017678976059, ""valid/loss"": 11.321576118469238, ""valid/mse"": 0.07557468861341476, ""valid/phase_err_mean"": 0.07154808193445206, ""valid/phase_err_std"": ""NaN"", ""valid/psnr_amp"": 29.251081466674805, ""valid/rate"": 2.298728704452514, ""valid/rd_scatter_table"": {""_latest_artifact_path"": ""wandb-client-artifact://3jcuwpe4uxjffx5dwgym0urnzaygcjxmitdabqkre02zh3skxouc0gsti511kj2upuufeqitjxoea0qpjgzated3po9m38vtuw6ng587oswwmmdsnyl3u9m84b5ng06c:latest/valid/rd_scatter_table.table.json"", ""_type"": ""table-file"", ""artifact_path"": ""wandb-client-artifact://jf1molhpog781cq8eumha9tbwiziujk4uo9iaewwpxjwrx9eae96xqkv973fh7adtksvm7aa0d5t59ja7el43vv1pqc86qflhvt5txqpv4hittrejqpggbgyfixp5u8p/valid/rd_scatter_table.table.json"", ""log_mode"": ""IMMUTABLE"", ""ncols"": 3, ""nrows"": 31, ""path"": ""media/table/valid/rd_scatter_table_150000_15e583d9f529c56d4fd8.table.json"", ""sha256"": ""15e583d9f529c56d4fd87a81128f998b97d556d730a29b1db8e3fbb3c26582a7"", ""size"": 1474}, ""valid/ssim_amp"": 0.7120699286460876}","{""azimuth_buffer"": 512, ""callbacks"": {""early_stopping"": {""_target_"": ""lightning.pytorch.callbacks.EarlyStopping"", ""check_finite"": true, ""check_on_train_epoch_end"": false, ""divergence_threshold"": null, ""min_delta"": 0, ""mode"": ""min"", ""monitor"": ""valid/loss"", ""patience"": 10, ""stopping_threshold"": null, ""strict"": true, ""verbose"": false}, ""model_checkpoint"": {""_target_"": ""lightning.pytorch.callbacks.ModelCheckpoint"", ""auto_insert_metric_name"": false, ""dirpath"": ""/lustre/projects/1001/rdelprete/MAYA_DC/logs/default/multiruns/2026-03-23_16-31-02/lmbda_50_seed_2/checkpoints"", ""every_n_epochs"": null, ""every_n_train_steps"": null, ""filename"": ""epoch_{epoch:03d}_loss_{valid/loss:.4f}"", ""mode"": ""min"", ""monitor"": ""valid/loss"", ""save_last"": true, ""save_on_train_epoch_end"": null, ""save_top_k"": 1, ""save_weights_only"": false, ""train_time_interval"": null, ""verbose"": false}, ""model_summary"": {""_target_"": ""lightning.pytorch.callbacks.RichModelSummary"", ""max_depth"": 2}, ""monitor_fix_patch"": {""verbose"": true}, ""monitor_fixed_patch"": {""_target_"": ""src.callbacks.monitor_fixed_patch.MonitorFixedPatch"", ""clip_factor"": 3, ""log_every_n_epochs"": 1, ""patch_json"": ""data/fixed_patches/s1c-s6-raw-s-vv-20250422t061414-20250422t061446-002002-0040d4.json"", ""verbose"": false}, ""monitor_val_recon"": {""_target_"": ""src.callbacks.monitor_val_reconstruction.MonitorValReconstruction"", ""clip_factor"": 3, ""log_every_n_epochs"": 1, ""num_images"": 3, ""verbose"": true}, ""rich_progress_bar"": {""_target_"": ""lightning.pytorch.callbacks.RichProgressBar""}, ""wandb_osh"": {""_target_"": ""wandb_osh.lightning_hooks.TriggerWandbSyncLightningCallback""}}, ""ckpt_path"": null, ""data"": {""_target_"": ""src.data.maya4_dir_datamodule.MAYA4DirDataModule"", ""azimuth_buffer"": 512, ""batch_size"": 4, ""max_products_test"": 2, ""max_products_train"": 10, ""max_products_val"": 2, ""num_workers"": 4, ""online"": false, ""patch_size"": [512, 512], ""pin_memory"": true, ""samples_per_prod"": 1000, ""test_dir"": ""/lustre/projects/1001/rdelprete/SSM/data/ssm_dataset/focused/PT3"", ""train_dir"": ""/lustre/projects/1001/rdelprete/SSM/data/ssm_dataset/focused/PT1"", ""val_dir"": ""/lustre/projects/1001/rdelprete/SSM/data/ssm_dataset/focused/PT2""}, ""determinism"": true, ""experiment_name"": ""rcmc_compress_baseline"", ""extras"": {""enforce_tags"": true, ""ignore_warnings"": false, ""print_config"": true}, ""lambda"": 50, ""logger"": {""wandb"": {""_target_"": ""lightning.pytorch.loggers.wandb.WandbLogger"", ""anonymous"": null, ""entity"": ""cedric-leonard"", ""group"": ""rcmc_grid"", ""id"": null, ""job_type"": """", ""log_model"": false, ""offline"": true, ""prefix"": """", ""project"": ""MAYA_DC"", ""save_dir"": ""/lustre/projects/1001/rdelprete/MAYA_DC/logs/default/multiruns/2026-03-23_16-31-02/lmbda_50_seed_2"", ""tags"": []}}, ""model"": {""_target_"": ""src.models.rcmc_compress_module.RCMCDCmodule"", ""aux_optimizer"": {""_partial_"": true, ""_target_"": ""torch.optim.Adam"", ""lr"": 0.001}, ""azimuth_buffer"": 512, ""compile"": false, ""criterion"": {""_target_"": ""src.models.components.losses.CompoundCompressionLoss"", ""azimuth_buffer"": 512, ""delta_coherence"": 1, ""delta_kde"": 1, ""lmbda"": 50, ""num_kde_bins"": 100, ""patch_size"": [512, 512]}, ""gradient_clip_norm"": 1, ""net"": {""_target_"": ""src.models.components.scale_hyperprior.ScaleHyperprior"", ""activation"": ""gdn"", ""nb_channels_latent"": 256, ""nb_channels_main"": 128, ""nb_input_channels"": 2}, ""net_optimizer"": {""_partial_"": true, ""_target_"": ""torch.optim.Adam"", ""betas"": [0.9, 0.999], ""lr"": 0.0001}, ""scheduler"": {""_partial_"": true, ""_target_"": ""torch.optim.lr_scheduler.ReduceLROnPlateau"", ""factor"": 0.5, ""mode"": ""min"", ""patience"": 5}, ""training_mode"": ""slc""}, ""model/params/non_trainable"": 0, ""model/params/total"": 5626626, ""model/params/trainable"": 5626626, ""patch_size"": [512, 512], ""paths"": {""data_dir"": ""/lustre/projects/1001/rdelprete/MAYA_DC/data/"", ""log_dir"": ""/lustre/projects/1001/rdelprete/MAYA_DC/logs/"", ""output_dir"": ""/lustre/projects/1001/rdelprete/MAYA_DC/logs/default/multiruns/2026-03-23_16-31-02/lmbda_50_seed_2"", ""root_dir"": ""/lustre/projects/1001/rdelprete/MAYA_DC"", ""work_dir"": ""/lustre/home/u10010007""}, ""seed"": 2, ""tags"": [""rcmc_compression"", ""scale_hyperprior"", ""maya4""], ""task_name"": ""default"", ""test"": true, ""train"": true, ""trainer"": {""_target_"": ""lightning.pytorch.trainer.Trainer"", ""accelerator"": ""gpu"", ""check_val_every_n_epoch"": 1, ""default_root_dir"": ""/lustre/projects/1001/rdelprete/MAYA_DC/logs/default/multiruns/2026-03-23_16-31-02/lmbda_50_seed_2"", ""deterministic"": false, ""devices"": 4, ""max_epochs"": 30, ""min_epochs"": 1, ""num_nodes"": 1, ""precision"": ""32-true"", ""strategy"": ""ddp_find_unused_parameters_true"", ""sync_batchnorm"": true}}"
tya83wnt,SHP-gdn_s2_L50_slc_buf512_Compound_lr0.0001_b4_10000p,finished,https://wandb.ai/cedric-leonard/MAYA_DC/runs/tya83wnt,2026-03-26T08:58:41Z,cedric-leonard,MAYA_DC,2.0,50.0,slc,512.0,src.models.components.scale_hyperprior.ScaleHyperprior,ScaleHyperprior,SHyp,gdn,GDN,src.data.maya4_dir_datamodule.MAYA4DirDataModule,MAYA4DirDataModule,MAYA4DirDataModule,src.models.components.losses.CompoundCompressionLoss,Compound,/lustre/projects/1001/rdelprete/MAYA_DC/logs/default/multiruns/2026-03-26_09-01-51/lmbda_50_seed_2,,False,rcmc_grid,"[""maya4"", ""rcmc_compression"", ""scale_hyperprior""]",SHyp-GDN | MAYA4DirDataModule | slc | sq,"{""_runtime"": 191.026238749, ""_step"": 23, ""_timestamp"": 1774512324.1475806, ""epoch"": 0, ""fixed_patch/reconstruction"": {""_type"": ""image-file"", ""format"": ""png"", ""height"": 600, ""path"": ""media/images/fixed_patch/reconstruction_0_fbef837878f107eb419d.png"", ""sha256"": ""fbef837878f107eb419d6003852d07d769d583f1aa8c35e26889cccdcd6f6664"", ""size"": 995448, ""width"": 2000}, ""train/aux"": 4864.30126953125, ""train/coherence"": 0.18673644959926605, ""train/distortion"": 0.4493958652019501, ""train/grad_norm_g_a"": 87.36205291748047, ""train/grad_norm_g_s"": 63.55224609375, ""train/grad_norm_h_a"": 0.0708523765206337, ""train/grad_norm_h_s"": 0.0588109977543354, ""train/kde"": 0.10468173772096634, ""train/loss"": 23.131084442138672, ""train/lr"": 9.999999747378752e-05, ""train/mse"": 0.15797770023345947, ""train/rate"": 0.66129070520401, ""trainer/global_step"": 1199, ""val_batch/coherence_loss"": 0.036866843700408936, ""val_batch/correlation_metric_mean"": 0.9631331562995912, ""val_batch/correlation_metric_std"": ""NaN"", ""val_batch/kde_loss"": 0.9727960824966432, ""val_batch/phase_error"": 0.019196271896362305, ""val_batch/psnr_slc"": 20.039409637451172, ""val_batch/reconstructions"": {""_type"": ""image-file"", ""format"": ""png"", ""height"": 1700, ""path"": ""media/images/val_batch/reconstructions_0_dae87e111fad4b8a6e52.png"", ""sha256"": ""dae87e111fad4b8a6e52d1fe0c6f4f0366b7a88eee6de827661acda1dcce9adc"", ""size"": 1320440, ""width"": 500}, ""val_batch/ssim_slc"": 0.10086777806282043, ""val_batch/x_hat_histogram"": {""_type"": ""histogram""}, ""valid/rd_scatter_table"": {""_latest_artifact_path"": ""wandb-client-artifact://e8jlte28x6uicn1mpxyrxy71l15ia1axvv7ci8pcqub88xjq9dp59xwy81po870yma6ay11zlz4mp6h92iu51axrbvg33121pp5duwy96efj6i8s9ehw2rciceziin75:latest/valid/rd_scatter_table.table.json"", ""_type"": ""table-file"", ""artifact_path"": ""wandb-client-artifact://4pwkgxcx28ayuos4og2tte8p2sxp7dfr7045tj816czl4wh7zzljquxbxi4d9uwqt4q4wqb0dm0gl3c0d868qi04ug2vo81esuaegy2mytqvphzsgxu4n6abiazs05sz/valid/rd_scatter_table.table.json"", ""log_mode"": ""IMMUTABLE"", ""ncols"": 3, ""nrows"": 1, ""path"": ""media/table/valid/rd_scatter_table_0_689f35105d2927ea5c18.table.json"", ""sha256"": ""689f35105d2927ea5c18a7e09a3595988b0a72d45ace9b9b078ba7dcfec85602"", ""size"": 104}}","{""azimuth_buffer"": 512, ""callbacks"": {""early_stopping"": {""_target_"": ""lightning.pytorch.callbacks.EarlyStopping"", ""check_finite"": true, ""check_on_train_epoch_end"": false, ""divergence_threshold"": null, ""min_delta"": 0, ""mode"": ""min"", ""monitor"": ""valid/loss"", ""patience"": 10, ""stopping_threshold"": null, ""strict"": true, ""verbose"": false}, ""model_checkpoint"": {""_target_"": ""lightning.pytorch.callbacks.ModelCheckpoint"", ""auto_insert_metric_name"": false, ""dirpath"": ""/lustre/projects/1001/rdelprete/MAYA_DC/logs/default/multiruns/2026-03-26_09-01-51/lmbda_50_seed_2/checkpoints"", ""every_n_epochs"": null, ""every_n_train_steps"": null, ""filename"": ""epoch_{epoch:03d}_loss_{valid/loss:.4f}"", ""mode"": ""min"", ""monitor"": ""valid/loss"", ""save_last"": true, ""save_on_train_epoch_end"": null, ""save_top_k"": 1, ""save_weights_only"": false, ""train_time_interval"": null, ""verbose"": false}, ""model_summary"": {""_target_"": ""lightning.pytorch.callbacks.RichModelSummary"", ""max_depth"": 2}, ""monitor_fix_patch"": {""verbose"": true}, ""monitor_fixed_patch"": {""_target_"": ""src.callbacks.monitor_fixed_patch.MonitorFixedPatch"", ""clip_factor"": 3, ""log_every_n_epochs"": 1, ""patch_json"": ""data/fixed_patches/s1c-s6-raw-s-vv-20250422t061414-20250422t061446-002002-0040d4.json"", ""verbose"": false}, ""monitor_val_recon"": {""_target_"": ""src.callbacks.monitor_val_reconstruction.MonitorValReconstruction"", ""clip_factor"": 3, ""log_every_n_epochs"": 1, ""num_images"": 3, ""verbose"": true}, ""rich_progress_bar"": {""_target_"": ""lightning.pytorch.callbacks.RichProgressBar""}, ""wandb_osh"": {""_target_"": ""wandb_osh.lightning_hooks.TriggerWandbSyncLightningCallback""}}, ""ckpt_path"": null, ""data"": {""_target_"": ""src.data.maya4_dir_datamodule.MAYA4DirDataModule"", ""azimuth_buffer"": 512, ""batch_size"": 4, ""max_products_test"": 2, ""max_products_train"": 10, ""max_products_val"": 2, ""num_workers"": 4, ""online"": false, ""patch_size"": [512, 512], ""pin_memory"": true, ""samples_per_prod"": 1000, ""test_dir"": ""/lustre/projects/1001/rdelprete/SSM/data/ssm_dataset/focused/PT3"", ""train_dir"": ""/lustre/projects/1001/rdelprete/SSM/data/ssm_dataset/focused/PT1"", ""val_dir"": ""/lustre/projects/1001/rdelprete/SSM/data/ssm_dataset/focused/PT2""}, ""determinism"": true, ""experiment_name"": ""rcmc_compress_baseline"", ""extras"": {""enforce_tags"": true, ""ignore_warnings"": false, ""print_config"": true}, ""lambda"": 50, ""logger"": {""wandb"": {""_target_"": ""lightning.pytorch.loggers.wandb.WandbLogger"", ""anonymous"": null, ""entity"": ""cedric-leonard"", ""group"": ""rcmc_grid"", ""id"": null, ""job_type"": """", ""log_model"": false, ""offline"": true, ""prefix"": """", ""project"": ""MAYA_DC"", ""save_dir"": ""/lustre/projects/1001/rdelprete/MAYA_DC/logs/default/multiruns/2026-03-26_09-01-51/lmbda_50_seed_2"", ""tags"": []}}, ""model"": {""_target_"": ""src.models.rcmc_compress_module.RCMCDCmodule"", ""aux_optimizer"": {""_partial_"": true, ""_target_"": ""torch.optim.Adam"", ""lr"": 0.001}, ""azimuth_buffer"": 512, ""compile"": false, ""criterion"": {""_target_"": ""src.models.components.losses.CompoundCompressionLoss"", ""azimuth_buffer"": 512, ""delta_coherence"": 1, ""delta_kde"": 1, ""lmbda"": 50, ""num_kde_bins"": 100, ""patch_size"": [512, 512]}, ""gradient_clip_norm"": 1, ""net"": {""_target_"": ""src.models.components.scale_hyperprior.ScaleHyperprior"", ""activation"": ""gdn"", ""nb_channels_latent"": 256, ""nb_channels_main"": 128, ""nb_input_channels"": 2, ""non_square_kernels"": false}, ""net_optimizer"": {""_partial_"": true, ""_target_"": ""torch.optim.Adam"", ""betas"": [0.9, 0.999], ""lr"": 0.0001}, ""scheduler"": {""_partial_"": true, ""_target_"": ""torch.optim.lr_scheduler.ReduceLROnPlateau"", ""factor"": 0.5, ""mode"": ""min"", ""patience"": 5}, ""training_mode"": ""slc""}, ""model/params/non_trainable"": 0, ""model/params/total"": 5626626, ""model/params/trainable"": 5626626, ""patch_size"": [512, 512], ""paths"": {""data_dir"": ""/lustre/projects/1001/rdelprete/MAYA_DC/data/"", ""log_dir"": ""/lustre/projects/1001/rdelprete/MAYA_DC/logs/"", ""output_dir"": ""/lustre/projects/1001/rdelprete/MAYA_DC/logs/default/multiruns/2026-03-26_09-01-51/lmbda_50_seed_2"", ""root_dir"": ""/lustre/projects/1001/rdelprete/MAYA_DC"", ""work_dir"": ""/lustre/home/u10010007""}, ""seed"": 2, ""tags"": [""rcmc_compression"", ""scale_hyperprior"", ""maya4""], ""task_name"": ""default"", ""test"": true, ""train"": true, ""trainer"": {""_target_"": ""lightning.pytorch.trainer.Trainer"", ""accelerator"": ""gpu"", ""check_val_every_n_epoch"": 1, ""default_root_dir"": ""/lustre/projects/1001/rdelprete/MAYA_DC/logs/default/multiruns/2026-03-26_09-01-51/lmbda_50_seed_2"", ""deterministic"": false, ""devices"": 4, ""max_epochs"": 30, ""min_epochs"": 1, ""num_nodes"": 1, ""precision"": ""32-true"", ""strategy"": ""ddp_find_unused_parameters_true"", ""sync_batchnorm"": true}}"
evwss7s1,SHP-gdn_s2_L50_slc_buf512_Compound_lr0.0001_b4_10000p,finished,https://wandb.ai/cedric-leonard/MAYA_DC/runs/evwss7s1,2026-03-26T16:06:14Z,cedric-leonard,MAYA_DC,2.0,50.0,slc,512.0,src.models.components.scale_hyperprior.ScaleHyperprior,ScaleHyperprior,SHyp,gdn,GDN,src.data.maya4_dir_datamodule.MAYA4DirDataModule,MAYA4DirDataModule,MAYA4DirDataModule,src.models.components.losses.CompoundCompressionLoss,Compound,/lustre/projects/1001/rdelprete/MAYA_DC/logs/default/multiruns/2026-03-26_09-06-08_non_square/lmbda_50_seed_2,,True,rcmc_grid_non_square,"[""maya4"", ""rcmc_compression"", ""scale_hyperprior""]",SHyp-GDN | MAYA4DirDataModule | slc | nsk,"{""_runtime"": 5454, ""_step"": 150001, ""_timestamp"": 1774523813.9363627, ""epoch"": 30, ""fixed_patch/reconstruction"": {""_type"": ""image-file"", ""format"": ""png"", ""height"": 600, ""path"": ""media/images/fixed_patch/reconstruction_150000_c2051e44dbff60e3c6be.png"", ""sha256"": ""c2051e44dbff60e3c6be6e4fc025149457b02980c1186699273786a0d8ab2bcd"", ""size"": 1481017, ""width"": 2000}, ""test/aux"": 12.093913078308104, ""test/coherence"": 0.0885830968618393, ""test/complex_corr_mean"": 0.9114168286323548, ""test/complex_corr_std"": ""NaN"", ""test/distortion"": 0.18713906407356265, ""test/kde"": 0.03503794968128204, ""test/loss"": 11.074777603149414, ""test/mse"": 0.06351806968450546, ""test/phase_err_mean"": 0.07461556792259216, ""test/phase_err_std"": ""NaN"", ""test/psnr_amp"": 24.60457992553711, ""test/rate"": 1.7178256511688232, ""test/ssim_amp"": 0.5619505643844604, ""train/aux"": 12.005420684814451, ""train/coherence"": 0.11166365444660188, ""train/distortion"": 0.24323692917823792, ""train/grad_norm_g_a"": 42.17049789428711, ""train/grad_norm_g_s"": 40.9062385559082, ""train/grad_norm_h_a"": 0.9180551171302797, ""train/grad_norm_h_s"": 0.0942731872200966, ""train/kde"": 0.018543578684329987, ""train/loss"": 13.918304443359377, ""train/lr"": 9.999999747378752e-05, ""train/mse"": 0.11302970349788666, ""train/rate"": 1.7564572095870972, ""trainer/global_step"": 75000, ""val_batch/coherence_loss"": 0.02890074253082275, ""val_batch/correlation_metric_mean"": 0.9710992574691772, ""val_batch/correlation_metric_std"": ""NaN"", ""val_batch/kde_loss"": 0.04774096235632896, ""val_batch/phase_error"": 0.016750216484069824, ""val_batch/psnr_slc"": 20.974140167236328, ""val_batch/reconstructions"": {""_type"": ""image-file"", ""format"": ""png"", ""height"": 1700, ""path"": ""media/images/val_batch/reconstructions_145051_bba3d284da565cec24e7.png"", ""sha256"": ""bba3d284da565cec24e78df6a44019088a2b778a68408a49a0255ba60f12b898"", ""size"": 1578264, ""width"": 500}, ""val_batch/ssim_slc"": 0.5457776784896851, ""val_batch/x_hat_histogram"": {""_type"": ""histogram""}, ""valid/aux"": 12.093913078308104, ""valid/coherence"": 0.11701388657093048, ""valid/complex_corr_mean"": 0.8829860687255859, ""valid/complex_corr_std"": ""NaN"", ""valid/distortion"": 0.2740583121776581, ""valid/kde"": 0.03289598971605301, ""valid/loss"": 15.49862575531006, ""valid/mse"": 0.12414846569299698, ""valid/phase_err_mean"": 0.10546572506427764, ""valid/phase_err_std"": ""NaN"", ""valid/psnr_amp"": 27.541812896728516, ""valid/rate"": 1.7957085371017456, ""valid/rd_scatter_table"": {""_latest_artifact_path"": ""wandb-client-artifact://3mvfwgxp46gl1dhiochilajeab1hxue5blefndtcgo9v7ulnvl54p3m8oogfjguvw1vuebmaur1pgbnn7wjrj49yobm3cpikau9k0zt3e2abdlupntqkw6qfoioj09cn:latest/valid/rd_scatter_table.table.json"", ""_type"": ""table-file"", ""artifact_path"": ""wandb-client-artifact://vcxinycbjszriiu9pbvbvlmt6f9sh6uq36mnkw23vcz0ohd1xdo4zivtot47uohwxyic4x3c9rhswllqesxt6snnnwd97e0gnnwt999s6ca9fi5ioxi213jicjhanpe2/valid/rd_scatter_table.table.json"", ""log_mode"": ""IMMUTABLE"", ""ncols"": 3, ""nrows"": 31, ""path"": ""media/table/valid/rd_scatter_table_150000_be21f0fe18bb4ebe3777.table.json"", ""sha256"": ""be21f0fe18bb4ebe3777680a8b716ca57c09409fe6c79c7ec13ae9a770afdbdf"", ""size"": 1480}, ""valid/ssim_amp"": 0.5478256344795227}","{""azimuth_buffer"": 512, ""callbacks"": {""early_stopping"": {""_target_"": ""lightning.pytorch.callbacks.EarlyStopping"", ""check_finite"": true, ""check_on_train_epoch_end"": false, ""divergence_threshold"": null, ""min_delta"": 0, ""mode"": ""min"", ""monitor"": ""valid/loss"", ""patience"": 10, ""stopping_threshold"": null, ""strict"": true, ""verbose"": false}, ""model_checkpoint"": {""_target_"": ""lightning.pytorch.callbacks.ModelCheckpoint"", ""auto_insert_metric_name"": false, ""dirpath"": ""/lustre/projects/1001/rdelprete/MAYA_DC/logs/default/multiruns/2026-03-26_09-06-08_non_square/lmbda_50_seed_2/checkpoints"", ""every_n_epochs"": null, ""every_n_train_steps"": null, ""filename"": ""epoch_{epoch:03d}_loss_{valid/loss:.4f}"", ""mode"": ""min"", ""monitor"": ""valid/loss"", ""save_last"": true, ""save_on_train_epoch_end"": null, ""save_top_k"": 1, ""save_weights_only"": false, ""train_time_interval"": null, ""verbose"": false}, ""model_summary"": {""_target_"": ""lightning.pytorch.callbacks.RichModelSummary"", ""max_depth"": 2}, ""monitor_fix_patch"": {""verbose"": true}, ""monitor_fixed_patch"": {""_target_"": ""src.callbacks.monitor_fixed_patch.MonitorFixedPatch"", ""clip_factor"": 3, ""log_every_n_epochs"": 1, ""patch_json"": ""data/fixed_patches/s1c-s6-raw-s-vv-20250422t061414-20250422t061446-002002-0040d4.json"", ""verbose"": false}, ""monitor_val_recon"": {""_target_"": ""src.callbacks.monitor_val_reconstruction.MonitorValReconstruction"", ""clip_factor"": 3, ""log_every_n_epochs"": 1, ""num_images"": 3, ""verbose"": true}, ""rich_progress_bar"": {""_target_"": ""lightning.pytorch.callbacks.RichProgressBar""}, ""wandb_osh"": {""_target_"": ""wandb_osh.lightning_hooks.TriggerWandbSyncLightningCallback""}}, ""ckpt_path"": null, ""data"": {""_target_"": ""src.data.maya4_dir_datamodule.MAYA4DirDataModule"", ""azimuth_buffer"": 512, ""batch_size"": 4, ""max_products_test"": 2, ""max_products_train"": 10, ""max_products_val"": 2, ""num_workers"": 4, ""online"": false, ""patch_size"": [512, 512], ""pin_memory"": true, ""samples_per_prod"": 1000, ""test_dir"": ""/lustre/projects/1001/rdelprete/SSM/data/ssm_dataset/focused/PT3"", ""train_dir"": ""/lustre/projects/1001/rdelprete/SSM/data/ssm_dataset/focused/PT1"", ""val_dir"": ""/lustre/projects/1001/rdelprete/SSM/data/ssm_dataset/focused/PT2""}, ""determinism"": true, ""experiment_name"": ""rcmc_compress_baseline"", ""extras"": {""enforce_tags"": true, ""ignore_warnings"": false, ""print_config"": true}, ""lambda"": 50, ""logger"": {""wandb"": {""_target_"": ""lightning.pytorch.loggers.wandb.WandbLogger"", ""anonymous"": null, ""entity"": ""cedric-leonard"", ""group"": ""rcmc_grid_non_square"", ""id"": null, ""job_type"": """", ""log_model"": false, ""offline"": true, ""prefix"": """", ""project"": ""MAYA_DC"", ""save_dir"": ""/lustre/projects/1001/rdelprete/MAYA_DC/logs/default/multiruns/2026-03-26_09-06-08_non_square/lmbda_50_seed_2"", ""tags"": []}}, ""model"": {""_target_"": ""src.models.rcmc_compress_module.RCMCDCmodule"", ""aux_optimizer"": {""_partial_"": true, ""_target_"": ""torch.optim.Adam"", ""lr"": 0.001}, ""azimuth_buffer"": 512, ""compile"": false, ""criterion"": {""_target_"": ""src.models.components.losses.CompoundCompressionLoss"", ""azimuth_buffer"": 512, ""delta_coherence"": 1, ""delta_kde"": 1, ""lmbda"": 50, ""num_kde_bins"": 100, ""patch_size"": [512, 512]}, ""gradient_clip_norm"": 1, ""net"": {""_target_"": ""src.models.components.scale_hyperprior.ScaleHyperprior"", ""activation"": ""gdn"", ""nb_channels_latent"": 256, ""nb_channels_main"": 128, ""nb_input_channels"": 2, ""non_square_kernels"": true}, ""net_optimizer"": {""_partial_"": true, ""_target_"": ""torch.optim.Adam"", ""betas"": [0.9, 0.999], ""lr"": 0.0001}, ""scheduler"": {""_partial_"": true, ""_target_"": ""torch.optim.lr_scheduler.ReduceLROnPlateau"", ""factor"": 0.5, ""mode"": ""min"", ""patience"": 5}, ""training_mode"": ""slc""}, ""model/params/non_trainable"": 0, ""model/params/total"": 16662274, ""model/params/trainable"": 16662274, ""patch_size"": [512, 512], ""paths"": {""data_dir"": ""/lustre/projects/1001/rdelprete/MAYA_DC/data/"", ""log_dir"": ""/lustre/projects/1001/rdelprete/MAYA_DC/logs/"", ""output_dir"": ""/lustre/projects/1001/rdelprete/MAYA_DC/logs/default/multiruns/2026-03-26_09-06-08_non_square/lmbda_50_seed_2"", ""root_dir"": ""/lustre/projects/1001/rdelprete/MAYA_DC"", ""work_dir"": ""/lustre/home/u10010007""}, ""seed"": 2, ""tags"": [""rcmc_compression"", ""scale_hyperprior"", ""maya4""], ""task_name"": ""default"", ""test"": true, ""train"": true, ""trainer"": {""_target_"": ""lightning.pytorch.trainer.Trainer"", ""accelerator"": ""gpu"", ""check_val_every_n_epoch"": 1, ""default_root_dir"": ""/lustre/projects/1001/rdelprete/MAYA_DC/logs/default/multiruns/2026-03-26_09-06-08_non_square/lmbda_50_seed_2"", ""deterministic"": false, ""devices"": 4, ""max_epochs"": 30, ""min_epochs"": 1, ""num_nodes"": 1, ""precision"": ""32-true"", ""strategy"": ""ddp_find_unused_parameters_true"", ""sync_batchnorm"": true}}"
3hpj9bqg,SHP-gdn_s42_L50_slc_buf512_Compound_lr0.0005_b4_10000p,finished,https://wandb.ai/cedric-leonard/MAYA_DC/runs/3hpj9bqg,2026-03-21T20:47:14Z,cedric-leonard,MAYA_DC,42.0,50.0,slc,512.0,src.models.components.scale_hyperprior.ScaleHyperprior,ScaleHyperprior,SHyp,gdn,GDN,src.data.maya4_dir_datamodule.MAYA4DirDataModule,MAYA4DirDataModule,MAYA4DirDataModule,src.models.components.losses.CompoundCompressionLoss,Compound,/lustre/projects/1001/rdelprete/MAYA_DC/logs/default/multiruns/2026-03-20_22-11-58/9,,False,rcmc_grid,"[""maya4"", ""rcmc_compression"", ""scale_hyperprior""]",SHyp-GDN | MAYA4DirDataModule | slc | sq,"{""_runtime"": 1902, ""_step"": 50067, ""_timestamp"": 1774127561.2375584, ""epoch"": 11, ""fixed_patch/reconstruction"": {""_type"": ""image-file"", ""format"": ""png"", ""height"": 600, ""path"": ""media/images/fixed_patch/reconstruction_50000_254778f2c26056b3c92b.png"", ""sha256"": ""254778f2c26056b3c92beb9087ac53f42672809f42c7b3636cd84c8409c3475b"", ""size"": 1474603, ""width"": 2000}, ""train/aux"": 28.649728775024418, ""train/coherence"": 0.032620757818222046, ""train/distortion"": 0.08366313576698303, ""train/grad_norm_g_a"": 71.63481903076172, ""train/grad_norm_g_s"": 82.8611068725586, ""train/grad_norm_h_a"": 0.8224837779998779, ""train/grad_norm_h_s"": 0.09482470899820328, ""train/kde"": 0.03143776208162308, ""train/loss"": 5.7280731201171875, ""train/lr"": 0.0005000000237487257, ""train/mse"": 0.019604617729783055, ""train/rate"": 1.5449161529541016, ""trainer/global_step"": 28349, ""val_batch/coherence_loss"": 0.02411288022994995, ""val_batch/correlation_metric_mean"": 0.97588711977005, ""val_batch/correlation_metric_std"": ""NaN"", ""val_batch/kde_loss"": 0.05200091749429703, ""val_batch/phase_error"": 0.013920068740844728, ""val_batch/psnr_slc"": 21.403474807739254, ""val_batch/reconstructions"": {""_type"": ""image-file"", ""format"": ""png"", ""height"": 1700, ""path"": ""media/images/val_batch/reconstructions_40101_5ee8a778fa6afea51e5a.png"", ""sha256"": ""5ee8a778fa6afea51e5a39f0607c641c6d6e50cd14e756f961f865419df83c2c"", ""size"": 1616191, ""width"": 500}, ""val_batch/ssim_slc"": 0.6089668273925781, ""val_batch/x_hat_histogram"": {""_type"": ""histogram""}, ""valid/aux"": 34.06516647338867, ""valid/coherence"": 0.09653101861476898, ""valid/complex_corr_mean"": 0.9034689664840698, ""valid/complex_corr_std"": ""NaN"", ""valid/distortion"": 0.23159386217594147, ""valid/kde"": 0.02948608435690403, ""valid/loss"": 13.933738708496094, ""valid/mse"": 0.10557672381401062, ""valid/phase_err_mean"": 0.092311330139637, ""valid/phase_err_std"": ""NaN"", ""valid/psnr_amp"": 28.226165771484375, ""valid/rate"": 2.3540422916412354, ""valid/rd_scatter_table"": {""_latest_artifact_path"": ""wandb-client-artifact://8hf0b1zgowm6ydcgup1gbcy3spj74q59rnfimvd8p5ckg8ekfzqg9f9cw67jxq4u60chf1j53k5y6866re6sy5fxgzkkf10rfy1avb4w3qjxi8k4meniwksf7kz46fzq:latest/valid/rd_scatter_table.table.json"", ""_type"": ""table-file"", ""artifact_path"": ""wandb-client-artifact://izoa5vdd2qhq6qvyds9txd9dyqd3ouhbet0ftd2hyv1kq2bh6vqcrkumuztpaca39bozzzn1hnqfm715s2clrduiwj9tdlfiqlp459p5hyew335p5sw4k71kbhfd3hir/valid/rd_scatter_table.table.json"", ""log_mode"": ""IMMUTABLE"", ""ncols"": 3, ""nrows"": 6, ""path"": ""media/table/valid/rd_scatter_table_50000_eb89710b9ddae9c9748b.table.json"", ""sha256"": ""eb89710b9ddae9c9748bfb9ff191368563dc1494440991780e1e17a4f3da2666"", ""size"": 332}, ""valid/ssim_amp"": 0.6153280138969421}","{""azimuth_buffer"": 512, ""callbacks"": {""early_stopping"": {""_target_"": ""lightning.pytorch.callbacks.EarlyStopping"", ""check_finite"": true, ""check_on_train_epoch_end"": false, ""divergence_threshold"": null, ""min_delta"": 0, ""mode"": ""min"", ""monitor"": ""valid/loss"", ""patience"": 10, ""stopping_threshold"": null, ""strict"": true, ""verbose"": false}, ""model_checkpoint"": {""_target_"": ""lightning.pytorch.callbacks.ModelCheckpoint"", ""auto_insert_metric_name"": false, ""dirpath"": ""/lustre/projects/1001/rdelprete/MAYA_DC/logs/default/multiruns/2026-03-20_22-11-58/9/checkpoints"", ""every_n_epochs"": null, ""every_n_train_steps"": null, ""filename"": ""epoch_{epoch:03d}_loss_{valid/loss:.4f}"", ""mode"": ""min"", ""monitor"": ""valid/loss"", ""save_last"": true, ""save_on_train_epoch_end"": null, ""save_top_k"": 1, ""save_weights_only"": false, ""train_time_interval"": null, ""verbose"": false}, ""model_summary"": {""_target_"": ""lightning.pytorch.callbacks.RichModelSummary"", ""max_depth"": 2}, ""monitor_fix_patch"": {""verbose"": true}, ""monitor_fixed_patch"": {""_target_"": ""src.callbacks.monitor_fixed_patch.MonitorFixedPatch"", ""clip_factor"": 3, ""log_every_n_epochs"": 1, ""patch_json"": ""data/fixed_patches/s1c-s6-raw-s-vv-20250422t061414-20250422t061446-002002-0040d4.json"", ""verbose"": false}, ""monitor_val_recon"": {""_target_"": ""src.callbacks.monitor_val_reconstruction.MonitorValReconstruction"", ""clip_factor"": 3, ""log_every_n_epochs"": 1, ""num_images"": 3, ""verbose"": true}, ""rich_progress_bar"": {""_target_"": ""lightning.pytorch.callbacks.RichProgressBar""}, ""wandb_osh"": {""_target_"": ""wandb_osh.lightning_hooks.TriggerWandbSyncLightningCallback""}}, ""ckpt_path"": null, ""data"": {""_target_"": ""src.data.maya4_dir_datamodule.MAYA4DirDataModule"", ""azimuth_buffer"": 512, ""batch_size"": 4, ""max_products_test"": 2, ""max_products_train"": 10, ""max_products_val"": 2, ""num_workers"": 16, ""online"": false, ""patch_size"": [512, 512], ""pin_memory"": true, ""samples_per_prod"": 1000, ""test_dir"": ""/lustre/projects/1001/rdelprete/SSM/data/ssm_dataset/focused/PT3"", ""train_dir"": ""/lustre/projects/1001/rdelprete/SSM/data/ssm_dataset/focused/PT1"", ""val_dir"": ""/lustre/projects/1001/rdelprete/SSM/data/ssm_dataset/focused/PT2""}, ""determinism"": true, ""experiment_name"": ""rcmc_compress_baseline"", ""extras"": {""enforce_tags"": true, ""ignore_warnings"": false, ""print_config"": true}, ""logger"": {""wandb"": {""_target_"": ""lightning.pytorch.loggers.wandb.WandbLogger"", ""anonymous"": null, ""entity"": ""cedric-leonard"", ""group"": ""rcmc_grid"", ""id"": null, ""job_type"": """", ""log_model"": false, ""offline"": true, ""prefix"": """", ""project"": ""MAYA_DC"", ""save_dir"": ""/lustre/projects/1001/rdelprete/MAYA_DC/logs/default/multiruns/2026-03-20_22-11-58/9"", ""tags"": []}}, ""model"": {""_target_"": ""src.models.rcmc_compress_module.RCMCDCmodule"", ""aux_optimizer"": {""_partial_"": true, ""_target_"": ""torch.optim.Adam"", ""lr"": 0.001}, ""azimuth_buffer"": 512, ""compile"": false, ""criterion"": {""_target_"": ""src.models.components.losses.CompoundCompressionLoss"", ""azimuth_buffer"": 512, ""delta_coherence"": 1, ""delta_kde"": 1, ""lmbda"": 50, ""num_kde_bins"": 100, ""patch_size"": [512, 512]}, ""gradient_clip_norm"": 1, ""net"": {""_target_"": ""src.models.components.scale_hyperprior.ScaleHyperprior"", ""activation"": ""gdn"", ""nb_channels_latent"": 256, ""nb_channels_main"": 128, ""nb_input_channels"": 2}, ""net_optimizer"": {""_partial_"": true, ""_target_"": ""torch.optim.Adam"", ""betas"": [0.9, 0.999], ""lr"": 0.0005}, ""scheduler"": {""_partial_"": true, ""_target_"": ""torch.optim.lr_scheduler.ReduceLROnPlateau"", ""factor"": 0.5, ""mode"": ""min"", ""patience"": 5}, ""training_mode"": ""slc""}, ""model/params/non_trainable"": 0, ""model/params/total"": 5626626, ""model/params/trainable"": 5626626, ""patch_size"": [512, 512], ""paths"": {""data_dir"": ""/lustre/projects/1001/rdelprete/MAYA_DC/data/"", ""log_dir"": ""/lustre/projects/1001/rdelprete/MAYA_DC/logs/"", ""output_dir"": ""/lustre/projects/1001/rdelprete/MAYA_DC/logs/default/multiruns/2026-03-20_22-11-58/9"", ""root_dir"": ""/lustre/projects/1001/rdelprete/MAYA_DC"", ""work_dir"": ""/lustre/home/u10010007""}, ""seed"": 42, ""tags"": [""rcmc_compression"", ""scale_hyperprior"", ""maya4""], ""task_name"": ""default"", ""test"": true, ""train"": true, ""trainer"": {""_target_"": ""lightning.pytorch.trainer.Trainer"", ""accelerator"": ""gpu"", ""check_val_every_n_epoch"": 2, ""default_root_dir"": ""/lustre/projects/1001/rdelprete/MAYA_DC/logs/default/multiruns/2026-03-20_22-11-58/9"", ""deterministic"": false, ""devices"": 4, ""max_epochs"": 100, ""min_epochs"": 1, ""num_nodes"": 1, ""precision"": ""32-true"", ""strategy"": ""ddp_find_unused_parameters_true"", ""sync_batchnorm"": true}}"
1p0vetx0,SHP-gdn_s0_L100_slc_buf512_Compound_lr0.0001_b4_10000p,finished,https://wandb.ai/cedric-leonard/MAYA_DC/runs/1p0vetx0,2026-03-23T17:48:19Z,cedric-leonard,MAYA_DC,0.0,100.0,slc,512.0,src.models.components.scale_hyperprior.ScaleHyperprior,ScaleHyperprior,SHyp,gdn,GDN,src.data.maya4_dir_datamodule.MAYA4DirDataModule,MAYA4DirDataModule,MAYA4DirDataModule,src.models.components.losses.CompoundCompressionLoss,Compound,/lustre/projects/1001/rdelprete/MAYA_DC/logs/default/multiruns/2026-03-23_16-31-02/lmbda_100_seed_0,,False,rcmc_grid,"[""maya4"", ""rcmc_compression"", ""scale_hyperprior""]",SHyp-GDN | MAYA4DirDataModule | slc | sq,"{""_runtime"": 5629, ""_step"": 150001, ""_timestamp"": 1774293027.9157996, ""epoch"": 30, ""fixed_patch/reconstruction"": {""_type"": ""image-file"", ""format"": ""png"", ""height"": 600, ""path"": ""media/images/fixed_patch/reconstruction_150000_0a59773aaf8ed6c21d44.png"", ""sha256"": ""0a59773aaf8ed6c21d4444f62f32161bd8019ce910251402b7fd26a877dbe45b"", ""size"": 1455802, ""width"": 2000}, ""test/aux"": 14.078116416931152, ""test/coherence"": 0.047747205942869186, ""test/complex_corr_mean"": 0.9522528052330016, ""test/complex_corr_std"": ""NaN"", ""test/distortion"": 0.11143533140420914, ""test/kde"": 0.02911046147346497, ""test/loss"": 13.801925659179688, ""test/mse"": 0.03457765281200409, ""test/phase_err_mean"": 0.04465682804584503, ""test/phase_err_std"": ""NaN"", ""test/psnr_amp"": 26.59297561645508, ""test/rate"": 2.6583945751190186, ""test/ssim_amp"": 0.7472027540206909, ""train/aux"": 16.808469772338867, ""train/coherence"": 0.03593212366104126, ""train/distortion"": 0.07732947170734406, ""train/grad_norm_g_a"": 47.228126525878906, ""train/grad_norm_g_s"": 92.07390594482422, ""train/grad_norm_h_a"": 0.13946709036827087, ""train/grad_norm_h_s"": 0.02286611683666706, ""train/kde"": 0.01817597635090351, ""train/loss"": 9.966175079345703, ""train/lr"": 9.999999747378752e-05, ""train/mse"": 0.023221366107463837, ""train/rate"": 2.2332277297973633, ""trainer/global_step"": 75000, ""val_batch/coherence_loss"": 0.0161016583442688, ""val_batch/correlation_metric_mean"": 0.9838984608650208, ""val_batch/correlation_metric_std"": ""NaN"", ""val_batch/kde_loss"": 0.00736205792054534, ""val_batch/phase_error"": 0.009397923946380615, ""val_batch/psnr_slc"": 22.264419555664062, ""val_batch/reconstructions"": {""_type"": ""image-file"", ""format"": ""png"", ""height"": 1700, ""path"": ""media/images/val_batch/reconstructions_145051_0d9035bbfb94ea297322.png"", ""sha256"": ""0d9035bbfb94ea297322d69302e19a7e6d88055814c8fe46a1ff157446e44cf8"", ""size"": 1617427, ""width"": 500}, ""val_batch/ssim_slc"": 0.7461743950843811, ""val_batch/x_hat_histogram"": {""_type"": ""histogram""}, ""valid/aux"": 16.040922164916992, ""valid/coherence"": 0.0639994665980339, ""valid/complex_corr_mean"": 0.9360003471374512, ""valid/complex_corr_std"": ""NaN"", ""valid/distortion"": 0.16951477527618408, ""valid/kde"": 0.03364134207367897, ""valid/loss"": 19.742443084716797, ""valid/mse"": 0.0718739703297615, ""valid/phase_err_mean"": 0.06796147674322128, ""valid/phase_err_std"": ""NaN"", ""valid/psnr_amp"": 29.528179168701172, ""valid/rate"": 2.790968418121338, ""valid/rd_scatter_table"": {""_latest_artifact_path"": ""wandb-client-artifact://y5ie6rr9mc01y8tdowolc7l87xsi1rmy1ee1isavib1b20zsqpcz9s5u2kjccamm864l3dcdnpjhys0na66m0kdh5xoj9c7p9nswvjgytllq6qp8dhikgt2zr1n247q4:latest/valid/rd_scatter_table.table.json"", ""_type"": ""table-file"", ""artifact_path"": ""wandb-client-artifact://a1zp6cau3mea1coanhc8f893f6gxbfj2s2w7y9wp38eizha33jww06q297t87brwr3oatv9a9zxr90s47v6exmzvcd1ny5uq03ndp3iyh2sj5jjp0yjo5op0q4h2phtd/valid/rd_scatter_table.table.json"", ""log_mode"": ""IMMUTABLE"", ""ncols"": 3, ""nrows"": 31, ""path"": ""media/table/valid/rd_scatter_table_150000_4134a4e029924cc3ffb4.table.json"", ""sha256"": ""4134a4e029924cc3ffb4a7b329831abb53d54552e8738c20b68b48baab36d289"", ""size"": 1481}, ""valid/ssim_amp"": 0.7342435121536255}","{""azimuth_buffer"": 512, ""callbacks"": {""early_stopping"": {""_target_"": ""lightning.pytorch.callbacks.EarlyStopping"", ""check_finite"": true, ""check_on_train_epoch_end"": false, ""divergence_threshold"": null, ""min_delta"": 0, ""mode"": ""min"", ""monitor"": ""valid/loss"", ""patience"": 10, ""stopping_threshold"": null, ""strict"": true, ""verbose"": false}, ""model_checkpoint"": {""_target_"": ""lightning.pytorch.callbacks.ModelCheckpoint"", ""auto_insert_metric_name"": false, ""dirpath"": ""/lustre/projects/1001/rdelprete/MAYA_DC/logs/default/multiruns/2026-03-23_16-31-02/lmbda_100_seed_0/checkpoints"", ""every_n_epochs"": null, ""every_n_train_steps"": null, ""filename"": ""epoch_{epoch:03d}_loss_{valid/loss:.4f}"", ""mode"": ""min"", ""monitor"": ""valid/loss"", ""save_last"": true, ""save_on_train_epoch_end"": null, ""save_top_k"": 1, ""save_weights_only"": false, ""train_time_interval"": null, ""verbose"": false}, ""model_summary"": {""_target_"": ""lightning.pytorch.callbacks.RichModelSummary"", ""max_depth"": 2}, ""monitor_fix_patch"": {""verbose"": true}, ""monitor_fixed_patch"": {""_target_"": ""src.callbacks.monitor_fixed_patch.MonitorFixedPatch"", ""clip_factor"": 3, ""log_every_n_epochs"": 1, ""patch_json"": ""data/fixed_patches/s1c-s6-raw-s-vv-20250422t061414-20250422t061446-002002-0040d4.json"", ""verbose"": false}, ""monitor_val_recon"": {""_target_"": ""src.callbacks.monitor_val_reconstruction.MonitorValReconstruction"", ""clip_factor"": 3, ""log_every_n_epochs"": 1, ""num_images"": 3, ""verbose"": true}, ""rich_progress_bar"": {""_target_"": ""lightning.pytorch.callbacks.RichProgressBar""}, ""wandb_osh"": {""_target_"": ""wandb_osh.lightning_hooks.TriggerWandbSyncLightningCallback""}}, ""ckpt_path"": null, ""data"": {""_target_"": ""src.data.maya4_dir_datamodule.MAYA4DirDataModule"", ""azimuth_buffer"": 512, ""batch_size"": 4, ""max_products_test"": 2, ""max_products_train"": 10, ""max_products_val"": 2, ""num_workers"": 4, ""online"": false, ""patch_size"": [512, 512], ""pin_memory"": true, ""samples_per_prod"": 1000, ""test_dir"": ""/lustre/projects/1001/rdelprete/SSM/data/ssm_dataset/focused/PT3"", ""train_dir"": ""/lustre/projects/1001/rdelprete/SSM/data/ssm_dataset/focused/PT1"", ""val_dir"": ""/lustre/projects/1001/rdelprete/SSM/data/ssm_dataset/focused/PT2""}, ""determinism"": true, ""experiment_name"": ""rcmc_compress_baseline"", ""extras"": {""enforce_tags"": true, ""ignore_warnings"": false, ""print_config"": true}, ""lambda"": 100, ""logger"": {""wandb"": {""_target_"": ""lightning.pytorch.loggers.wandb.WandbLogger"", ""anonymous"": null, ""entity"": ""cedric-leonard"", ""group"": ""rcmc_grid"", ""id"": null, ""job_type"": """", ""log_model"": false, ""offline"": true, ""prefix"": """", ""project"": ""MAYA_DC"", ""save_dir"": ""/lustre/projects/1001/rdelprete/MAYA_DC/logs/default/multiruns/2026-03-23_16-31-02/lmbda_100_seed_0"", ""tags"": []}}, ""model"": {""_target_"": ""src.models.rcmc_compress_module.RCMCDCmodule"", ""aux_optimizer"": {""_partial_"": true, ""_target_"": ""torch.optim.Adam"", ""lr"": 0.001}, ""azimuth_buffer"": 512, ""compile"": false, ""criterion"": {""_target_"": ""src.models.components.losses.CompoundCompressionLoss"", ""azimuth_buffer"": 512, ""delta_coherence"": 1, ""delta_kde"": 1, ""lmbda"": 100, ""num_kde_bins"": 100, ""patch_size"": [512, 512]}, ""gradient_clip_norm"": 1, ""net"": {""_target_"": ""src.models.components.scale_hyperprior.ScaleHyperprior"", ""activation"": ""gdn"", ""nb_channels_latent"": 256, ""nb_channels_main"": 128, ""nb_input_channels"": 2}, ""net_optimizer"": {""_partial_"": true, ""_target_"": ""torch.optim.Adam"", ""betas"": [0.9, 0.999], ""lr"": 0.0001}, ""scheduler"": {""_partial_"": true, ""_target_"": ""torch.optim.lr_scheduler.ReduceLROnPlateau"", ""factor"": 0.5, ""mode"": ""min"", ""patience"": 5}, ""training_mode"": ""slc""}, ""model/params/non_trainable"": 0, ""model/params/total"": 5626626, ""model/params/trainable"": 5626626, ""patch_size"": [512, 512], ""paths"": {""data_dir"": ""/lustre/projects/1001/rdelprete/MAYA_DC/data/"", ""log_dir"": ""/lustre/projects/1001/rdelprete/MAYA_DC/logs/"", ""output_dir"": ""/lustre/projects/1001/rdelprete/MAYA_DC/logs/default/multiruns/2026-03-23_16-31-02/lmbda_100_seed_0"", ""root_dir"": ""/lustre/projects/1001/rdelprete/MAYA_DC"", ""work_dir"": ""/lustre/home/u10010007""}, ""seed"": 0, ""tags"": [""rcmc_compression"", ""scale_hyperprior"", ""maya4""], ""task_name"": ""default"", ""test"": true, ""train"": true, ""trainer"": {""_target_"": ""lightning.pytorch.trainer.Trainer"", ""accelerator"": ""gpu"", ""check_val_every_n_epoch"": 1, ""default_root_dir"": ""/lustre/projects/1001/rdelprete/MAYA_DC/logs/default/multiruns/2026-03-23_16-31-02/lmbda_100_seed_0"", ""deterministic"": false, ""devices"": 4, ""max_epochs"": 30, ""min_epochs"": 1, ""num_nodes"": 1, ""precision"": ""32-true"", ""strategy"": ""ddp_find_unused_parameters_true"", ""sync_batchnorm"": true}}"
mxvuzrlk,SHP-gdn_s0_L100_slc_buf512_Compound_lr0.0001_b4_10000p,finished,https://wandb.ai/cedric-leonard/MAYA_DC/runs/mxvuzrlk,2026-03-25T08:55:35Z,cedric-leonard,MAYA_DC,0.0,100.0,slc,512.0,src.models.components.scale_hyperprior.ScaleHyperprior,ScaleHyperprior,SHyp,gdn,GDN,src.data.maya4_dir_datamodule.MAYA4DirDataModule,MAYA4DirDataModule,MAYA4DirDataModule,src.models.components.losses.CompoundCompressionLoss,Compound,/lustre/projects/1001/rdelprete/MAYA_DC/logs/default/multiruns/2026-03-24_17-14-16_non_square/lmbda_100_seed_0,,True,rcmc_grid_non_square,"[""maya4"", ""rcmc_compression"", ""scale_hyperprior""]",SHyp-GDN | MAYA4DirDataModule | slc | nsk,"{""_runtime"": 5344, ""_step"": 150001, ""_timestamp"": 1774425694.1380155, ""epoch"": 30, ""fixed_patch/reconstruction"": {""_type"": ""image-file"", ""format"": ""png"", ""height"": 600, ""path"": ""media/images/fixed_patch/reconstruction_150000_6f2be975aac1783c3bb7.png"", ""sha256"": ""6f2be975aac1783c3bb7554bba161032775f5792228937b9038423cf6f95a931"", ""size"": 1476703, ""width"": 2000}, ""test/aux"": 14.955439567565918, ""test/coherence"": 0.08644326776266098, ""test/complex_corr_mean"": 0.913556694984436, ""test/complex_corr_std"": ""NaN"", ""test/distortion"": 0.18078458309173584, ""test/kde"": 0.032063521444797516, ""test/loss"": 20.352720260620117, ""test/mse"": 0.06227786093950272, ""test/phase_err_mean"": 0.07301470637321472, ""test/phase_err_std"": ""NaN"", ""test/psnr_amp"": 24.70372772216797, ""test/rate"": 2.274256944656372, ""test/ssim_amp"": 0.5763200521469116, ""train/aux"": 12.564973831176758, ""train/coherence"": 0.06132560968399048, ""train/distortion"": 0.1134391352534294, ""train/grad_norm_g_a"": 55.42349624633789, ""train/grad_norm_g_s"": 92.8548355102539, ""train/grad_norm_h_a"": 0.12434978038072586, ""train/grad_norm_h_s"": 0.015411196276545525, ""train/kde"": 0.01267983578145504, ""train/loss"": 13.234703063964844, ""train/lr"": 9.999999747378752e-05, ""train/mse"": 0.03943369537591934, ""train/rate"": 1.890790104866028, ""trainer/global_step"": 75000, ""val_batch/coherence_loss"": 0.027790725231170654, ""val_batch/correlation_metric_mean"": 0.9722093939781188, ""val_batch/correlation_metric_std"": ""NaN"", ""val_batch/kde_loss"": 0.015818780288100243, ""val_batch/phase_error"": 0.016343533992767334, ""val_batch/psnr_slc"": 21.09250259399414, ""val_batch/reconstructions"": {""_type"": ""image-file"", ""format"": ""png"", ""height"": 1700, ""path"": ""media/images/val_batch/reconstructions_145051_b6d29f69be83da2c31e7.png"", ""sha256"": ""b6d29f69be83da2c31e7fa5c07364eef08b37f30193e54aabffce75c24730204"", ""size"": 1579944, ""width"": 500}, ""val_batch/ssim_slc"": 0.5809400081634521, ""val_batch/x_hat_histogram"": {""_type"": ""histogram""}, ""valid/aux"": 12.875123977661133, ""valid/coherence"": 0.11394669860601424, ""valid/complex_corr_mean"": 0.8860531449317932, ""valid/complex_corr_std"": ""NaN"", ""valid/distortion"": 0.26856252551078796, ""valid/kde"": 0.03228325769305229, ""valid/loss"": 29.228242874145508, ""valid/mse"": 0.12233253568410872, ""valid/phase_err_mean"": 0.10373550653457642, ""valid/phase_err_std"": ""NaN"", ""valid/psnr_amp"": 27.674129486083984, ""valid/rate"": 2.371990203857422, ""valid/rd_scatter_table"": {""_latest_artifact_path"": ""wandb-client-artifact://f3nw660e9te20ts70pqetkjc3qrdm61hk0d4o8p9uhi0kuz3zbv3q12royedug54731ess6zjoynllwp9a4cm7b4oijg3ltdq7snvdrkzcf1yjpfcg8sgm2wiv6irkuc:latest/valid/rd_scatter_table.table.json"", ""_type"": ""table-file"", ""artifact_path"": ""wandb-client-artifact://cyylz6b7ftl019mbo29ax0w4ylr88v9gvwqgc1ogwt9izzvu3swcwb5ogunfsa961zy0dlcq53rgdqh8jt79eaqf4aw2zoy89fnls50tderxg1i0pwxrvoqtfxaijcjm/valid/rd_scatter_table.table.json"", ""log_mode"": ""IMMUTABLE"", ""ncols"": 3, ""nrows"": 31, ""path"": ""media/table/valid/rd_scatter_table_150000_133e10bab881cc38bf71.table.json"", ""sha256"": ""133e10bab881cc38bf7170e042344594b278fefa61dcfb32a1b48082b8031273"", ""size"": 1469}, ""valid/ssim_amp"": 0.566042423248291}","{""azimuth_buffer"": 512, ""callbacks"": {""early_stopping"": {""_target_"": ""lightning.pytorch.callbacks.EarlyStopping"", ""check_finite"": true, ""check_on_train_epoch_end"": false, ""divergence_threshold"": null, ""min_delta"": 0, ""mode"": ""min"", ""monitor"": ""valid/loss"", ""patience"": 10, ""stopping_threshold"": null, ""strict"": true, ""verbose"": false}, ""model_checkpoint"": {""_target_"": ""lightning.pytorch.callbacks.ModelCheckpoint"", ""auto_insert_metric_name"": false, ""dirpath"": ""/lustre/projects/1001/rdelprete/MAYA_DC/logs/default/multiruns/2026-03-24_17-14-16_non_square/lmbda_100_seed_0/checkpoints"", ""every_n_epochs"": null, ""every_n_train_steps"": null, ""filename"": ""epoch_{epoch:03d}_loss_{valid/loss:.4f}"", ""mode"": ""min"", ""monitor"": ""valid/loss"", ""save_last"": true, ""save_on_train_epoch_end"": null, ""save_top_k"": 1, ""save_weights_only"": false, ""train_time_interval"": null, ""verbose"": false}, ""model_summary"": {""_target_"": ""lightning.pytorch.callbacks.RichModelSummary"", ""max_depth"": 2}, ""monitor_fix_patch"": {""verbose"": true}, ""monitor_fixed_patch"": {""_target_"": ""src.callbacks.monitor_fixed_patch.MonitorFixedPatch"", ""clip_factor"": 3, ""log_every_n_epochs"": 1, ""patch_json"": ""data/fixed_patches/s1c-s6-raw-s-vv-20250422t061414-20250422t061446-002002-0040d4.json"", ""verbose"": false}, ""monitor_val_recon"": {""_target_"": ""src.callbacks.monitor_val_reconstruction.MonitorValReconstruction"", ""clip_factor"": 3, ""log_every_n_epochs"": 1, ""num_images"": 3, ""verbose"": true}, ""rich_progress_bar"": {""_target_"": ""lightning.pytorch.callbacks.RichProgressBar""}, ""wandb_osh"": {""_target_"": ""wandb_osh.lightning_hooks.TriggerWandbSyncLightningCallback""}}, ""ckpt_path"": null, ""data"": {""_target_"": ""src.data.maya4_dir_datamodule.MAYA4DirDataModule"", ""azimuth_buffer"": 512, ""batch_size"": 4, ""max_products_test"": 2, ""max_products_train"": 10, ""max_products_val"": 2, ""num_workers"": 4, ""online"": false, ""patch_size"": [512, 512], ""pin_memory"": true, ""samples_per_prod"": 1000, ""test_dir"": ""/lustre/projects/1001/rdelprete/SSM/data/ssm_dataset/focused/PT3"", ""train_dir"": ""/lustre/projects/1001/rdelprete/SSM/data/ssm_dataset/focused/PT1"", ""val_dir"": ""/lustre/projects/1001/rdelprete/SSM/data/ssm_dataset/focused/PT2""}, ""determinism"": true, ""experiment_name"": ""rcmc_compress_baseline"", ""extras"": {""enforce_tags"": true, ""ignore_warnings"": false, ""print_config"": true}, ""lambda"": 100, ""logger"": {""wandb"": {""_target_"": ""lightning.pytorch.loggers.wandb.WandbLogger"", ""anonymous"": null, ""entity"": ""cedric-leonard"", ""group"": ""rcmc_grid_non_square"", ""id"": null, ""job_type"": """", ""log_model"": false, ""offline"": true, ""prefix"": """", ""project"": ""MAYA_DC"", ""save_dir"": ""/lustre/projects/1001/rdelprete/MAYA_DC/logs/default/multiruns/2026-03-24_17-14-16_non_square/lmbda_100_seed_0"", ""tags"": []}}, ""model"": {""_target_"": ""src.models.rcmc_compress_module.RCMCDCmodule"", ""aux_optimizer"": {""_partial_"": true, ""_target_"": ""torch.optim.Adam"", ""lr"": 0.001}, ""azimuth_buffer"": 512, ""compile"": false, ""criterion"": {""_target_"": ""src.models.components.losses.CompoundCompressionLoss"", ""azimuth_buffer"": 512, ""delta_coherence"": 1, ""delta_kde"": 1, ""lmbda"": 100, ""num_kde_bins"": 100, ""patch_size"": [512, 512]}, ""gradient_clip_norm"": 1, ""net"": {""_target_"": ""src.models.components.scale_hyperprior.ScaleHyperprior"", ""activation"": ""gdn"", ""nb_channels_latent"": 256, ""nb_channels_main"": 128, ""nb_input_channels"": 2, ""non_square_kernels"": true}, ""net_optimizer"": {""_partial_"": true, ""_target_"": ""torch.optim.Adam"", ""betas"": [0.9, 0.999], ""lr"": 0.0001}, ""scheduler"": {""_partial_"": true, ""_target_"": ""torch.optim.lr_scheduler.ReduceLROnPlateau"", ""factor"": 0.5, ""mode"": ""min"", ""patience"": 5}, ""training_mode"": ""slc""}, ""model/params/non_trainable"": 0, ""model/params/total"": 16662274, ""model/params/trainable"": 16662274, ""patch_size"": [512, 512], ""paths"": {""data_dir"": ""/lustre/projects/1001/rdelprete/MAYA_DC/data/"", ""log_dir"": ""/lustre/projects/1001/rdelprete/MAYA_DC/logs/"", ""output_dir"": ""/lustre/projects/1001/rdelprete/MAYA_DC/logs/default/multiruns/2026-03-24_17-14-16_non_square/lmbda_100_seed_0"", ""root_dir"": ""/lustre/projects/1001/rdelprete/MAYA_DC"", ""work_dir"": ""/lustre/home/u10010007""}, ""seed"": 0, ""tags"": [""rcmc_compression"", ""scale_hyperprior"", ""maya4""], ""task_name"": ""default"", ""test"": true, ""train"": true, ""trainer"": {""_target_"": ""lightning.pytorch.trainer.Trainer"", ""accelerator"": ""gpu"", ""check_val_every_n_epoch"": 1, ""default_root_dir"": ""/lustre/projects/1001/rdelprete/MAYA_DC/logs/default/multiruns/2026-03-24_17-14-16_non_square/lmbda_100_seed_0"", ""deterministic"": false, ""devices"": 4, ""max_epochs"": 30, ""min_epochs"": 1, ""num_nodes"": 1, ""precision"": ""32-true"", ""strategy"": ""ddp_find_unused_parameters_true"", ""sync_batchnorm"": true}}"
duuh1gkz,SHP-gdn_s1_L100_slc_buf512_Compound_lr0.0001_b4_10000p,finished,https://wandb.ai/cedric-leonard/MAYA_DC/runs/duuh1gkz,2026-03-23T17:48:00Z,cedric-leonard,MAYA_DC,1.0,100.0,slc,512.0,src.models.components.scale_hyperprior.ScaleHyperprior,ScaleHyperprior,SHyp,gdn,GDN,src.data.maya4_dir_datamodule.MAYA4DirDataModule,MAYA4DirDataModule,MAYA4DirDataModule,src.models.components.losses.CompoundCompressionLoss,Compound,/lustre/projects/1001/rdelprete/MAYA_DC/logs/default/multiruns/2026-03-23_16-31-02/lmbda_100_seed_1,,False,rcmc_grid,"[""maya4"", ""rcmc_compression"", ""scale_hyperprior""]",SHyp-GDN | MAYA4DirDataModule | slc | sq,"{""_runtime"": 4816, ""_step"": 150001, ""_timestamp"": 1774292357.1225157, ""epoch"": 30, ""fixed_patch/reconstruction"": {""_type"": ""image-file"", ""format"": ""png"", ""height"": 600, ""path"": ""media/images/fixed_patch/reconstruction_150000_171ac08a0b9f5bba35d1.png"", ""sha256"": ""171ac08a0b9f5bba35d1578bea475b9b76d835770a36367c2ca97c21971d5ca2"", ""size"": 1458433, ""width"": 2000}, ""test/aux"": 11.17954444885254, ""test/coherence"": 0.04850668087601662, ""test/complex_corr_mean"": 0.9514932632446288, ""test/complex_corr_std"": ""NaN"", ""test/distortion"": 0.1159476786851883, ""test/kde"": 0.03231920674443245, ""test/loss"": 14.247322082519531, ""test/mse"": 0.03512180224061012, ""test/phase_err_mean"": 0.04562442749738693, ""test/phase_err_std"": ""NaN"", ""test/psnr_amp"": 26.53647804260254, ""test/rate"": 2.652550220489502, ""test/ssim_amp"": 0.7443132400512695, ""train/aux"": 11.10898780822754, ""train/coherence"": 0.06927637755870819, ""train/distortion"": 0.18133924901485443, ""train/grad_norm_g_a"": 58.385498046875, ""train/grad_norm_g_s"": 63.209022521972656, ""train/grad_norm_h_a"": 0.13831135630607605, ""train/grad_norm_h_s"": 0.02481679804623127, ""train/kde"": 0.042377859354019165, ""train/loss"": 20.642921447753903, ""train/lr"": 9.999999747378752e-05, ""train/mse"": 0.06968501210212708, ""train/rate"": 2.5089964866638184, ""trainer/global_step"": 75000, ""val_batch/coherence_loss"": 0.017181098461151123, ""val_batch/correlation_metric_mean"": 0.9828189015388488, ""val_batch/correlation_metric_std"": ""NaN"", ""val_batch/kde_loss"": 0.01464591734111309, ""val_batch/phase_error"": 0.010007023811340332, ""val_batch/psnr_slc"": 22.136449813842773, ""val_batch/reconstructions"": {""_type"": ""image-file"", ""format"": ""png"", ""height"": 1700, ""path"": ""media/images/val_batch/reconstructions_145051_2298a6325cc574b6e8ef.png"", ""sha256"": ""2298a6325cc574b6e8efaf9af3e4463aeeb596de135e30fe4c15f9411a655980"", ""size"": 1614697, ""width"": 500}, ""val_batch/ssim_slc"": 0.7273238897323608, ""val_batch/x_hat_histogram"": {""_type"": ""histogram""}, ""valid/aux"": 11.17954444885254, ""valid/coherence"": 0.06588593870401382, ""valid/complex_corr_mean"": 0.9341140389442444, ""valid/complex_corr_std"": ""NaN"", ""valid/distortion"": 0.1705857664346695, ""valid/kde"": 0.03107604943215847, ""valid/loss"": 19.82197380065918, ""valid/mse"": 0.07362379878759384, ""valid/phase_err_mean"": 0.06938106566667557, ""valid/phase_err_std"": ""NaN"", ""valid/psnr_amp"": 29.43951416015625, ""valid/rate"": 2.7633986473083496, ""valid/rd_scatter_table"": {""_latest_artifact_path"": ""wandb-client-artifact://qbdlrdrncp4v5vid8y6kqjhktiokvtnbtmawav5qyh4wpkyojukndijqxs63ndi2nr7c4idtedundr6tzf578obva8juhwf6q1ie8ly48oxuzl49vme8c0nnzxs9e766:latest/valid/rd_scatter_table.table.json"", ""_type"": ""table-file"", ""artifact_path"": ""wandb-client-artifact://w8miv3ownr2vllqgfu59c43xup6f4dr43tqozko59mqd3hiphzsh3wvu6eizcwm9onomhkhet4tow594iybdaisrvzrun71ws0amzfxjc1272eugphw0i27nf8oa04so/valid/rd_scatter_table.table.json"", ""log_mode"": ""IMMUTABLE"", ""ncols"": 3, ""nrows"": 31, ""path"": ""media/table/valid/rd_scatter_table_150000_aba8cc7d081f9fc3b071.table.json"", ""sha256"": ""aba8cc7d081f9fc3b071365485cf4307f295a280ddf3f5edfa8e97cef7b5b154"", ""size"": 1475}, ""valid/ssim_amp"": 0.7265930771827698}","{""azimuth_buffer"": 512, ""callbacks"": {""early_stopping"": {""_target_"": ""lightning.pytorch.callbacks.EarlyStopping"", ""check_finite"": true, ""check_on_train_epoch_end"": false, ""divergence_threshold"": null, ""min_delta"": 0, ""mode"": ""min"", ""monitor"": ""valid/loss"", ""patience"": 10, ""stopping_threshold"": null, ""strict"": true, ""verbose"": false}, ""model_checkpoint"": {""_target_"": ""lightning.pytorch.callbacks.ModelCheckpoint"", ""auto_insert_metric_name"": false, ""dirpath"": ""/lustre/projects/1001/rdelprete/MAYA_DC/logs/default/multiruns/2026-03-23_16-31-02/lmbda_100_seed_1/checkpoints"", ""every_n_epochs"": null, ""every_n_train_steps"": null, ""filename"": ""epoch_{epoch:03d}_loss_{valid/loss:.4f}"", ""mode"": ""min"", ""monitor"": ""valid/loss"", ""save_last"": true, ""save_on_train_epoch_end"": null, ""save_top_k"": 1, ""save_weights_only"": false, ""train_time_interval"": null, ""verbose"": false}, ""model_summary"": {""_target_"": ""lightning.pytorch.callbacks.RichModelSummary"", ""max_depth"": 2}, ""monitor_fix_patch"": {""verbose"": true}, ""monitor_fixed_patch"": {""_target_"": ""src.callbacks.monitor_fixed_patch.MonitorFixedPatch"", ""clip_factor"": 3, ""log_every_n_epochs"": 1, ""patch_json"": ""data/fixed_patches/s1c-s6-raw-s-vv-20250422t061414-20250422t061446-002002-0040d4.json"", ""verbose"": false}, ""monitor_val_recon"": {""_target_"": ""src.callbacks.monitor_val_reconstruction.MonitorValReconstruction"", ""clip_factor"": 3, ""log_every_n_epochs"": 1, ""num_images"": 3, ""verbose"": true}, ""rich_progress_bar"": {""_target_"": ""lightning.pytorch.callbacks.RichProgressBar""}, ""wandb_osh"": {""_target_"": ""wandb_osh.lightning_hooks.TriggerWandbSyncLightningCallback""}}, ""ckpt_path"": null, ""data"": {""_target_"": ""src.data.maya4_dir_datamodule.MAYA4DirDataModule"", ""azimuth_buffer"": 512, ""batch_size"": 4, ""max_products_test"": 2, ""max_products_train"": 10, ""max_products_val"": 2, ""num_workers"": 4, ""online"": false, ""patch_size"": [512, 512], ""pin_memory"": true, ""samples_per_prod"": 1000, ""test_dir"": ""/lustre/projects/1001/rdelprete/SSM/data/ssm_dataset/focused/PT3"", ""train_dir"": ""/lustre/projects/1001/rdelprete/SSM/data/ssm_dataset/focused/PT1"", ""val_dir"": ""/lustre/projects/1001/rdelprete/SSM/data/ssm_dataset/focused/PT2""}, ""determinism"": true, ""experiment_name"": ""rcmc_compress_baseline"", ""extras"": {""enforce_tags"": true, ""ignore_warnings"": false, ""print_config"": true}, ""lambda"": 100, ""logger"": {""wandb"": {""_target_"": ""lightning.pytorch.loggers.wandb.WandbLogger"", ""anonymous"": null, ""entity"": ""cedric-leonard"", ""group"": ""rcmc_grid"", ""id"": null, ""job_type"": """", ""log_model"": false, ""offline"": true, ""prefix"": """", ""project"": ""MAYA_DC"", ""save_dir"": ""/lustre/projects/1001/rdelprete/MAYA_DC/logs/default/multiruns/2026-03-23_16-31-02/lmbda_100_seed_1"", ""tags"": []}}, ""model"": {""_target_"": ""src.models.rcmc_compress_module.RCMCDCmodule"", ""aux_optimizer"": {""_partial_"": true, ""_target_"": ""torch.optim.Adam"", ""lr"": 0.001}, ""azimuth_buffer"": 512, ""compile"": false, ""criterion"": {""_target_"": ""src.models.components.losses.CompoundCompressionLoss"", ""azimuth_buffer"": 512, ""delta_coherence"": 1, ""delta_kde"": 1, ""lmbda"": 100, ""num_kde_bins"": 100, ""patch_size"": [512, 512]}, ""gradient_clip_norm"": 1, ""net"": {""_target_"": ""src.models.components.scale_hyperprior.ScaleHyperprior"", ""activation"": ""gdn"", ""nb_channels_latent"": 256, ""nb_channels_main"": 128, ""nb_input_channels"": 2}, ""net_optimizer"": {""_partial_"": true, ""_target_"": ""torch.optim.Adam"", ""betas"": [0.9, 0.999], ""lr"": 0.0001}, ""scheduler"": {""_partial_"": true, ""_target_"": ""torch.optim.lr_scheduler.ReduceLROnPlateau"", ""factor"": 0.5, ""mode"": ""min"", ""patience"": 5}, ""training_mode"": ""slc""}, ""model/params/non_trainable"": 0, ""model/params/total"": 5626626, ""model/params/trainable"": 5626626, ""patch_size"": [512, 512], ""paths"": {""data_dir"": ""/lustre/projects/1001/rdelprete/MAYA_DC/data/"", ""log_dir"": ""/lustre/projects/1001/rdelprete/MAYA_DC/logs/"", ""output_dir"": ""/lustre/projects/1001/rdelprete/MAYA_DC/logs/default/multiruns/2026-03-23_16-31-02/lmbda_100_seed_1"", ""root_dir"": ""/lustre/projects/1001/rdelprete/MAYA_DC"", ""work_dir"": ""/lustre/home/u10010007""}, ""seed"": 1, ""tags"": [""rcmc_compression"", ""scale_hyperprior"", ""maya4""], ""task_name"": ""default"", ""test"": true, ""train"": true, ""trainer"": {""_target_"": ""lightning.pytorch.trainer.Trainer"", ""accelerator"": ""gpu"", ""check_val_every_n_epoch"": 1, ""default_root_dir"": ""/lustre/projects/1001/rdelprete/MAYA_DC/logs/default/multiruns/2026-03-23_16-31-02/lmbda_100_seed_1"", ""deterministic"": false, ""devices"": 4, ""max_epochs"": 30, ""min_epochs"": 1, ""num_nodes"": 1, ""precision"": ""32-true"", ""strategy"": ""ddp_find_unused_parameters_true"", ""sync_batchnorm"": true}}"
gacmsr2s,SHP-gdn_s1_L100_slc_buf512_Compound_lr0.0001_b4_10000p,finished,https://wandb.ai/cedric-leonard/MAYA_DC/runs/gacmsr2s,2026-03-25T08:40:25Z,cedric-leonard,MAYA_DC,1.0,100.0,slc,512.0,src.models.components.scale_hyperprior.ScaleHyperprior,ScaleHyperprior,SHyp,gdn,GDN,src.data.maya4_dir_datamodule.MAYA4DirDataModule,MAYA4DirDataModule,MAYA4DirDataModule,src.models.components.losses.CompoundCompressionLoss,Compound,/lustre/projects/1001/rdelprete/MAYA_DC/logs/default/multiruns/2026-03-24_17-14-16_non_square/lmbda_100_seed_1,,True,rcmc_grid_non_square,"[""maya4"", ""rcmc_compression"", ""scale_hyperprior""]",SHyp-GDN | MAYA4DirDataModule | slc | nsk,"{""_runtime"": 5322, ""_step"": 150001, ""_timestamp"": 1774428966.107732, ""epoch"": 30, ""fixed_patch/reconstruction"": {""_type"": ""image-file"", ""format"": ""png"", ""height"": 600, ""path"": ""media/images/fixed_patch/reconstruction_150000_9f852a39969eed2ce146.png"", ""sha256"": ""9f852a39969eed2ce14636c20dd0edbe2b91d02b2203676c55674e81abb71a47"", ""size"": 1478508, ""width"": 2000}, ""test/aux"": 9.675460815429688, ""test/coherence"": 0.08668031543493271, ""test/complex_corr_mean"": 0.913319766521454, ""test/complex_corr_std"": ""NaN"", ""test/distortion"": 0.18086199462413788, ""test/kde"": 0.03193626552820206, ""test/loss"": 20.33357810974121, ""test/mse"": 0.062245432287454605, ""test/phase_err_mean"": 0.07283972203731537, ""test/phase_err_std"": ""NaN"", ""test/psnr_amp"": 24.700265884399418, ""test/rate"": 2.2473788261413574, ""test/ssim_amp"": 0.5722748041152954, ""train/aux"": 10.824089050292969, ""train/coherence"": 0.11915971338748932, ""train/distortion"": 0.28205615282058716, ""train/grad_norm_g_a"": 118.84447479248048, ""train/grad_norm_g_s"": 137.819091796875, ""train/grad_norm_h_a"": 2.197441339492798, ""train/grad_norm_h_s"": 0.21940430998802185, ""train/kde"": 0.04566504806280136, ""train/loss"": 30.319141387939453, ""train/lr"": 9.999999747378752e-05, ""train/mse"": 0.11723136901855467, ""train/rate"": 2.113528251647949, ""trainer/global_step"": 75000, ""val_batch/coherence_loss"": 0.02789980173110962, ""val_batch/correlation_metric_mean"": 0.9721001982688904, ""val_batch/correlation_metric_std"": ""NaN"", ""val_batch/kde_loss"": 0.01777738519012928, ""val_batch/phase_error"": 0.016346335411071777, ""val_batch/psnr_slc"": 21.072586059570312, ""val_batch/reconstructions"": {""_type"": ""image-file"", ""format"": ""png"", ""height"": 1700, ""path"": ""media/images/val_batch/reconstructions_145051_9d0bfb580a3759193b4e.png"", ""sha256"": ""9d0bfb580a3759193b4e700ade4155c5fded1e3e6089ed60803608ab49b88984"", ""size"": 1575858, ""width"": 500}, ""val_batch/ssim_slc"": 0.5777629017829895, ""val_batch/x_hat_histogram"": {""_type"": ""histogram""}, ""valid/aux"": 10.606754302978516, ""valid/coherence"": 0.11539709568023682, ""valid/complex_corr_mean"": 0.8846029043197632, ""valid/complex_corr_std"": ""NaN"", ""valid/distortion"": 0.2750215232372284, ""valid/kde"": 0.035489052534103394, ""valid/loss"": 29.84202003479004, ""valid/mse"": 0.12413543462753296, ""valid/phase_err_mean"": 0.10525638610124588, ""valid/phase_err_std"": ""NaN"", ""valid/psnr_amp"": 27.629297256469727, ""valid/rate"": 2.3398561477661133, ""valid/rd_scatter_table"": {""_latest_artifact_path"": ""wandb-client-artifact://1szsocf6ragb8zdrbv5x7nev30d4rxzn87skbtbxj96ltylmhcan2xw9mpsc2m19b3s3kxjgg153eqxfyf09r1hhrrd728czawi88254uqlxk10u732n82isu7p62i4w:latest/valid/rd_scatter_table.table.json"", ""_type"": ""table-file"", ""artifact_path"": ""wandb-client-artifact://clecotsr13mrf3f7kqgn2c0jhimyyc468ht7zw0zsek0zrx0wruxxuda42dugmskdkrp1miqkt8yb2rs36icefb0q1b6f4vix5g8reew5e7ttyzc8kqtk0ch646ilf92/valid/rd_scatter_table.table.json"", ""log_mode"": ""IMMUTABLE"", ""ncols"": 3, ""nrows"": 31, ""path"": ""media/table/valid/rd_scatter_table_150000_a8446dea5261ea94c275.table.json"", ""sha256"": ""a8446dea5261ea94c275c982bebe08c9366c280563249fcd8c3a6183e8fc9426"", ""size"": 1479}, ""valid/ssim_amp"": 0.5615130066871643}","{""azimuth_buffer"": 512, ""callbacks"": {""early_stopping"": {""_target_"": ""lightning.pytorch.callbacks.EarlyStopping"", ""check_finite"": true, ""check_on_train_epoch_end"": false, ""divergence_threshold"": null, ""min_delta"": 0, ""mode"": ""min"", ""monitor"": ""valid/loss"", ""patience"": 10, ""stopping_threshold"": null, ""strict"": true, ""verbose"": false}, ""model_checkpoint"": {""_target_"": ""lightning.pytorch.callbacks.ModelCheckpoint"", ""auto_insert_metric_name"": false, ""dirpath"": ""/lustre/projects/1001/rdelprete/MAYA_DC/logs/default/multiruns/2026-03-24_17-14-16_non_square/lmbda_100_seed_1/checkpoints"", ""every_n_epochs"": null, ""every_n_train_steps"": null, ""filename"": ""epoch_{epoch:03d}_loss_{valid/loss:.4f}"", ""mode"": ""min"", ""monitor"": ""valid/loss"", ""save_last"": true, ""save_on_train_epoch_end"": null, ""save_top_k"": 1, ""save_weights_only"": false, ""train_time_interval"": null, ""verbose"": false}, ""model_summary"": {""_target_"": ""lightning.pytorch.callbacks.RichModelSummary"", ""max_depth"": 2}, ""monitor_fix_patch"": {""verbose"": true}, ""monitor_fixed_patch"": {""_target_"": ""src.callbacks.monitor_fixed_patch.MonitorFixedPatch"", ""clip_factor"": 3, ""log_every_n_epochs"": 1, ""patch_json"": ""data/fixed_patches/s1c-s6-raw-s-vv-20250422t061414-20250422t061446-002002-0040d4.json"", ""verbose"": false}, ""monitor_val_recon"": {""_target_"": ""src.callbacks.monitor_val_reconstruction.MonitorValReconstruction"", ""clip_factor"": 3, ""log_every_n_epochs"": 1, ""num_images"": 3, ""verbose"": true}, ""rich_progress_bar"": {""_target_"": ""lightning.pytorch.callbacks.RichProgressBar""}, ""wandb_osh"": {""_target_"": ""wandb_osh.lightning_hooks.TriggerWandbSyncLightningCallback""}}, ""ckpt_path"": null, ""data"": {""_target_"": ""src.data.maya4_dir_datamodule.MAYA4DirDataModule"", ""azimuth_buffer"": 512, ""batch_size"": 4, ""max_products_test"": 2, ""max_products_train"": 10, ""max_products_val"": 2, ""num_workers"": 4, ""online"": false, ""patch_size"": [512, 512], ""pin_memory"": true, ""samples_per_prod"": 1000, ""test_dir"": ""/lustre/projects/1001/rdelprete/SSM/data/ssm_dataset/focused/PT3"", ""train_dir"": ""/lustre/projects/1001/rdelprete/SSM/data/ssm_dataset/focused/PT1"", ""val_dir"": ""/lustre/projects/1001/rdelprete/SSM/data/ssm_dataset/focused/PT2""}, ""determinism"": true, ""experiment_name"": ""rcmc_compress_baseline"", ""extras"": {""enforce_tags"": true, ""ignore_warnings"": false, ""print_config"": true}, ""lambda"": 100, ""logger"": {""wandb"": {""_target_"": ""lightning.pytorch.loggers.wandb.WandbLogger"", ""anonymous"": null, ""entity"": ""cedric-leonard"", ""group"": ""rcmc_grid_non_square"", ""id"": null, ""job_type"": """", ""log_model"": false, ""offline"": true, ""prefix"": """", ""project"": ""MAYA_DC"", ""save_dir"": ""/lustre/projects/1001/rdelprete/MAYA_DC/logs/default/multiruns/2026-03-24_17-14-16_non_square/lmbda_100_seed_1"", ""tags"": []}}, ""model"": {""_target_"": ""src.models.rcmc_compress_module.RCMCDCmodule"", ""aux_optimizer"": {""_partial_"": true, ""_target_"": ""torch.optim.Adam"", ""lr"": 0.001}, ""azimuth_buffer"": 512, ""compile"": false, ""criterion"": {""_target_"": ""src.models.components.losses.CompoundCompressionLoss"", ""azimuth_buffer"": 512, ""delta_coherence"": 1, ""delta_kde"": 1, ""lmbda"": 100, ""num_kde_bins"": 100, ""patch_size"": [512, 512]}, ""gradient_clip_norm"": 1, ""net"": {""_target_"": ""src.models.components.scale_hyperprior.ScaleHyperprior"", ""activation"": ""gdn"", ""nb_channels_latent"": 256, ""nb_channels_main"": 128, ""nb_input_channels"": 2, ""non_square_kernels"": true}, ""net_optimizer"": {""_partial_"": true, ""_target_"": ""torch.optim.Adam"", ""betas"": [0.9, 0.999], ""lr"": 0.0001}, ""scheduler"": {""_partial_"": true, ""_target_"": ""torch.optim.lr_scheduler.ReduceLROnPlateau"", ""factor"": 0.5, ""mode"": ""min"", ""patience"": 5}, ""training_mode"": ""slc""}, ""model/params/non_trainable"": 0, ""model/params/total"": 16662274, ""model/params/trainable"": 16662274, ""patch_size"": [512, 512], ""paths"": {""data_dir"": ""/lustre/projects/1001/rdelprete/MAYA_DC/data/"", ""log_dir"": ""/lustre/projects/1001/rdelprete/MAYA_DC/logs/"", ""output_dir"": ""/lustre/projects/1001/rdelprete/MAYA_DC/logs/default/multiruns/2026-03-24_17-14-16_non_square/lmbda_100_seed_1"", ""root_dir"": ""/lustre/projects/1001/rdelprete/MAYA_DC"", ""work_dir"": ""/lustre/home/u10010007""}, ""seed"": 1, ""tags"": [""rcmc_compression"", ""scale_hyperprior"", ""maya4""], ""task_name"": ""default"", ""test"": true, ""train"": true, ""trainer"": {""_target_"": ""lightning.pytorch.trainer.Trainer"", ""accelerator"": ""gpu"", ""check_val_every_n_epoch"": 1, ""default_root_dir"": ""/lustre/projects/1001/rdelprete/MAYA_DC/logs/default/multiruns/2026-03-24_17-14-16_non_square/lmbda_100_seed_1"", ""deterministic"": false, ""devices"": 4, ""max_epochs"": 30, ""min_epochs"": 1, ""num_nodes"": 1, ""precision"": ""32-true"", ""strategy"": ""ddp_find_unused_parameters_true"", ""sync_batchnorm"": true}}"
lzu9fogf,SHP-gdn_s2_L100_slc_buf512_Compound_lr0.0001_b4_10000p,finished,https://wandb.ai/cedric-leonard/MAYA_DC/runs/lzu9fogf,2026-03-23T17:53:01Z,cedric-leonard,MAYA_DC,2.0,100.0,slc,512.0,src.models.components.scale_hyperprior.ScaleHyperprior,ScaleHyperprior,SHyp,gdn,GDN,src.data.maya4_dir_datamodule.MAYA4DirDataModule,MAYA4DirDataModule,MAYA4DirDataModule,src.models.components.losses.CompoundCompressionLoss,Compound,/lustre/projects/1001/rdelprete/MAYA_DC/logs/default/multiruns/2026-03-23_16-31-02/lmbda_100_seed_2,,False,rcmc_grid,"[""maya4"", ""rcmc_compression"", ""scale_hyperprior""]",SHyp-GDN | MAYA4DirDataModule | slc | sq,"{""_runtime"": 5663, ""_step"": 150001, ""_timestamp"": 1774293256.1719685, ""epoch"": 30, ""fixed_patch/reconstruction"": {""_type"": ""image-file"", ""format"": ""png"", ""height"": 600, ""path"": ""media/images/fixed_patch/reconstruction_150000_de494db7394170506ba0.png"", ""sha256"": ""de494db7394170506ba0e4981097276b8d926ca607ef85c24c8b91bbdf8b0616"", ""size"": 1455868, ""width"": 2000}, ""test/aux"": 11.250986099243164, ""test/coherence"": 0.04475376009941101, ""test/complex_corr_mean"": 0.9552463293075562, ""test/complex_corr_std"": ""NaN"", ""test/distortion"": 0.10673084855079652, ""test/kde"": 0.02954905666410923, ""test/loss"": 13.39462184906006, ""test/mse"": 0.03242801874876022, ""test/phase_err_mean"": 0.04237920045852661, ""test/phase_err_std"": ""NaN"", ""test/psnr_amp"": 26.78359603881836, ""test/rate"": 2.7215354442596436, ""test/ssim_amp"": 0.7617346048355103, ""train/aux"": 11.436357498168944, ""train/coherence"": 0.05836287140846253, ""train/distortion"": 0.13196860253810885, ""train/grad_norm_g_a"": 58.84414291381836, ""train/grad_norm_g_s"": 64.12393188476562, ""train/grad_norm_h_a"": 0.9813875555992126, ""train/grad_norm_h_s"": 0.17037294805049896, ""train/kde"": 0.01376168243587017, ""train/loss"": 15.950494766235352, ""train/lr"": 9.999999747378752e-05, ""train/mse"": 0.05984405428171158, ""train/rate"": 2.7536346912384033, ""trainer/global_step"": 75000, ""val_batch/coherence_loss"": 0.014885783195495604, ""val_batch/correlation_metric_mean"": 0.9851142764091492, ""val_batch/correlation_metric_std"": ""NaN"", ""val_batch/kde_loss"": 0.01487684529274702, ""val_batch/phase_error"": 0.00868368148803711, ""val_batch/psnr_slc"": 22.425622940063477, ""val_batch/reconstructions"": {""_type"": ""image-file"", ""format"": ""png"", ""height"": 1700, ""path"": ""media/images/val_batch/reconstructions_145051_04ff916cceb59b9570cd.png"", ""sha256"": ""04ff916cceb59b9570cdc7db4a246ff6a9be1346dffe7c72b3550f0d17b85097"", ""size"": 1617526, ""width"": 500}, ""val_batch/ssim_slc"": 0.7621397972106934, ""val_batch/x_hat_histogram"": {""_type"": ""histogram""}, ""valid/aux"": 11.250986099243164, ""valid/coherence"": 0.0611003153026104, ""valid/complex_corr_mean"": 0.9388998746871948, ""valid/complex_corr_std"": ""NaN"", ""valid/distortion"": 0.15734140574932098, ""valid/kde"": 0.027822505682706833, ""valid/loss"": 18.57329368591309, ""valid/mse"": 0.06841854751110077, ""valid/phase_err_mean"": 0.06492454558610916, ""valid/phase_err_std"": ""NaN"", ""valid/psnr_amp"": 29.685876846313477, ""valid/rate"": 2.8391551971435547, ""valid/rd_scatter_table"": {""_latest_artifact_path"": ""wandb-client-artifact://ewrje43zyvyyi5bntjhoabevy9xnm5wn1g32lhd9y2hxumjg0ly9lwv9aidbd0972uxhcsb0e5in0w150oujyhgbzo3jx85121to0syu7keipqiv59kirgj8k1l5w0ka:latest/valid/rd_scatter_table.table.json"", ""_type"": ""table-file"", ""artifact_path"": ""wandb-client-artifact://w5bn90zeqtxfoiamks1aj0ygzkrw7ihco8iq1x0mr4j7jcmq3disbaqq5fr2xv75uzva6p5qfu1gdw91mvs40dcqlm6kui17ad1b3j0ufenv8de7ztyixz4wmz2t0ila/valid/rd_scatter_table.table.json"", ""log_mode"": ""IMMUTABLE"", ""ncols"": 3, ""nrows"": 31, ""path"": ""media/table/valid/rd_scatter_table_150000_260184aef3e3243e6776.table.json"", ""sha256"": ""260184aef3e3243e6776beaea30b75cdb32a1904f153fcdb72be89a675af50af"", ""size"": 1472}, ""valid/ssim_amp"": 0.7449828386306763}","{""azimuth_buffer"": 512, ""callbacks"": {""early_stopping"": {""_target_"": ""lightning.pytorch.callbacks.EarlyStopping"", ""check_finite"": true, ""check_on_train_epoch_end"": false, ""divergence_threshold"": null, ""min_delta"": 0, ""mode"": ""min"", ""monitor"": ""valid/loss"", ""patience"": 10, ""stopping_threshold"": null, ""strict"": true, ""verbose"": false}, ""model_checkpoint"": {""_target_"": ""lightning.pytorch.callbacks.ModelCheckpoint"", ""auto_insert_metric_name"": false, ""dirpath"": ""/lustre/projects/1001/rdelprete/MAYA_DC/logs/default/multiruns/2026-03-23_16-31-02/lmbda_100_seed_2/checkpoints"", ""every_n_epochs"": null, ""every_n_train_steps"": null, ""filename"": ""epoch_{epoch:03d}_loss_{valid/loss:.4f}"", ""mode"": ""min"", ""monitor"": ""valid/loss"", ""save_last"": true, ""save_on_train_epoch_end"": null, ""save_top_k"": 1, ""save_weights_only"": false, ""train_time_interval"": null, ""verbose"": false}, ""model_summary"": {""_target_"": ""lightning.pytorch.callbacks.RichModelSummary"", ""max_depth"": 2}, ""monitor_fix_patch"": {""verbose"": true}, ""monitor_fixed_patch"": {""_target_"": ""src.callbacks.monitor_fixed_patch.MonitorFixedPatch"", ""clip_factor"": 3, ""log_every_n_epochs"": 1, ""patch_json"": ""data/fixed_patches/s1c-s6-raw-s-vv-20250422t061414-20250422t061446-002002-0040d4.json"", ""verbose"": false}, ""monitor_val_recon"": {""_target_"": ""src.callbacks.monitor_val_reconstruction.MonitorValReconstruction"", ""clip_factor"": 3, ""log_every_n_epochs"": 1, ""num_images"": 3, ""verbose"": true}, ""rich_progress_bar"": {""_target_"": ""lightning.pytorch.callbacks.RichProgressBar""}, ""wandb_osh"": {""_target_"": ""wandb_osh.lightning_hooks.TriggerWandbSyncLightningCallback""}}, ""ckpt_path"": null, ""data"": {""_target_"": ""src.data.maya4_dir_datamodule.MAYA4DirDataModule"", ""azimuth_buffer"": 512, ""batch_size"": 4, ""max_products_test"": 2, ""max_products_train"": 10, ""max_products_val"": 2, ""num_workers"": 4, ""online"": false, ""patch_size"": [512, 512], ""pin_memory"": true, ""samples_per_prod"": 1000, ""test_dir"": ""/lustre/projects/1001/rdelprete/SSM/data/ssm_dataset/focused/PT3"", ""train_dir"": ""/lustre/projects/1001/rdelprete/SSM/data/ssm_dataset/focused/PT1"", ""val_dir"": ""/lustre/projects/1001/rdelprete/SSM/data/ssm_dataset/focused/PT2""}, ""determinism"": true, ""experiment_name"": ""rcmc_compress_baseline"", ""extras"": {""enforce_tags"": true, ""ignore_warnings"": false, ""print_config"": true}, ""lambda"": 100, ""logger"": {""wandb"": {""_target_"": ""lightning.pytorch.loggers.wandb.WandbLogger"", ""anonymous"": null, ""entity"": ""cedric-leonard"", ""group"": ""rcmc_grid"", ""id"": null, ""job_type"": """", ""log_model"": false, ""offline"": true, ""prefix"": """", ""project"": ""MAYA_DC"", ""save_dir"": ""/lustre/projects/1001/rdelprete/MAYA_DC/logs/default/multiruns/2026-03-23_16-31-02/lmbda_100_seed_2"", ""tags"": []}}, ""model"": {""_target_"": ""src.models.rcmc_compress_module.RCMCDCmodule"", ""aux_optimizer"": {""_partial_"": true, ""_target_"": ""torch.optim.Adam"", ""lr"": 0.001}, ""azimuth_buffer"": 512, ""compile"": false, ""criterion"": {""_target_"": ""src.models.components.losses.CompoundCompressionLoss"", ""azimuth_buffer"": 512, ""delta_coherence"": 1, ""delta_kde"": 1, ""lmbda"": 100, ""num_kde_bins"": 100, ""patch_size"": [512, 512]}, ""gradient_clip_norm"": 1, ""net"": {""_target_"": ""src.models.components.scale_hyperprior.ScaleHyperprior"", ""activation"": ""gdn"", ""nb_channels_latent"": 256, ""nb_channels_main"": 128, ""nb_input_channels"": 2}, ""net_optimizer"": {""_partial_"": true, ""_target_"": ""torch.optim.Adam"", ""betas"": [0.9, 0.999], ""lr"": 0.0001}, ""scheduler"": {""_partial_"": true, ""_target_"": ""torch.optim.lr_scheduler.ReduceLROnPlateau"", ""factor"": 0.5, ""mode"": ""min"", ""patience"": 5}, ""training_mode"": ""slc""}, ""model/params/non_trainable"": 0, ""model/params/total"": 5626626, ""model/params/trainable"": 5626626, ""patch_size"": [512, 512], ""paths"": {""data_dir"": ""/lustre/projects/1001/rdelprete/MAYA_DC/data/"", ""log_dir"": ""/lustre/projects/1001/rdelprete/MAYA_DC/logs/"", ""output_dir"": ""/lustre/projects/1001/rdelprete/MAYA_DC/logs/default/multiruns/2026-03-23_16-31-02/lmbda_100_seed_2"", ""root_dir"": ""/lustre/projects/1001/rdelprete/MAYA_DC"", ""work_dir"": ""/lustre/home/u10010007""}, ""seed"": 2, ""tags"": [""rcmc_compression"", ""scale_hyperprior"", ""maya4""], ""task_name"": ""default"", ""test"": true, ""train"": true, ""trainer"": {""_target_"": ""lightning.pytorch.trainer.Trainer"", ""accelerator"": ""gpu"", ""check_val_every_n_epoch"": 1, ""default_root_dir"": ""/lustre/projects/1001/rdelprete/MAYA_DC/logs/default/multiruns/2026-03-23_16-31-02/lmbda_100_seed_2"", ""deterministic"": false, ""devices"": 4, ""max_epochs"": 30, ""min_epochs"": 1, ""num_nodes"": 1, ""precision"": ""32-true"", ""strategy"": ""ddp_find_unused_parameters_true"", ""sync_batchnorm"": true}}"
vlwrb5b8,SHP-gdn_s2_L100_slc_buf512_Compound_lr0.0001_b4_10000p,finished,https://wandb.ai/cedric-leonard/MAYA_DC/runs/vlwrb5b8,2026-03-25T08:26:03Z,cedric-leonard,MAYA_DC,2.0,100.0,slc,512.0,src.models.components.scale_hyperprior.ScaleHyperprior,ScaleHyperprior,SHyp,gdn,GDN,src.data.maya4_dir_datamodule.MAYA4DirDataModule,MAYA4DirDataModule,MAYA4DirDataModule,src.models.components.losses.CompoundCompressionLoss,Compound,/lustre/projects/1001/rdelprete/MAYA_DC/logs/default/multiruns/2026-03-24_17-14-16_non_square/lmbda_100_seed_2,,True,rcmc_grid_non_square,"[""maya4"", ""rcmc_compression"", ""scale_hyperprior""]",SHyp-GDN | MAYA4DirDataModule | slc | nsk,"{""_runtime"": 5394, ""_step"": 150001, ""_timestamp"": 1774429646.7394977, ""epoch"": 30, ""fixed_patch/reconstruction"": {""_type"": ""image-file"", ""format"": ""png"", ""height"": 600, ""path"": ""media/images/fixed_patch/reconstruction_150000_7356e170986d017aec89.png"", ""sha256"": ""7356e170986d017aec89c08065333a0bb4b4a8aeb23ddae58274bacc6434ccb1"", ""size"": 1475378, ""width"": 2000}, ""test/aux"": 8.816710472106934, ""test/coherence"": 0.08265377581119537, ""test/complex_corr_mean"": 0.9173461198806764, ""test/complex_corr_std"": ""NaN"", ""test/distortion"": 0.17430025339126587, ""test/kde"": 0.03201255202293396, ""test/loss"": 19.74217414855957, ""test/mse"": 0.05963398888707161, ""test/phase_err_mean"": 0.07046769559383392, ""test/phase_err_std"": ""NaN"", ""test/psnr_amp"": 24.844392776489254, ""test/rate"": 2.312140464782715, ""test/ssim_amp"": 0.5929821729660034, ""train/aux"": 8.752429008483887, ""train/coherence"": 0.10418888926506042, ""train/distortion"": 0.23117950558662417, ""train/grad_norm_g_a"": 113.80745697021484, ""train/grad_norm_g_s"": 124.85504150390624, ""train/grad_norm_h_a"": 0.8446372747421265, ""train/grad_norm_h_s"": 0.06595875322818756, ""train/kde"": 0.02024189755320549, ""train/loss"": 25.45108413696289, ""train/lr"": 9.999999747378752e-05, ""train/mse"": 0.10674873739480972, ""train/rate"": 2.3331308364868164, ""trainer/global_step"": 75000, ""val_batch/coherence_loss"": 0.026792168617248535, ""val_batch/correlation_metric_mean"": 0.9732078313827516, ""val_batch/correlation_metric_std"": ""NaN"", ""val_batch/kde_loss"": 0.020453542470932007, ""val_batch/phase_error"": 0.01558750867843628, ""val_batch/psnr_slc"": 21.1536808013916, ""val_batch/reconstructions"": {""_type"": ""image-file"", ""format"": ""png"", ""height"": 1700, ""path"": ""media/images/val_batch/reconstructions_145051_60b19dc48c67d38ea86b.png"", ""sha256"": ""60b19dc48c67d38ea86b7e82f819c6ba58c0b110818d2cedaa604ef1475347fe"", ""size"": 1580664, ""width"": 500}, ""val_batch/ssim_slc"": 0.584708571434021, ""val_batch/x_hat_histogram"": {""_type"": ""histogram""}, ""valid/aux"": 9.406781196594238, ""valid/coherence"": 0.10992377996444702, ""valid/complex_corr_mean"": 0.8900761604309082, ""valid/complex_corr_std"": ""NaN"", ""valid/distortion"": 0.26455873250961304, ""valid/kde"": 0.03623732924461365, ""valid/loss"": 28.85737991333008, ""valid/mse"": 0.11839763820171356, ""valid/phase_err_mean"": 0.10096970200538637, ""valid/phase_err_std"": ""NaN"", ""valid/psnr_amp"": 27.77054214477539, ""valid/rate"": 2.4015121459960938, ""valid/rd_scatter_table"": {""_latest_artifact_path"": ""wandb-client-artifact://6njwd4sn84xhbn76x3fao99zgxxvgkbmhk113sfpp6sgkypyrbpdddooojrfw495yupzai7bcl5ybgyrsnhedvcj5iaghg0dkwrolkply2e5vyc6s5rbky49cbtuns3b:latest/valid/rd_scatter_table.table.json"", ""_type"": ""table-file"", ""artifact_path"": ""wandb-client-artifact://e40gutdpf86ulpsbgkrytf7p0m6rx5sag7gupci7xup5190h9gb1ht43j1n8uq47eznc72p84lcgojgz5wc3v5r4f426s4yhzvh6jkkh4v1h9qc3q78m5tq80e2f8qwd/valid/rd_scatter_table.table.json"", ""log_mode"": ""IMMUTABLE"", ""ncols"": 3, ""nrows"": 31, ""path"": ""media/table/valid/rd_scatter_table_150000_c13d63e57fa89bd03b1e.table.json"", ""sha256"": ""c13d63e57fa89bd03b1ee601bfb480f721310e5f059f5ef04dafc6ef9a6c2c2b"", ""size"": 1476}, ""valid/ssim_amp"": 0.5805613994598389}","{""azimuth_buffer"": 512, ""callbacks"": {""early_stopping"": {""_target_"": ""lightning.pytorch.callbacks.EarlyStopping"", ""check_finite"": true, ""check_on_train_epoch_end"": false, ""divergence_threshold"": null, ""min_delta"": 0, ""mode"": ""min"", ""monitor"": ""valid/loss"", ""patience"": 10, ""stopping_threshold"": null, ""strict"": true, ""verbose"": false}, ""model_checkpoint"": {""_target_"": ""lightning.pytorch.callbacks.ModelCheckpoint"", ""auto_insert_metric_name"": false, ""dirpath"": ""/lustre/projects/1001/rdelprete/MAYA_DC/logs/default/multiruns/2026-03-24_17-14-16_non_square/lmbda_100_seed_2/checkpoints"", ""every_n_epochs"": null, ""every_n_train_steps"": null, ""filename"": ""epoch_{epoch:03d}_loss_{valid/loss:.4f}"", ""mode"": ""min"", ""monitor"": ""valid/loss"", ""save_last"": true, ""save_on_train_epoch_end"": null, ""save_top_k"": 1, ""save_weights_only"": false, ""train_time_interval"": null, ""verbose"": false}, ""model_summary"": {""_target_"": ""lightning.pytorch.callbacks.RichModelSummary"", ""max_depth"": 2}, ""monitor_fix_patch"": {""verbose"": true}, ""monitor_fixed_patch"": {""_target_"": ""src.callbacks.monitor_fixed_patch.MonitorFixedPatch"", ""clip_factor"": 3, ""log_every_n_epochs"": 1, ""patch_json"": ""data/fixed_patches/s1c-s6-raw-s-vv-20250422t061414-20250422t061446-002002-0040d4.json"", ""verbose"": false}, ""monitor_val_recon"": {""_target_"": ""src.callbacks.monitor_val_reconstruction.MonitorValReconstruction"", ""clip_factor"": 3, ""log_every_n_epochs"": 1, ""num_images"": 3, ""verbose"": true}, ""rich_progress_bar"": {""_target_"": ""lightning.pytorch.callbacks.RichProgressBar""}, ""wandb_osh"": {""_target_"": ""wandb_osh.lightning_hooks.TriggerWandbSyncLightningCallback""}}, ""ckpt_path"": null, ""data"": {""_target_"": ""src.data.maya4_dir_datamodule.MAYA4DirDataModule"", ""azimuth_buffer"": 512, ""batch_size"": 4, ""max_products_test"": 2, ""max_products_train"": 10, ""max_products_val"": 2, ""num_workers"": 4, ""online"": false, ""patch_size"": [512, 512], ""pin_memory"": true, ""samples_per_prod"": 1000, ""test_dir"": ""/lustre/projects/1001/rdelprete/SSM/data/ssm_dataset/focused/PT3"", ""train_dir"": ""/lustre/projects/1001/rdelprete/SSM/data/ssm_dataset/focused/PT1"", ""val_dir"": ""/lustre/projects/1001/rdelprete/SSM/data/ssm_dataset/focused/PT2""}, ""determinism"": true, ""experiment_name"": ""rcmc_compress_baseline"", ""extras"": {""enforce_tags"": true, ""ignore_warnings"": false, ""print_config"": true}, ""lambda"": 100, ""logger"": {""wandb"": {""_target_"": ""lightning.pytorch.loggers.wandb.WandbLogger"", ""anonymous"": null, ""entity"": ""cedric-leonard"", ""group"": ""rcmc_grid_non_square"", ""id"": null, ""job_type"": """", ""log_model"": false, ""offline"": true, ""prefix"": """", ""project"": ""MAYA_DC"", ""save_dir"": ""/lustre/projects/1001/rdelprete/MAYA_DC/logs/default/multiruns/2026-03-24_17-14-16_non_square/lmbda_100_seed_2"", ""tags"": []}}, ""model"": {""_target_"": ""src.models.rcmc_compress_module.RCMCDCmodule"", ""aux_optimizer"": {""_partial_"": true, ""_target_"": ""torch.optim.Adam"", ""lr"": 0.001}, ""azimuth_buffer"": 512, ""compile"": false, ""criterion"": {""_target_"": ""src.models.components.losses.CompoundCompressionLoss"", ""azimuth_buffer"": 512, ""delta_coherence"": 1, ""delta_kde"": 1, ""lmbda"": 100, ""num_kde_bins"": 100, ""patch_size"": [512, 512]}, ""gradient_clip_norm"": 1, ""net"": {""_target_"": ""src.models.components.scale_hyperprior.ScaleHyperprior"", ""activation"": ""gdn"", ""nb_channels_latent"": 256, ""nb_channels_main"": 128, ""nb_input_channels"": 2, ""non_square_kernels"": true}, ""net_optimizer"": {""_partial_"": true, ""_target_"": ""torch.optim.Adam"", ""betas"": [0.9, 0.999], ""lr"": 0.0001}, ""scheduler"": {""_partial_"": true, ""_target_"": ""torch.optim.lr_scheduler.ReduceLROnPlateau"", ""factor"": 0.5, ""mode"": ""min"", ""patience"": 5}, ""training_mode"": ""slc""}, ""model/params/non_trainable"": 0, ""model/params/total"": 16662274, ""model/params/trainable"": 16662274, ""patch_size"": [512, 512], ""paths"": {""data_dir"": ""/lustre/projects/1001/rdelprete/MAYA_DC/data/"", ""log_dir"": ""/lustre/projects/1001/rdelprete/MAYA_DC/logs/"", ""output_dir"": ""/lustre/projects/1001/rdelprete/MAYA_DC/logs/default/multiruns/2026-03-24_17-14-16_non_square/lmbda_100_seed_2"", ""root_dir"": ""/lustre/projects/1001/rdelprete/MAYA_DC"", ""work_dir"": ""/lustre/home/u10010007""}, ""seed"": 2, ""tags"": [""rcmc_compression"", ""scale_hyperprior"", ""maya4""], ""task_name"": ""default"", ""test"": true, ""train"": true, ""trainer"": {""_target_"": ""lightning.pytorch.trainer.Trainer"", ""accelerator"": ""gpu"", ""check_val_every_n_epoch"": 1, ""default_root_dir"": ""/lustre/projects/1001/rdelprete/MAYA_DC/logs/default/multiruns/2026-03-24_17-14-16_non_square/lmbda_100_seed_2"", ""deterministic"": false, ""devices"": 4, ""max_epochs"": 30, ""min_epochs"": 1, ""num_nodes"": 1, ""precision"": ""32-true"", ""strategy"": ""ddp_find_unused_parameters_true"", ""sync_batchnorm"": true}}"
zvanurht,SHP-gdn_s0_L1000_slc_buf512_Compound_lr0.0001_b4_10000p,finished,https://wandb.ai/cedric-leonard/MAYA_DC/runs/zvanurht,2026-03-23T17:54:21Z,cedric-leonard,MAYA_DC,0.0,1000.0,slc,512.0,src.models.components.scale_hyperprior.ScaleHyperprior,ScaleHyperprior,SHyp,gdn,GDN,src.data.maya4_dir_datamodule.MAYA4DirDataModule,MAYA4DirDataModule,MAYA4DirDataModule,src.models.components.losses.CompoundCompressionLoss,Compound,/lustre/projects/1001/rdelprete/MAYA_DC/logs/default/multiruns/2026-03-23_16-31-02/lmbda_1000_seed_0,,False,rcmc_grid,"[""maya4"", ""rcmc_compression"", ""scale_hyperprior""]",SHyp-GDN | MAYA4DirDataModule | slc | sq,"{""_runtime"": 5540, ""_step"": 150001, ""_timestamp"": 1774293565.8813577, ""epoch"": 30, ""fixed_patch/reconstruction"": {""_type"": ""image-file"", ""format"": ""png"", ""height"": 600, ""path"": ""media/images/fixed_patch/reconstruction_150000_6e14c771f289d1d5e752.png"", ""sha256"": ""6e14c771f289d1d5e7529c2fb4ff6092ea63f517a1390ec16e6092c8aeff8799"", ""size"": 1452140, ""width"": 2000}, ""test/aux"": 7.366943836212158, ""test/coherence"": 0.04509580507874489, ""test/complex_corr_mean"": 0.954904317855835, ""test/complex_corr_std"": ""NaN"", ""test/distortion"": 0.1096329540014267, ""test/kde"": 0.031819749623537064, ""test/loss"": 113.02346801757812, ""test/mse"": 0.03271740674972534, ""test/phase_err_mean"": 0.04286616295576096, ""test/phase_err_std"": ""NaN"", ""test/psnr_amp"": 26.769493103027344, ""test/rate"": 3.3904972076416016, ""test/ssim_amp"": 0.7619173526763916, ""train/aux"": 7.7606520652771, ""train/coherence"": 0.03418107330799103, ""train/distortion"": 0.06874464452266693, ""train/grad_norm_g_a"": 302.6526794433594, ""train/grad_norm_g_s"": 777.5675659179688, ""train/grad_norm_h_a"": 0.1070191040635109, ""train/grad_norm_h_s"": 0.01992460899055004, ""train/kde"": 0.012488000094890594, ""train/loss"": 71.63885498046875, ""train/lr"": 9.999999747378752e-05, ""train/mse"": 0.02207556739449501, ""train/rate"": 2.8942177295684814, ""trainer/global_step"": 75000, ""val_batch/coherence_loss"": 0.015392124652862549, ""val_batch/correlation_metric_mean"": 0.9846078753471376, ""val_batch/correlation_metric_std"": ""NaN"", ""val_batch/kde_loss"": 0.02538774535059929, ""val_batch/phase_error"": 0.009106934070587158, ""val_batch/psnr_slc"": 22.36710548400879, ""val_batch/reconstructions"": {""_type"": ""image-file"", ""format"": ""png"", ""height"": 1700, ""path"": ""media/images/val_batch/reconstructions_145051_1d76ac8d6dcb91fa807a.png"", ""sha256"": ""1d76ac8d6dcb91fa807a07aebcc67ddf64f32475c2c38c05d06c1ef5e95c294a"", ""size"": 1624633, ""width"": 500}, ""val_batch/ssim_slc"": 0.7655131816864014, ""val_batch/x_hat_histogram"": {""_type"": ""histogram""}, ""valid/aux"": 7.366943836212158, ""valid/coherence"": 0.06191764771938324, ""valid/complex_corr_mean"": 0.9380826354026794, ""valid/complex_corr_std"": ""NaN"", ""valid/distortion"": 0.16321192681789398, ""valid/kde"": 0.03180435672402382, ""valid/loss"": 166.72698974609375, ""valid/mse"": 0.06948990374803543, ""valid/phase_err_mean"": 0.06605993211269379, ""valid/phase_err_std"": ""NaN"", ""valid/psnr_amp"": 29.654340744018555, ""valid/rate"": 3.515019178390503, ""valid/rd_scatter_table"": {""_latest_artifact_path"": ""wandb-client-artifact://eudlpbohk2g3z4xhpu47w69qjfyihj117bg7ivbjea3tovqavd1yvgh3fm8eahh15fkpu87jp6x93015cvvr1jhzom2ecbe4tj5zvj7g6q5jgaahmudkoyphx524q8n3:latest/valid/rd_scatter_table.table.json"", ""_type"": ""table-file"", ""artifact_path"": ""wandb-client-artifact://574cikto3wif8mmygw0cel7v1zjpsm28v5ext56kpmsrxqpis93p4aelxvdvve8jcyoxib7tvbov3eodqakdnwtdw6a8e3sqg3vku5jffjjkpvs51kl6d8ts19tbhx9l/valid/rd_scatter_table.table.json"", ""log_mode"": ""IMMUTABLE"", ""ncols"": 3, ""nrows"": 31, ""path"": ""media/table/valid/rd_scatter_table_150000_c286b2d6d381a9491cea.table.json"", ""sha256"": ""c286b2d6d381a9491ceab203b4effe3d7d1ac4145339041b6a0875c83ea6134e"", ""size"": 1471}, ""valid/ssim_amp"": 0.7435255646705627}","{""azimuth_buffer"": 512, ""callbacks"": {""early_stopping"": {""_target_"": ""lightning.pytorch.callbacks.EarlyStopping"", ""check_finite"": true, ""check_on_train_epoch_end"": false, ""divergence_threshold"": null, ""min_delta"": 0, ""mode"": ""min"", ""monitor"": ""valid/loss"", ""patience"": 10, ""stopping_threshold"": null, ""strict"": true, ""verbose"": false}, ""model_checkpoint"": {""_target_"": ""lightning.pytorch.callbacks.ModelCheckpoint"", ""auto_insert_metric_name"": false, ""dirpath"": ""/lustre/projects/1001/rdelprete/MAYA_DC/logs/default/multiruns/2026-03-23_16-31-02/lmbda_1000_seed_0/checkpoints"", ""every_n_epochs"": null, ""every_n_train_steps"": null, ""filename"": ""epoch_{epoch:03d}_loss_{valid/loss:.4f}"", ""mode"": ""min"", ""monitor"": ""valid/loss"", ""save_last"": true, ""save_on_train_epoch_end"": null, ""save_top_k"": 1, ""save_weights_only"": false, ""train_time_interval"": null, ""verbose"": false}, ""model_summary"": {""_target_"": ""lightning.pytorch.callbacks.RichModelSummary"", ""max_depth"": 2}, ""monitor_fix_patch"": {""verbose"": true}, ""monitor_fixed_patch"": {""_target_"": ""src.callbacks.monitor_fixed_patch.MonitorFixedPatch"", ""clip_factor"": 3, ""log_every_n_epochs"": 1, ""patch_json"": ""data/fixed_patches/s1c-s6-raw-s-vv-20250422t061414-20250422t061446-002002-0040d4.json"", ""verbose"": false}, ""monitor_val_recon"": {""_target_"": ""src.callbacks.monitor_val_reconstruction.MonitorValReconstruction"", ""clip_factor"": 3, ""log_every_n_epochs"": 1, ""num_images"": 3, ""verbose"": true}, ""rich_progress_bar"": {""_target_"": ""lightning.pytorch.callbacks.RichProgressBar""}, ""wandb_osh"": {""_target_"": ""wandb_osh.lightning_hooks.TriggerWandbSyncLightningCallback""}}, ""ckpt_path"": null, ""data"": {""_target_"": ""src.data.maya4_dir_datamodule.MAYA4DirDataModule"", ""azimuth_buffer"": 512, ""batch_size"": 4, ""max_products_test"": 2, ""max_products_train"": 10, ""max_products_val"": 2, ""num_workers"": 4, ""online"": false, ""patch_size"": [512, 512], ""pin_memory"": true, ""samples_per_prod"": 1000, ""test_dir"": ""/lustre/projects/1001/rdelprete/SSM/data/ssm_dataset/focused/PT3"", ""train_dir"": ""/lustre/projects/1001/rdelprete/SSM/data/ssm_dataset/focused/PT1"", ""val_dir"": ""/lustre/projects/1001/rdelprete/SSM/data/ssm_dataset/focused/PT2""}, ""determinism"": true, ""experiment_name"": ""rcmc_compress_baseline"", ""extras"": {""enforce_tags"": true, ""ignore_warnings"": false, ""print_config"": true}, ""lambda"": 1000, ""logger"": {""wandb"": {""_target_"": ""lightning.pytorch.loggers.wandb.WandbLogger"", ""anonymous"": null, ""entity"": ""cedric-leonard"", ""group"": ""rcmc_grid"", ""id"": null, ""job_type"": """", ""log_model"": false, ""offline"": true, ""prefix"": """", ""project"": ""MAYA_DC"", ""save_dir"": ""/lustre/projects/1001/rdelprete/MAYA_DC/logs/default/multiruns/2026-03-23_16-31-02/lmbda_1000_seed_0"", ""tags"": []}}, ""model"": {""_target_"": ""src.models.rcmc_compress_module.RCMCDCmodule"", ""aux_optimizer"": {""_partial_"": true, ""_target_"": ""torch.optim.Adam"", ""lr"": 0.001}, ""azimuth_buffer"": 512, ""compile"": false, ""criterion"": {""_target_"": ""src.models.components.losses.CompoundCompressionLoss"", ""azimuth_buffer"": 512, ""delta_coherence"": 1, ""delta_kde"": 1, ""lmbda"": 1000, ""num_kde_bins"": 100, ""patch_size"": [512, 512]}, ""gradient_clip_norm"": 1, ""net"": {""_target_"": ""src.models.components.scale_hyperprior.ScaleHyperprior"", ""activation"": ""gdn"", ""nb_channels_latent"": 256, ""nb_channels_main"": 128, ""nb_input_channels"": 2}, ""net_optimizer"": {""_partial_"": true, ""_target_"": ""torch.optim.Adam"", ""betas"": [0.9, 0.999], ""lr"": 0.0001}, ""scheduler"": {""_partial_"": true, ""_target_"": ""torch.optim.lr_scheduler.ReduceLROnPlateau"", ""factor"": 0.5, ""mode"": ""min"", ""patience"": 5}, ""training_mode"": ""slc""}, ""model/params/non_trainable"": 0, ""model/params/total"": 5626626, ""model/params/trainable"": 5626626, ""patch_size"": [512, 512], ""paths"": {""data_dir"": ""/lustre/projects/1001/rdelprete/MAYA_DC/data/"", ""log_dir"": ""/lustre/projects/1001/rdelprete/MAYA_DC/logs/"", ""output_dir"": ""/lustre/projects/1001/rdelprete/MAYA_DC/logs/default/multiruns/2026-03-23_16-31-02/lmbda_1000_seed_0"", ""root_dir"": ""/lustre/projects/1001/rdelprete/MAYA_DC"", ""work_dir"": ""/lustre/home/u10010007""}, ""seed"": 0, ""tags"": [""rcmc_compression"", ""scale_hyperprior"", ""maya4""], ""task_name"": ""default"", ""test"": true, ""train"": true, ""trainer"": {""_target_"": ""lightning.pytorch.trainer.Trainer"", ""accelerator"": ""gpu"", ""check_val_every_n_epoch"": 1, ""default_root_dir"": ""/lustre/projects/1001/rdelprete/MAYA_DC/logs/default/multiruns/2026-03-23_16-31-02/lmbda_1000_seed_0"", ""deterministic"": false, ""devices"": 4, ""max_epochs"": 30, ""min_epochs"": 1, ""num_nodes"": 1, ""precision"": ""32-true"", ""strategy"": ""ddp_find_unused_parameters_true"", ""sync_batchnorm"": true}}"
g0gzmmpy,SHP-gdn_s0_L1000_slc_buf512_Compound_lr0.0001_b4_10000p,finished,https://wandb.ai/cedric-leonard/MAYA_DC/runs/g0gzmmpy,2026-03-25T08:57:53Z,cedric-leonard,MAYA_DC,0.0,1000.0,slc,512.0,src.models.components.scale_hyperprior.ScaleHyperprior,ScaleHyperprior,SHyp,gdn,GDN,src.data.maya4_dir_datamodule.MAYA4DirDataModule,MAYA4DirDataModule,MAYA4DirDataModule,src.models.components.losses.CompoundCompressionLoss,Compound,/lustre/projects/1001/rdelprete/MAYA_DC/logs/default/multiruns/2026-03-24_17-14-16_non_square/lmbda_1000_seed_0,,True,rcmc_grid_non_square,"[""maya4"", ""rcmc_compression"", ""scale_hyperprior""]",SHyp-GDN | MAYA4DirDataModule | slc | nsk,"{""_runtime"": 5391, ""_step"": 150001, ""_timestamp"": 1774430863.835041, ""epoch"": 30, ""fixed_patch/reconstruction"": {""_type"": ""image-file"", ""format"": ""png"", ""height"": 600, ""path"": ""media/images/fixed_patch/reconstruction_150000_ab3b80f330a2db116704.png"", ""sha256"": ""ab3b80f330a2db11670481b94e7e2d27f1cdf7a94e62faec8a2baf5f3816bf07"", ""size"": 1473057, ""width"": 2000}, ""test/aux"": 5.114281177520752, ""test/coherence"": 0.08266236633062363, ""test/complex_corr_mean"": 0.9173375964164734, ""test/complex_corr_std"": ""NaN"", ""test/distortion"": 0.1738293319940567, ""test/kde"": 0.03163551539182663, ""test/loss"": 176.8046875, ""test/mse"": 0.05953145772218704, ""test/phase_err_mean"": 0.07022647559642792, ""test/phase_err_std"": ""NaN"", ""test/psnr_amp"": 24.859561920166016, ""test/rate"": 2.975303649902344, ""test/ssim_amp"": 0.5918900966644287, ""train/aux"": 4.969104766845703, ""train/coherence"": 0.059174567461013794, ""train/distortion"": 0.11277957260608672, ""train/grad_norm_g_a"": 397.2031555175781, ""train/grad_norm_g_s"": 589.3854370117188, ""train/grad_norm_h_a"": 0.7445905208587646, ""train/grad_norm_h_s"": 0.061020445078611374, ""train/kde"": 0.015427444130182266, ""train/loss"": 115.34996032714844, ""train/lr"": 9.999999747378752e-05, ""train/mse"": 0.03817756474018097, ""train/rate"": 2.570390224456787, ""trainer/global_step"": 75000, ""val_batch/coherence_loss"": 0.02730637788772583, ""val_batch/correlation_metric_mean"": 0.9726936221122742, ""val_batch/correlation_metric_std"": ""NaN"", ""val_batch/kde_loss"": 0.03017736040055752, ""val_batch/phase_error"": 0.01606440544128418, ""val_batch/psnr_slc"": 21.112552642822266, ""val_batch/reconstructions"": {""_type"": ""image-file"", ""format"": ""png"", ""height"": 1700, ""path"": ""media/images/val_batch/reconstructions_145051_8b2f4de437548424ef22.png"", ""sha256"": ""8b2f4de437548424ef22dd420673adec714ed4729c390c493da6064ed29f8ec7"", ""size"": 1584538, ""width"": 500}, ""val_batch/ssim_slc"": 0.5997005701065063, ""val_batch/x_hat_histogram"": {""_type"": ""histogram""}, ""valid/aux"": 5.02536678314209, ""valid/coherence"": 0.110617995262146, ""valid/complex_corr_mean"": 0.8893819451332092, ""valid/complex_corr_std"": ""NaN"", ""valid/distortion"": 0.2642804682254791, ""valid/kde"": 0.03438245505094528, ""valid/loss"": 267.377197265625, ""valid/mse"": 0.11927999556064606, ""valid/phase_err_mean"": 0.101618230342865, ""valid/phase_err_std"": ""NaN"", ""valid/psnr_amp"": 27.78272819519043, ""valid/rate"": 3.0966954231262207, ""valid/rd_scatter_table"": {""_latest_artifact_path"": ""wandb-client-artifact://x65357lrtgs7rg8836qjuuwyfyidn8m9e0c1rk11uovqe3y1jmyx8s6nv9xujrm6rwso0hr3mcv3thnii5bsm6zn7fse5yjhnqddahdweallaw03tico08rgdhk4n368:latest/valid/rd_scatter_table.table.json"", ""_type"": ""table-file"", ""artifact_path"": ""wandb-client-artifact://qxrak6dokmxr7gir2q1y78opk73aknn28jg0mqirl3gt9ranzfqjmm3ogcmnzbyynbk68h9glsuzy4qkqibwvv0zxcnlqb87zulgmw98n917ejn2wockflwq2zra4ydy/valid/rd_scatter_table.table.json"", ""log_mode"": ""IMMUTABLE"", ""ncols"": 3, ""nrows"": 31, ""path"": ""media/table/valid/rd_scatter_table_150000_99ebfa73f4ff576999d8.table.json"", ""sha256"": ""99ebfa73f4ff576999d8dbb53d426095a82bcaf287956984dd700d67949313e1"", ""size"": 1462}, ""valid/ssim_amp"": 0.579499363899231}","{""azimuth_buffer"": 512, ""callbacks"": {""early_stopping"": {""_target_"": ""lightning.pytorch.callbacks.EarlyStopping"", ""check_finite"": true, ""check_on_train_epoch_end"": false, ""divergence_threshold"": null, ""min_delta"": 0, ""mode"": ""min"", ""monitor"": ""valid/loss"", ""patience"": 10, ""stopping_threshold"": null, ""strict"": true, ""verbose"": false}, ""model_checkpoint"": {""_target_"": ""lightning.pytorch.callbacks.ModelCheckpoint"", ""auto_insert_metric_name"": false, ""dirpath"": ""/lustre/projects/1001/rdelprete/MAYA_DC/logs/default/multiruns/2026-03-24_17-14-16_non_square/lmbda_1000_seed_0/checkpoints"", ""every_n_epochs"": null, ""every_n_train_steps"": null, ""filename"": ""epoch_{epoch:03d}_loss_{valid/loss:.4f}"", ""mode"": ""min"", ""monitor"": ""valid/loss"", ""save_last"": true, ""save_on_train_epoch_end"": null, ""save_top_k"": 1, ""save_weights_only"": false, ""train_time_interval"": null, ""verbose"": false}, ""model_summary"": {""_target_"": ""lightning.pytorch.callbacks.RichModelSummary"", ""max_depth"": 2}, ""monitor_fix_patch"": {""verbose"": true}, ""monitor_fixed_patch"": {""_target_"": ""src.callbacks.monitor_fixed_patch.MonitorFixedPatch"", ""clip_factor"": 3, ""log_every_n_epochs"": 1, ""patch_json"": ""data/fixed_patches/s1c-s6-raw-s-vv-20250422t061414-20250422t061446-002002-0040d4.json"", ""verbose"": false}, ""monitor_val_recon"": {""_target_"": ""src.callbacks.monitor_val_reconstruction.MonitorValReconstruction"", ""clip_factor"": 3, ""log_every_n_epochs"": 1, ""num_images"": 3, ""verbose"": true}, ""rich_progress_bar"": {""_target_"": ""lightning.pytorch.callbacks.RichProgressBar""}, ""wandb_osh"": {""_target_"": ""wandb_osh.lightning_hooks.TriggerWandbSyncLightningCallback""}}, ""ckpt_path"": null, ""data"": {""_target_"": ""src.data.maya4_dir_datamodule.MAYA4DirDataModule"", ""azimuth_buffer"": 512, ""batch_size"": 4, ""max_products_test"": 2, ""max_products_train"": 10, ""max_products_val"": 2, ""num_workers"": 4, ""online"": false, ""patch_size"": [512, 512], ""pin_memory"": true, ""samples_per_prod"": 1000, ""test_dir"": ""/lustre/projects/1001/rdelprete/SSM/data/ssm_dataset/focused/PT3"", ""train_dir"": ""/lustre/projects/1001/rdelprete/SSM/data/ssm_dataset/focused/PT1"", ""val_dir"": ""/lustre/projects/1001/rdelprete/SSM/data/ssm_dataset/focused/PT2""}, ""determinism"": true, ""experiment_name"": ""rcmc_compress_baseline"", ""extras"": {""enforce_tags"": true, ""ignore_warnings"": false, ""print_config"": true}, ""lambda"": 1000, ""logger"": {""wandb"": {""_target_"": ""lightning.pytorch.loggers.wandb.WandbLogger"", ""anonymous"": null, ""entity"": ""cedric-leonard"", ""group"": ""rcmc_grid_non_square"", ""id"": null, ""job_type"": """", ""log_model"": false, ""offline"": true, ""prefix"": """", ""project"": ""MAYA_DC"", ""save_dir"": ""/lustre/projects/1001/rdelprete/MAYA_DC/logs/default/multiruns/2026-03-24_17-14-16_non_square/lmbda_1000_seed_0"", ""tags"": []}}, ""model"": {""_target_"": ""src.models.rcmc_compress_module.RCMCDCmodule"", ""aux_optimizer"": {""_partial_"": true, ""_target_"": ""torch.optim.Adam"", ""lr"": 0.001}, ""azimuth_buffer"": 512, ""compile"": false, ""criterion"": {""_target_"": ""src.models.components.losses.CompoundCompressionLoss"", ""azimuth_buffer"": 512, ""delta_coherence"": 1, ""delta_kde"": 1, ""lmbda"": 1000, ""num_kde_bins"": 100, ""patch_size"": [512, 512]}, ""gradient_clip_norm"": 1, ""net"": {""_target_"": ""src.models.components.scale_hyperprior.ScaleHyperprior"", ""activation"": ""gdn"", ""nb_channels_latent"": 256, ""nb_channels_main"": 128, ""nb_input_channels"": 2, ""non_square_kernels"": true}, ""net_optimizer"": {""_partial_"": true, ""_target_"": ""torch.optim.Adam"", ""betas"": [0.9, 0.999], ""lr"": 0.0001}, ""scheduler"": {""_partial_"": true, ""_target_"": ""torch.optim.lr_scheduler.ReduceLROnPlateau"", ""factor"": 0.5, ""mode"": ""min"", ""patience"": 5}, ""training_mode"": ""slc""}, ""model/params/non_trainable"": 0, ""model/params/total"": 16662274, ""model/params/trainable"": 16662274, ""patch_size"": [512, 512], ""paths"": {""data_dir"": ""/lustre/projects/1001/rdelprete/MAYA_DC/data/"", ""log_dir"": ""/lustre/projects/1001/rdelprete/MAYA_DC/logs/"", ""output_dir"": ""/lustre/projects/1001/rdelprete/MAYA_DC/logs/default/multiruns/2026-03-24_17-14-16_non_square/lmbda_1000_seed_0"", ""root_dir"": ""/lustre/projects/1001/rdelprete/MAYA_DC"", ""work_dir"": ""/lustre/home/u10010007""}, ""seed"": 0, ""tags"": [""rcmc_compression"", ""scale_hyperprior"", ""maya4""], ""task_name"": ""default"", ""test"": true, ""train"": true, ""trainer"": {""_target_"": ""lightning.pytorch.trainer.Trainer"", ""accelerator"": ""gpu"", ""check_val_every_n_epoch"": 1, ""default_root_dir"": ""/lustre/projects/1001/rdelprete/MAYA_DC/logs/default/multiruns/2026-03-24_17-14-16_non_square/lmbda_1000_seed_0"", ""deterministic"": false, ""devices"": 4, ""max_epochs"": 30, ""min_epochs"": 1, ""num_nodes"": 1, ""precision"": ""32-true"", ""strategy"": ""ddp_find_unused_parameters_true"", ""sync_batchnorm"": true}}"
di90iofy,SHP-gdn_s1_L1000_slc_buf512_Compound_lr0.0001_b4_10000p,finished,https://wandb.ai/cedric-leonard/MAYA_DC/runs/di90iofy,2026-03-23T18:07:46Z,cedric-leonard,MAYA_DC,1.0,1000.0,slc,512.0,src.models.components.scale_hyperprior.ScaleHyperprior,ScaleHyperprior,SHyp,gdn,GDN,src.data.maya4_dir_datamodule.MAYA4DirDataModule,MAYA4DirDataModule,MAYA4DirDataModule,src.models.components.losses.CompoundCompressionLoss,Compound,/lustre/projects/1001/rdelprete/MAYA_DC/logs/default/multiruns/2026-03-23_16-31-02/lmbda_1000_seed_1,,False,rcmc_grid,"[""maya4"", ""rcmc_compression"", ""scale_hyperprior""]",SHyp-GDN | MAYA4DirDataModule | slc | sq,"{""_runtime"": 4805, ""_step"": 150001, ""_timestamp"": 1774293119.2810085, ""epoch"": 30, ""fixed_patch/reconstruction"": {""_type"": ""image-file"", ""format"": ""png"", ""height"": 600, ""path"": ""media/images/fixed_patch/reconstruction_150000_66e874054d8c7c1f31bb.png"", ""sha256"": ""66e874054d8c7c1f31bbcb3eba2ac7b6fcf726bafecda761a60c96f0496ed0a8"", ""size"": 1455049, ""width"": 2000}, ""test/aux"": 4.7596259117126465, ""test/coherence"": 0.04759835824370384, ""test/complex_corr_mean"": 0.9524017572402954, ""test/complex_corr_std"": ""NaN"", ""test/distortion"": 0.11415012925863266, ""test/kde"": 0.032163724303245544, ""test/loss"": 117.44902801513672, ""test/mse"": 0.034388039261102676, ""test/phase_err_mean"": 0.04454946145415306, ""test/phase_err_std"": ""NaN"", ""test/psnr_amp"": 26.62318420410156, ""test/rate"": 3.2989470958709717, ""test/ssim_amp"": 0.7492991089820862, ""train/aux"": 5.051875114440918, ""train/coherence"": 0.0681685209274292, ""train/distortion"": 0.16966742277145386, ""train/grad_norm_g_a"": 484.2664489746094, ""train/grad_norm_g_s"": 633.4789428710938, ""train/grad_norm_h_a"": 1.3298555612564087, ""train/grad_norm_h_s"": 0.1878262311220169, ""train/kde"": 0.032951436936855316, ""train/loss"": 172.8093719482422, ""train/lr"": 9.999999747378752e-05, ""train/mse"": 0.06854744255542755, ""train/rate"": 3.141958475112915, ""trainer/global_step"": 75000, ""val_batch/coherence_loss"": 0.017103195190429688, ""val_batch/correlation_metric_mean"": 0.9828968048095704, ""val_batch/correlation_metric_std"": ""NaN"", ""val_batch/kde_loss"": 0.022093085572123528, ""val_batch/phase_error"": 0.010154545307159424, ""val_batch/psnr_slc"": 22.16822624206543, ""val_batch/reconstructions"": {""_type"": ""image-file"", ""format"": ""png"", ""height"": 1700, ""path"": ""media/images/val_batch/reconstructions_145051_ebff6fd1c58563552243.png"", ""sha256"": ""ebff6fd1c585635522439aa1cc93377c2259ae3a5ede31d8adc29dc352633d47"", ""size"": 1617586, ""width"": 500}, ""val_batch/ssim_slc"": 0.7397866249084473, ""val_batch/x_hat_histogram"": {""_type"": ""histogram""}, ""valid/aux"": 4.7596259117126465, ""valid/coherence"": 0.06521260738372803, ""valid/complex_corr_mean"": 0.9347875714302064, ""valid/complex_corr_std"": ""NaN"", ""valid/distortion"": 0.16456620395183563, ""valid/kde"": 0.02677478827536106, ""valid/loss"": 167.98495483398438, ""valid/mse"": 0.0725788101553917, ""valid/phase_err_mean"": 0.06816792488098145, ""valid/phase_err_std"": ""NaN"", ""valid/psnr_amp"": 29.50274658203125, ""valid/rate"": 3.418755292892456, ""valid/rd_scatter_table"": {""_latest_artifact_path"": ""wandb-client-artifact://1fwpmt7s2n9rncc6nbfhpskoqoy5w0p76k90ljw2futnq0x0uu1wivqr7ro0ncsjlfaagpizs7lnlodwuevfuqqye2ivpmwmtj66nm77bhpt9kjgm88x9phj71vxy6f8:latest/valid/rd_scatter_table.table.json"", ""_type"": ""table-file"", ""artifact_path"": ""wandb-client-artifact://k024zm726jntgiwat669eunc9k9djg9tmgyx7boweqz9a9sqyr686hrgdl0dvlivjqe2a8kjnjf5hxsrd7bsg93g5yg83gek8ttdn3sutzplx69vwv7mhmu6pd0tyhzm/valid/rd_scatter_table.table.json"", ""log_mode"": ""IMMUTABLE"", ""ncols"": 3, ""nrows"": 31, ""path"": ""media/table/valid/rd_scatter_table_150000_5206b7b0dcb5b584da8a.table.json"", ""sha256"": ""5206b7b0dcb5b584da8afec99a0e68de3c55fdb80cb81c21a2d4c38590a227d4"", ""size"": 1475}, ""valid/ssim_amp"": 0.7307615280151367}","{""azimuth_buffer"": 512, ""callbacks"": {""early_stopping"": {""_target_"": ""lightning.pytorch.callbacks.EarlyStopping"", ""check_finite"": true, ""check_on_train_epoch_end"": false, ""divergence_threshold"": null, ""min_delta"": 0, ""mode"": ""min"", ""monitor"": ""valid/loss"", ""patience"": 10, ""stopping_threshold"": null, ""strict"": true, ""verbose"": false}, ""model_checkpoint"": {""_target_"": ""lightning.pytorch.callbacks.ModelCheckpoint"", ""auto_insert_metric_name"": false, ""dirpath"": ""/lustre/projects/1001/rdelprete/MAYA_DC/logs/default/multiruns/2026-03-23_16-31-02/lmbda_1000_seed_1/checkpoints"", ""every_n_epochs"": null, ""every_n_train_steps"": null, ""filename"": ""epoch_{epoch:03d}_loss_{valid/loss:.4f}"", ""mode"": ""min"", ""monitor"": ""valid/loss"", ""save_last"": true, ""save_on_train_epoch_end"": null, ""save_top_k"": 1, ""save_weights_only"": false, ""train_time_interval"": null, ""verbose"": false}, ""model_summary"": {""_target_"": ""lightning.pytorch.callbacks.RichModelSummary"", ""max_depth"": 2}, ""monitor_fix_patch"": {""verbose"": true}, ""monitor_fixed_patch"": {""_target_"": ""src.callbacks.monitor_fixed_patch.MonitorFixedPatch"", ""clip_factor"": 3, ""log_every_n_epochs"": 1, ""patch_json"": ""data/fixed_patches/s1c-s6-raw-s-vv-20250422t061414-20250422t061446-002002-0040d4.json"", ""verbose"": false}, ""monitor_val_recon"": {""_target_"": ""src.callbacks.monitor_val_reconstruction.MonitorValReconstruction"", ""clip_factor"": 3, ""log_every_n_epochs"": 1, ""num_images"": 3, ""verbose"": true}, ""rich_progress_bar"": {""_target_"": ""lightning.pytorch.callbacks.RichProgressBar""}, ""wandb_osh"": {""_target_"": ""wandb_osh.lightning_hooks.TriggerWandbSyncLightningCallback""}}, ""ckpt_path"": null, ""data"": {""_target_"": ""src.data.maya4_dir_datamodule.MAYA4DirDataModule"", ""azimuth_buffer"": 512, ""batch_size"": 4, ""max_products_test"": 2, ""max_products_train"": 10, ""max_products_val"": 2, ""num_workers"": 4, ""online"": false, ""patch_size"": [512, 512], ""pin_memory"": true, ""samples_per_prod"": 1000, ""test_dir"": ""/lustre/projects/1001/rdelprete/SSM/data/ssm_dataset/focused/PT3"", ""train_dir"": ""/lustre/projects/1001/rdelprete/SSM/data/ssm_dataset/focused/PT1"", ""val_dir"": ""/lustre/projects/1001/rdelprete/SSM/data/ssm_dataset/focused/PT2""}, ""determinism"": true, ""experiment_name"": ""rcmc_compress_baseline"", ""extras"": {""enforce_tags"": true, ""ignore_warnings"": false, ""print_config"": true}, ""lambda"": 1000, ""logger"": {""wandb"": {""_target_"": ""lightning.pytorch.loggers.wandb.WandbLogger"", ""anonymous"": null, ""entity"": ""cedric-leonard"", ""group"": ""rcmc_grid"", ""id"": null, ""job_type"": """", ""log_model"": false, ""offline"": true, ""prefix"": """", ""project"": ""MAYA_DC"", ""save_dir"": ""/lustre/projects/1001/rdelprete/MAYA_DC/logs/default/multiruns/2026-03-23_16-31-02/lmbda_1000_seed_1"", ""tags"": []}}, ""model"": {""_target_"": ""src.models.rcmc_compress_module.RCMCDCmodule"", ""aux_optimizer"": {""_partial_"": true, ""_target_"": ""torch.optim.Adam"", ""lr"": 0.001}, ""azimuth_buffer"": 512, ""compile"": false, ""criterion"": {""_target_"": ""src.models.components.losses.CompoundCompressionLoss"", ""azimuth_buffer"": 512, ""delta_coherence"": 1, ""delta_kde"": 1, ""lmbda"": 1000, ""num_kde_bins"": 100, ""patch_size"": [512, 512]}, ""gradient_clip_norm"": 1, ""net"": {""_target_"": ""src.models.components.scale_hyperprior.ScaleHyperprior"", ""activation"": ""gdn"", ""nb_channels_latent"": 256, ""nb_channels_main"": 128, ""nb_input_channels"": 2}, ""net_optimizer"": {""_partial_"": true, ""_target_"": ""torch.optim.Adam"", ""betas"": [0.9, 0.999], ""lr"": 0.0001}, ""scheduler"": {""_partial_"": true, ""_target_"": ""torch.optim.lr_scheduler.ReduceLROnPlateau"", ""factor"": 0.5, ""mode"": ""min"", ""patience"": 5}, ""training_mode"": ""slc""}, ""model/params/non_trainable"": 0, ""model/params/total"": 5626626, ""model/params/trainable"": 5626626, ""patch_size"": [512, 512], ""paths"": {""data_dir"": ""/lustre/projects/1001/rdelprete/MAYA_DC/data/"", ""log_dir"": ""/lustre/projects/1001/rdelprete/MAYA_DC/logs/"", ""output_dir"": ""/lustre/projects/1001/rdelprete/MAYA_DC/logs/default/multiruns/2026-03-23_16-31-02/lmbda_1000_seed_1"", ""root_dir"": ""/lustre/projects/1001/rdelprete/MAYA_DC"", ""work_dir"": ""/lustre/home/u10010007""}, ""seed"": 1, ""tags"": [""rcmc_compression"", ""scale_hyperprior"", ""maya4""], ""task_name"": ""default"", ""test"": true, ""train"": true, ""trainer"": {""_target_"": ""lightning.pytorch.trainer.Trainer"", ""accelerator"": ""gpu"", ""check_val_every_n_epoch"": 1, ""default_root_dir"": ""/lustre/projects/1001/rdelprete/MAYA_DC/logs/default/multiruns/2026-03-23_16-31-02/lmbda_1000_seed_1"", ""deterministic"": false, ""devices"": 4, ""max_epochs"": 30, ""min_epochs"": 1, ""num_nodes"": 1, ""precision"": ""32-true"", ""strategy"": ""ddp_find_unused_parameters_true"", ""sync_batchnorm"": true}}"
ggztgj10,SHP-gdn_s1_L1000_slc_buf512_Compound_lr0.0001_b4_10000p,finished,https://wandb.ai/cedric-leonard/MAYA_DC/runs/ggztgj10,2026-03-25T08:25:05Z,cedric-leonard,MAYA_DC,1.0,1000.0,slc,512.0,src.models.components.scale_hyperprior.ScaleHyperprior,ScaleHyperprior,SHyp,gdn,GDN,src.data.maya4_dir_datamodule.MAYA4DirDataModule,MAYA4DirDataModule,MAYA4DirDataModule,src.models.components.losses.CompoundCompressionLoss,Compound,/lustre/projects/1001/rdelprete/MAYA_DC/logs/default/multiruns/2026-03-24_17-14-16_non_square/lmbda_1000_seed_1,,True,rcmc_grid_non_square,"[""maya4"", ""rcmc_compression"", ""scale_hyperprior""]",SHyp-GDN | MAYA4DirDataModule | slc | nsk,"{""_runtime"": 5336, ""_step"": 150001, ""_timestamp"": 1774431055.7032228, ""epoch"": 30, ""fixed_patch/reconstruction"": {""_type"": ""image-file"", ""format"": ""png"", ""height"": 600, ""path"": ""media/images/fixed_patch/reconstruction_150000_91620a2a5ec6a1316212.png"", ""sha256"": ""91620a2a5ec6a13162123e8d7cb5db4ed604e51fb72aa9c7627da9e0e5dc8129"", ""size"": 1470945, ""width"": 2000}, ""test/aux"": 4.470970153808594, ""test/coherence"": 0.07985816150903702, ""test/complex_corr_mean"": 0.9201416969299316, ""test/complex_corr_std"": ""NaN"", ""test/distortion"": 0.16788622736930847, ""test/kde"": 0.030415311455726624, ""test/loss"": 170.89674377441406, ""test/mse"": 0.05761276185512543, ""test/phase_err_mean"": 0.06842655688524246, ""test/phase_err_std"": ""NaN"", ""test/psnr_amp"": 24.97418785095215, ""test/rate"": 3.01045560836792, ""test/ssim_amp"": 0.6051909327507019, ""train/aux"": 4.262028694152832, ""train/coherence"": 0.11107724905014038, ""train/distortion"": 0.25713950395584106, ""train/grad_norm_g_a"": 1086.28271484375, ""train/grad_norm_g_s"": 1509.9481201171875, ""train/grad_norm_h_a"": 1.481676459312439, ""train/grad_norm_h_s"": 0.11642801016569138, ""train/kde"": 0.03660274296998978, ""train/loss"": 259.9899597167969, ""train/lr"": 9.999999747378752e-05, ""train/mse"": 0.10945949703454971, ""train/rate"": 2.8504743576049805, ""trainer/global_step"": 75000, ""val_batch/coherence_loss"": 0.02511304616928101, ""val_batch/correlation_metric_mean"": 0.9748870730400084, ""val_batch/correlation_metric_std"": ""NaN"", ""val_batch/kde_loss"": 0.017545606940984726, ""val_batch/phase_error"": 0.014683127403259276, ""val_batch/psnr_slc"": 21.320377349853516, ""val_batch/reconstructions"": {""_type"": ""image-file"", ""format"": ""png"", ""height"": 1700, ""path"": ""media/images/val_batch/reconstructions_145051_9c206a0be34e53de8996.png"", ""sha256"": ""9c206a0be34e53de89966f26ebc00d0a9734fcccdfb7527e4dd114815b92dc9b"", ""size"": 1578225, ""width"": 500}, ""val_batch/ssim_slc"": 0.6145551204681396, ""val_batch/x_hat_histogram"": {""_type"": ""histogram""}, ""valid/aux"": 4.470970153808594, ""valid/coherence"": 0.1069752350449562, ""valid/complex_corr_mean"": 0.893024742603302, ""valid/complex_corr_std"": ""NaN"", ""valid/distortion"": 0.25023236870765686, ""valid/kde"": 0.02769668586552143, ""valid/loss"": 253.34266662597656, ""valid/mse"": 0.1155604124069214, ""valid/phase_err_mean"": 0.09859339892864229, ""valid/phase_err_std"": ""NaN"", ""valid/psnr_amp"": 27.913373947143555, ""valid/rate"": 3.110300302505493, ""valid/rd_scatter_table"": {""_latest_artifact_path"": ""wandb-client-artifact://h0uuqxx7bzrm6zw6fsuositg4hspjv7yfvhq8je95tsa0u6wmk6ir8ycj8zat7q5o35sppmeoqn354ygd88tf7i3fcvettvaw40k5zyal613dp5xf6fmq33kuwdgjb7a:latest/valid/rd_scatter_table.table.json"", ""_type"": ""table-file"", ""artifact_path"": ""wandb-client-artifact://5trao11tu42bnzdpdhsq9r7fdlfvbxjuep3x96433w7acg5isfop2lfe5apnp1181xpqwesxjax13ppijcmvfwq76qldmaz4fkjxh4v12l3wxw1sicueyscz71dktdv0/valid/rd_scatter_table.table.json"", ""log_mode"": ""IMMUTABLE"", ""ncols"": 3, ""nrows"": 31, ""path"": ""media/table/valid/rd_scatter_table_150000_ca9d6d919b4cff7d21f5.table.json"", ""sha256"": ""ca9d6d919b4cff7d21f5c99345affe7204c16340a570d327119d712b30337936"", ""size"": 1478}, ""valid/ssim_amp"": 0.5890027284622192}","{""azimuth_buffer"": 512, ""callbacks"": {""early_stopping"": {""_target_"": ""lightning.pytorch.callbacks.EarlyStopping"", ""check_finite"": true, ""check_on_train_epoch_end"": false, ""divergence_threshold"": null, ""min_delta"": 0, ""mode"": ""min"", ""monitor"": ""valid/loss"", ""patience"": 10, ""stopping_threshold"": null, ""strict"": true, ""verbose"": false}, ""model_checkpoint"": {""_target_"": ""lightning.pytorch.callbacks.ModelCheckpoint"", ""auto_insert_metric_name"": false, ""dirpath"": ""/lustre/projects/1001/rdelprete/MAYA_DC/logs/default/multiruns/2026-03-24_17-14-16_non_square/lmbda_1000_seed_1/checkpoints"", ""every_n_epochs"": null, ""every_n_train_steps"": null, ""filename"": ""epoch_{epoch:03d}_loss_{valid/loss:.4f}"", ""mode"": ""min"", ""monitor"": ""valid/loss"", ""save_last"": true, ""save_on_train_epoch_end"": null, ""save_top_k"": 1, ""save_weights_only"": false, ""train_time_interval"": null, ""verbose"": false}, ""model_summary"": {""_target_"": ""lightning.pytorch.callbacks.RichModelSummary"", ""max_depth"": 2}, ""monitor_fix_patch"": {""verbose"": true}, ""monitor_fixed_patch"": {""_target_"": ""src.callbacks.monitor_fixed_patch.MonitorFixedPatch"", ""clip_factor"": 3, ""log_every_n_epochs"": 1, ""patch_json"": ""data/fixed_patches/s1c-s6-raw-s-vv-20250422t061414-20250422t061446-002002-0040d4.json"", ""verbose"": false}, ""monitor_val_recon"": {""_target_"": ""src.callbacks.monitor_val_reconstruction.MonitorValReconstruction"", ""clip_factor"": 3, ""log_every_n_epochs"": 1, ""num_images"": 3, ""verbose"": true}, ""rich_progress_bar"": {""_target_"": ""lightning.pytorch.callbacks.RichProgressBar""}, ""wandb_osh"": {""_target_"": ""wandb_osh.lightning_hooks.TriggerWandbSyncLightningCallback""}}, ""ckpt_path"": null, ""data"": {""_target_"": ""src.data.maya4_dir_datamodule.MAYA4DirDataModule"", ""azimuth_buffer"": 512, ""batch_size"": 4, ""max_products_test"": 2, ""max_products_train"": 10, ""max_products_val"": 2, ""num_workers"": 4, ""online"": false, ""patch_size"": [512, 512], ""pin_memory"": true, ""samples_per_prod"": 1000, ""test_dir"": ""/lustre/projects/1001/rdelprete/SSM/data/ssm_dataset/focused/PT3"", ""train_dir"": ""/lustre/projects/1001/rdelprete/SSM/data/ssm_dataset/focused/PT1"", ""val_dir"": ""/lustre/projects/1001/rdelprete/SSM/data/ssm_dataset/focused/PT2""}, ""determinism"": true, ""experiment_name"": ""rcmc_compress_baseline"", ""extras"": {""enforce_tags"": true, ""ignore_warnings"": false, ""print_config"": true}, ""lambda"": 1000, ""logger"": {""wandb"": {""_target_"": ""lightning.pytorch.loggers.wandb.WandbLogger"", ""anonymous"": null, ""entity"": ""cedric-leonard"", ""group"": ""rcmc_grid_non_square"", ""id"": null, ""job_type"": """", ""log_model"": false, ""offline"": true, ""prefix"": """", ""project"": ""MAYA_DC"", ""save_dir"": ""/lustre/projects/1001/rdelprete/MAYA_DC/logs/default/multiruns/2026-03-24_17-14-16_non_square/lmbda_1000_seed_1"", ""tags"": []}}, ""model"": {""_target_"": ""src.models.rcmc_compress_module.RCMCDCmodule"", ""aux_optimizer"": {""_partial_"": true, ""_target_"": ""torch.optim.Adam"", ""lr"": 0.001}, ""azimuth_buffer"": 512, ""compile"": false, ""criterion"": {""_target_"": ""src.models.components.losses.CompoundCompressionLoss"", ""azimuth_buffer"": 512, ""delta_coherence"": 1, ""delta_kde"": 1, ""lmbda"": 1000, ""num_kde_bins"": 100, ""patch_size"": [512, 512]}, ""gradient_clip_norm"": 1, ""net"": {""_target_"": ""src.models.components.scale_hyperprior.ScaleHyperprior"", ""activation"": ""gdn"", ""nb_channels_latent"": 256, ""nb_channels_main"": 128, ""nb_input_channels"": 2, ""non_square_kernels"": true}, ""net_optimizer"": {""_partial_"": true, ""_target_"": ""torch.optim.Adam"", ""betas"": [0.9, 0.999], ""lr"": 0.0001}, ""scheduler"": {""_partial_"": true, ""_target_"": ""torch.optim.lr_scheduler.ReduceLROnPlateau"", ""factor"": 0.5, ""mode"": ""min"", ""patience"": 5}, ""training_mode"": ""slc""}, ""model/params/non_trainable"": 0, ""model/params/total"": 16662274, ""model/params/trainable"": 16662274, ""patch_size"": [512, 512], ""paths"": {""data_dir"": ""/lustre/projects/1001/rdelprete/MAYA_DC/data/"", ""log_dir"": ""/lustre/projects/1001/rdelprete/MAYA_DC/logs/"", ""output_dir"": ""/lustre/projects/1001/rdelprete/MAYA_DC/logs/default/multiruns/2026-03-24_17-14-16_non_square/lmbda_1000_seed_1"", ""root_dir"": ""/lustre/projects/1001/rdelprete/MAYA_DC"", ""work_dir"": ""/lustre/home/u10010007""}, ""seed"": 1, ""tags"": [""rcmc_compression"", ""scale_hyperprior"", ""maya4""], ""task_name"": ""default"", ""test"": true, ""train"": true, ""trainer"": {""_target_"": ""lightning.pytorch.trainer.Trainer"", ""accelerator"": ""gpu"", ""check_val_every_n_epoch"": 1, ""default_root_dir"": ""/lustre/projects/1001/rdelprete/MAYA_DC/logs/default/multiruns/2026-03-24_17-14-16_non_square/lmbda_1000_seed_1"", ""deterministic"": false, ""devices"": 4, ""max_epochs"": 30, ""min_epochs"": 1, ""num_nodes"": 1, ""precision"": ""32-true"", ""strategy"": ""ddp_find_unused_parameters_true"", ""sync_batchnorm"": true}}"
7fqtwbki,SHP-gdn_s2_L1000_slc_buf512_Compound_lr0.0001_b4_10000p,finished,https://wandb.ai/cedric-leonard/MAYA_DC/runs/7fqtwbki,2026-03-23T18:17:39Z,cedric-leonard,MAYA_DC,2.0,1000.0,slc,512.0,src.models.components.scale_hyperprior.ScaleHyperprior,ScaleHyperprior,SHyp,gdn,GDN,src.data.maya4_dir_datamodule.MAYA4DirDataModule,MAYA4DirDataModule,MAYA4DirDataModule,src.models.components.losses.CompoundCompressionLoss,Compound,/lustre/projects/1001/rdelprete/MAYA_DC/logs/default/multiruns/2026-03-23_16-31-02/lmbda_1000_seed_2,,False,rcmc_grid,"[""maya4"", ""rcmc_compression"", ""scale_hyperprior""]",SHyp-GDN | MAYA4DirDataModule | slc | sq,"{""_runtime"": 4815, ""_step"": 150001, ""_timestamp"": 1774293734.4686434, ""epoch"": 30, ""fixed_patch/reconstruction"": {""_type"": ""image-file"", ""format"": ""png"", ""height"": 600, ""path"": ""media/images/fixed_patch/reconstruction_150000_6b86c609a898903d5775.png"", ""sha256"": ""6b86c609a898903d577504d2dee1d89e13bc7cba3d6cb5a74288f3d839f9d440"", ""size"": 1453014, ""width"": 2000}, ""test/aux"": 5.235590934753418, ""test/coherence"": 0.044296372681856155, ""test/complex_corr_mean"": 0.955703854560852, ""test/complex_corr_std"": ""NaN"", ""test/distortion"": 0.1067458838224411, ""test/kde"": 0.03050089441239834, ""test/loss"": 110.0925750732422, ""test/mse"": 0.03194858506321907, ""test/phase_err_mean"": 0.04166967794299126, ""test/phase_err_std"": ""NaN"", ""test/psnr_amp"": 26.84020233154297, ""test/rate"": 3.346728801727295, ""test/ssim_amp"": 0.7629656791687012, ""train/aux"": 5.4296793937683105, ""train/coherence"": 0.05779309570789337, ""train/distortion"": 0.13323909044265747, ""train/grad_norm_g_a"": 379.1949462890625, ""train/grad_norm_g_s"": 594.5269165039062, ""train/grad_norm_h_a"": 0.2756240963935852, ""train/grad_norm_h_s"": 0.04436444118618965, ""train/kde"": 0.016416093334555626, ""train/loss"": 136.63861083984375, ""train/lr"": 9.999999747378752e-05, ""train/mse"": 0.05902988463640213, ""train/rate"": 3.3995230197906494, ""trainer/global_step"": 75000, ""val_batch/coherence_loss"": 0.01502758264541626, ""val_batch/correlation_metric_mean"": 0.9849724173545836, ""val_batch/correlation_metric_std"": ""NaN"", ""val_batch/kde_loss"": 0.019991859793663025, ""val_batch/phase_error"": 0.008930325508117676, ""val_batch/psnr_slc"": 22.420974731445312, ""val_batch/reconstructions"": {""_type"": ""image-file"", ""format"": ""png"", ""height"": 1700, ""path"": ""media/images/val_batch/reconstructions_145051_9ecc08253a992f747114.png"", ""sha256"": ""9ecc08253a992f747114ffea80c0747679b8e6f119cf57da2f1a279039b3eb52"", ""size"": 1619286, ""width"": 500}, ""val_batch/ssim_slc"": 0.7709251046180725, ""val_batch/x_hat_histogram"": {""_type"": ""histogram""}, ""valid/aux"": 5.785661220550537, ""valid/coherence"": 0.0602380745112896, ""valid/complex_corr_mean"": 0.9397616982460022, ""valid/complex_corr_std"": ""NaN"", ""valid/distortion"": 0.15616844594478607, ""valid/kde"": 0.028373604640364647, ""valid/loss"": 159.65969848632812, ""valid/mse"": 0.06755674630403519, ""valid/phase_err_mean"": 0.06425459682941437, ""valid/phase_err_std"": ""NaN"", ""valid/psnr_amp"": 29.751384735107425, ""valid/rate"": 3.4912803173065186, ""valid/rd_scatter_table"": {""_latest_artifact_path"": ""wandb-client-artifact://zay3oo46qklya2ufpvm6grf1xpaqj333ve9575il9ta5om0ii0udtz4wg63s9vw5dwvuivxfuzlomcoy3gb7d18tf29lygt1h4w6my7ltuz089i41pzr56fuvvj552k0:latest/valid/rd_scatter_table.table.json"", ""_type"": ""table-file"", ""artifact_path"": ""wandb-client-artifact://55h4eo02xibex8guqjqa2k5q7l04w179cl6q7atk928dwkctjjtvrtcojh0bu431edmwl7vnw3m7g2ys4u4dyx9j223inz3i2qezeyz4d349jh6rlbcczl1s5ojm1k9t/valid/rd_scatter_table.table.json"", ""log_mode"": ""IMMUTABLE"", ""ncols"": 3, ""nrows"": 31, ""path"": ""media/table/valid/rd_scatter_table_150000_fb3a704a96e7048ae051.table.json"", ""sha256"": ""fb3a704a96e7048ae051a314ebf3fbfade662db59d53609bd6a9ecf3ef54e4e1"", ""size"": 1484}, ""valid/ssim_amp"": 0.7498069405555725}","{""azimuth_buffer"": 512, ""callbacks"": {""early_stopping"": {""_target_"": ""lightning.pytorch.callbacks.EarlyStopping"", ""check_finite"": true, ""check_on_train_epoch_end"": false, ""divergence_threshold"": null, ""min_delta"": 0, ""mode"": ""min"", ""monitor"": ""valid/loss"", ""patience"": 10, ""stopping_threshold"": null, ""strict"": true, ""verbose"": false}, ""model_checkpoint"": {""_target_"": ""lightning.pytorch.callbacks.ModelCheckpoint"", ""auto_insert_metric_name"": false, ""dirpath"": ""/lustre/projects/1001/rdelprete/MAYA_DC/logs/default/multiruns/2026-03-23_16-31-02/lmbda_1000_seed_2/checkpoints"", ""every_n_epochs"": null, ""every_n_train_steps"": null, ""filename"": ""epoch_{epoch:03d}_loss_{valid/loss:.4f}"", ""mode"": ""min"", ""monitor"": ""valid/loss"", ""save_last"": true, ""save_on_train_epoch_end"": null, ""save_top_k"": 1, ""save_weights_only"": false, ""train_time_interval"": null, ""verbose"": false}, ""model_summary"": {""_target_"": ""lightning.pytorch.callbacks.RichModelSummary"", ""max_depth"": 2}, ""monitor_fix_patch"": {""verbose"": true}, ""monitor_fixed_patch"": {""_target_"": ""src.callbacks.monitor_fixed_patch.MonitorFixedPatch"", ""clip_factor"": 3, ""log_every_n_epochs"": 1, ""patch_json"": ""data/fixed_patches/s1c-s6-raw-s-vv-20250422t061414-20250422t061446-002002-0040d4.json"", ""verbose"": false}, ""monitor_val_recon"": {""_target_"": ""src.callbacks.monitor_val_reconstruction.MonitorValReconstruction"", ""clip_factor"": 3, ""log_every_n_epochs"": 1, ""num_images"": 3, ""verbose"": true}, ""rich_progress_bar"": {""_target_"": ""lightning.pytorch.callbacks.RichProgressBar""}, ""wandb_osh"": {""_target_"": ""wandb_osh.lightning_hooks.TriggerWandbSyncLightningCallback""}}, ""ckpt_path"": null, ""data"": {""_target_"": ""src.data.maya4_dir_datamodule.MAYA4DirDataModule"", ""azimuth_buffer"": 512, ""batch_size"": 4, ""max_products_test"": 2, ""max_products_train"": 10, ""max_products_val"": 2, ""num_workers"": 4, ""online"": false, ""patch_size"": [512, 512], ""pin_memory"": true, ""samples_per_prod"": 1000, ""test_dir"": ""/lustre/projects/1001/rdelprete/SSM/data/ssm_dataset/focused/PT3"", ""train_dir"": ""/lustre/projects/1001/rdelprete/SSM/data/ssm_dataset/focused/PT1"", ""val_dir"": ""/lustre/projects/1001/rdelprete/SSM/data/ssm_dataset/focused/PT2""}, ""determinism"": true, ""experiment_name"": ""rcmc_compress_baseline"", ""extras"": {""enforce_tags"": true, ""ignore_warnings"": false, ""print_config"": true}, ""lambda"": 1000, ""logger"": {""wandb"": {""_target_"": ""lightning.pytorch.loggers.wandb.WandbLogger"", ""anonymous"": null, ""entity"": ""cedric-leonard"", ""group"": ""rcmc_grid"", ""id"": null, ""job_type"": """", ""log_model"": false, ""offline"": true, ""prefix"": """", ""project"": ""MAYA_DC"", ""save_dir"": ""/lustre/projects/1001/rdelprete/MAYA_DC/logs/default/multiruns/2026-03-23_16-31-02/lmbda_1000_seed_2"", ""tags"": []}}, ""model"": {""_target_"": ""src.models.rcmc_compress_module.RCMCDCmodule"", ""aux_optimizer"": {""_partial_"": true, ""_target_"": ""torch.optim.Adam"", ""lr"": 0.001}, ""azimuth_buffer"": 512, ""compile"": false, ""criterion"": {""_target_"": ""src.models.components.losses.CompoundCompressionLoss"", ""azimuth_buffer"": 512, ""delta_coherence"": 1, ""delta_kde"": 1, ""lmbda"": 1000, ""num_kde_bins"": 100, ""patch_size"": [512, 512]}, ""gradient_clip_norm"": 1, ""net"": {""_target_"": ""src.models.components.scale_hyperprior.ScaleHyperprior"", ""activation"": ""gdn"", ""nb_channels_latent"": 256, ""nb_channels_main"": 128, ""nb_input_channels"": 2}, ""net_optimizer"": {""_partial_"": true, ""_target_"": ""torch.optim.Adam"", ""betas"": [0.9, 0.999], ""lr"": 0.0001}, ""scheduler"": {""_partial_"": true, ""_target_"": ""torch.optim.lr_scheduler.ReduceLROnPlateau"", ""factor"": 0.5, ""mode"": ""min"", ""patience"": 5}, ""training_mode"": ""slc""}, ""model/params/non_trainable"": 0, ""model/params/total"": 5626626, ""model/params/trainable"": 5626626, ""patch_size"": [512, 512], ""paths"": {""data_dir"": ""/lustre/projects/1001/rdelprete/MAYA_DC/data/"", ""log_dir"": ""/lustre/projects/1001/rdelprete/MAYA_DC/logs/"", ""output_dir"": ""/lustre/projects/1001/rdelprete/MAYA_DC/logs/default/multiruns/2026-03-23_16-31-02/lmbda_1000_seed_2"", ""root_dir"": ""/lustre/projects/1001/rdelprete/MAYA_DC"", ""work_dir"": ""/lustre/home/u10010007""}, ""seed"": 2, ""tags"": [""rcmc_compression"", ""scale_hyperprior"", ""maya4""], ""task_name"": ""default"", ""test"": true, ""train"": true, ""trainer"": {""_target_"": ""lightning.pytorch.trainer.Trainer"", ""accelerator"": ""gpu"", ""check_val_every_n_epoch"": 1, ""default_root_dir"": ""/lustre/projects/1001/rdelprete/MAYA_DC/logs/default/multiruns/2026-03-23_16-31-02/lmbda_1000_seed_2"", ""deterministic"": false, ""devices"": 4, ""max_epochs"": 30, ""min_epochs"": 1, ""num_nodes"": 1, ""precision"": ""32-true"", ""strategy"": ""ddp_find_unused_parameters_true"", ""sync_batchnorm"": true}}"
zpq3mvik,SHP-gdn_s2_L1000_slc_buf512_Compound_lr0.0001_b4_10000p,finished,https://wandb.ai/cedric-leonard/MAYA_DC/runs/zpq3mvik,2026-03-26T08:17:01Z,cedric-leonard,MAYA_DC,2.0,1000.0,slc,512.0,src.models.components.scale_hyperprior.ScaleHyperprior,ScaleHyperprior,SHyp,gdn,GDN,src.data.maya4_dir_datamodule.MAYA4DirDataModule,MAYA4DirDataModule,MAYA4DirDataModule,src.models.components.losses.CompoundCompressionLoss,Compound,/lustre/projects/1001/rdelprete/MAYA_DC/logs/default/multiruns/2026-03-24_17-14-16_non_square/lmbda_1000_seed_2,,True,rcmc_grid_non_square,"[""maya4"", ""rcmc_compression"", ""scale_hyperprior""]",SHyp-GDN | MAYA4DirDataModule | slc | nsk,"{""_runtime"": 5329, ""_step"": 150001, ""_timestamp"": 1774434318.2582147, ""epoch"": 30, ""fixed_patch/reconstruction"": {""_type"": ""image-file"", ""format"": ""png"", ""height"": 600, ""path"": ""media/images/fixed_patch/reconstruction_150000_66d76719e11b2b990862.png"", ""sha256"": ""66d76719e11b2b990862c8517b24fb79df18a1598f1378a41bf196f250cd9c75"", ""size"": 1470302, ""width"": 2000}, ""test/aux"": 4.66796350479126, ""test/coherence"": 0.07911795377731323, ""test/complex_corr_mean"": 0.9208818078041076, ""test/complex_corr_std"": ""NaN"", ""test/distortion"": 0.17032817006111145, ""test/kde"": 0.033992793411016464, ""test/loss"": 173.3387451171875, ""test/mse"": 0.05721741542220116, ""test/phase_err_mean"": 0.06796980649232864, ""test/phase_err_std"": ""NaN"", ""test/psnr_amp"": 25.005868911743164, ""test/rate"": 3.0107228755950928, ""test/ssim_amp"": 0.6099448800086975, ""train/aux"": 4.4358744621276855, ""train/coherence"": 0.099554643034935, ""train/distortion"": 0.21413014829158783, ""train/grad_norm_g_a"": 676.593017578125, ""train/grad_norm_g_s"": 905.7640991210938, ""train/grad_norm_h_a"": 0.1851464956998825, ""train/grad_norm_h_s"": 0.019555939361453056, ""train/kde"": 0.012988818809390068, ""train/loss"": 217.18719482421875, ""train/lr"": 9.999999747378752e-05, ""train/mse"": 0.1015866845846176, ""train/rate"": 3.0570662021636963, ""trainer/global_step"": 75000, ""val_batch/coherence_loss"": 0.025328457355499268, ""val_batch/correlation_metric_mean"": 0.9746716618537904, ""val_batch/correlation_metric_std"": ""NaN"", ""val_batch/kde_loss"": 0.017523476853966713, ""val_batch/phase_error"": 0.015046894550323486, ""val_batch/psnr_slc"": 21.321998596191406, ""val_batch/reconstructions"": {""_type"": ""image-file"", ""format"": ""png"", ""height"": 1700, ""path"": ""media/images/val_batch/reconstructions_145051_04c4fe3483595417856e.png"", ""sha256"": ""04c4fe3483595417856e7b8da29ce81ed3aa1c64df02dc740c91267ac67deca5"", ""size"": 1587260, ""width"": 500}, ""val_batch/ssim_slc"": 0.6221369504928589, ""val_batch/x_hat_histogram"": {""_type"": ""histogram""}, ""valid/aux"": 4.411270618438721, ""valid/coherence"": 0.10478821396827698, ""valid/complex_corr_mean"": 0.8952118158340454, ""valid/complex_corr_std"": ""NaN"", ""valid/distortion"": 0.2514214813709259, ""valid/kde"": 0.03324579447507858, ""valid/loss"": 254.56053161621097, ""valid/mse"": 0.11338743567466736, ""valid/phase_err_mean"": 0.09708297252655028, ""valid/phase_err_std"": ""NaN"", ""valid/psnr_amp"": 27.964523315429688, ""valid/rate"": 3.139139175415039, ""valid/rd_scatter_table"": {""_latest_artifact_path"": ""wandb-client-artifact://jicnwks88nafd5u4nepadk9l08eds9bmdkbyy6w7yb43gvfuxe2s980zqpzg2zye0mjm7mxu6vbidyhpv7rmgwqthgk9j2zfwijctefb8g3jn5mqrv29lwmknxo2nevd:latest/valid/rd_scatter_table.table.json"", ""_type"": ""table-file"", ""artifact_path"": ""wandb-client-artifact://8wjz3xgbm1ni5h843h1lky0e2p642av45su3vud404rj2cxnvhgzxszrpet9qyjli2d4feap4dbqzyagr9eml8kpze59zikus39rip6pvhr8fkass6vgsuxi15p0u04f/valid/rd_scatter_table.table.json"", ""log_mode"": ""IMMUTABLE"", ""ncols"": 3, ""nrows"": 31, ""path"": ""media/table/valid/rd_scatter_table_150000_b5d19adaeb516d788009.table.json"", ""sha256"": ""b5d19adaeb516d7880099503e0f3dd349b877f44a00c4d4705c9127ab68f3bef"", ""size"": 1475}, ""valid/ssim_amp"": 0.6000202298164368}","{""azimuth_buffer"": 512, ""callbacks"": {""early_stopping"": {""_target_"": ""lightning.pytorch.callbacks.EarlyStopping"", ""check_finite"": true, ""check_on_train_epoch_end"": false, ""divergence_threshold"": null, ""min_delta"": 0, ""mode"": ""min"", ""monitor"": ""valid/loss"", ""patience"": 10, ""stopping_threshold"": null, ""strict"": true, ""verbose"": false}, ""model_checkpoint"": {""_target_"": ""lightning.pytorch.callbacks.ModelCheckpoint"", ""auto_insert_metric_name"": false, ""dirpath"": ""/lustre/projects/1001/rdelprete/MAYA_DC/logs/default/multiruns/2026-03-24_17-14-16_non_square/lmbda_1000_seed_2/checkpoints"", ""every_n_epochs"": null, ""every_n_train_steps"": null, ""filename"": ""epoch_{epoch:03d}_loss_{valid/loss:.4f}"", ""mode"": ""min"", ""monitor"": ""valid/loss"", ""save_last"": true, ""save_on_train_epoch_end"": null, ""save_top_k"": 1, ""save_weights_only"": false, ""train_time_interval"": null, ""verbose"": false}, ""model_summary"": {""_target_"": ""lightning.pytorch.callbacks.RichModelSummary"", ""max_depth"": 2}, ""monitor_fix_patch"": {""verbose"": true}, ""monitor_fixed_patch"": {""_target_"": ""src.callbacks.monitor_fixed_patch.MonitorFixedPatch"", ""clip_factor"": 3, ""log_every_n_epochs"": 1, ""patch_json"": ""data/fixed_patches/s1c-s6-raw-s-vv-20250422t061414-20250422t061446-002002-0040d4.json"", ""verbose"": false}, ""monitor_val_recon"": {""_target_"": ""src.callbacks.monitor_val_reconstruction.MonitorValReconstruction"", ""clip_factor"": 3, ""log_every_n_epochs"": 1, ""num_images"": 3, ""verbose"": true}, ""rich_progress_bar"": {""_target_"": ""lightning.pytorch.callbacks.RichProgressBar""}, ""wandb_osh"": {""_target_"": ""wandb_osh.lightning_hooks.TriggerWandbSyncLightningCallback""}}, ""ckpt_path"": null, ""data"": {""_target_"": ""src.data.maya4_dir_datamodule.MAYA4DirDataModule"", ""azimuth_buffer"": 512, ""batch_size"": 4, ""max_products_test"": 2, ""max_products_train"": 10, ""max_products_val"": 2, ""num_workers"": 4, ""online"": false, ""patch_size"": [512, 512], ""pin_memory"": true, ""samples_per_prod"": 1000, ""test_dir"": ""/lustre/projects/1001/rdelprete/SSM/data/ssm_dataset/focused/PT3"", ""train_dir"": ""/lustre/projects/1001/rdelprete/SSM/data/ssm_dataset/focused/PT1"", ""val_dir"": ""/lustre/projects/1001/rdelprete/SSM/data/ssm_dataset/focused/PT2""}, ""determinism"": true, ""experiment_name"": ""rcmc_compress_baseline"", ""extras"": {""enforce_tags"": true, ""ignore_warnings"": false, ""print_config"": true}, ""lambda"": 1000, ""logger"": {""wandb"": {""_target_"": ""lightning.pytorch.loggers.wandb.WandbLogger"", ""anonymous"": null, ""entity"": ""cedric-leonard"", ""group"": ""rcmc_grid_non_square"", ""id"": null, ""job_type"": """", ""log_model"": false, ""offline"": true, ""prefix"": """", ""project"": ""MAYA_DC"", ""save_dir"": ""/lustre/projects/1001/rdelprete/MAYA_DC/logs/default/multiruns/2026-03-24_17-14-16_non_square/lmbda_1000_seed_2"", ""tags"": []}}, ""model"": {""_target_"": ""src.models.rcmc_compress_module.RCMCDCmodule"", ""aux_optimizer"": {""_partial_"": true, ""_target_"": ""torch.optim.Adam"", ""lr"": 0.001}, ""azimuth_buffer"": 512, ""compile"": false, ""criterion"": {""_target_"": ""src.models.components.losses.CompoundCompressionLoss"", ""azimuth_buffer"": 512, ""delta_coherence"": 1, ""delta_kde"": 1, ""lmbda"": 1000, ""num_kde_bins"": 100, ""patch_size"": [512, 512]}, ""gradient_clip_norm"": 1, ""net"": {""_target_"": ""src.models.components.scale_hyperprior.ScaleHyperprior"", ""activation"": ""gdn"", ""nb_channels_latent"": 256, ""nb_channels_main"": 128, ""nb_input_channels"": 2, ""non_square_kernels"": true}, ""net_optimizer"": {""_partial_"": true, ""_target_"": ""torch.optim.Adam"", ""betas"": [0.9, 0.999], ""lr"": 0.0001}, ""scheduler"": {""_partial_"": true, ""_target_"": ""torch.optim.lr_scheduler.ReduceLROnPlateau"", ""factor"": 0.5, ""mode"": ""min"", ""patience"": 5}, ""training_mode"": ""slc""}, ""model/params/non_trainable"": 0, ""model/params/total"": 16662274, ""model/params/trainable"": 16662274, ""patch_size"": [512, 512], ""paths"": {""data_dir"": ""/lustre/projects/1001/rdelprete/MAYA_DC/data/"", ""log_dir"": ""/lustre/projects/1001/rdelprete/MAYA_DC/logs/"", ""output_dir"": ""/lustre/projects/1001/rdelprete/MAYA_DC/logs/default/multiruns/2026-03-24_17-14-16_non_square/lmbda_1000_seed_2"", ""root_dir"": ""/lustre/projects/1001/rdelprete/MAYA_DC"", ""work_dir"": ""/lustre/home/u10010007""}, ""seed"": 2, ""tags"": [""rcmc_compression"", ""scale_hyperprior"", ""maya4""], ""task_name"": ""default"", ""test"": true, ""train"": true, ""trainer"": {""_target_"": ""lightning.pytorch.trainer.Trainer"", ""accelerator"": ""gpu"", ""check_val_every_n_epoch"": 1, ""default_root_dir"": ""/lustre/projects/1001/rdelprete/MAYA_DC/logs/default/multiruns/2026-03-24_17-14-16_non_square/lmbda_1000_seed_2"", ""deterministic"": false, ""devices"": 4, ""max_epochs"": 30, ""min_epochs"": 1, ""num_nodes"": 1, ""precision"": ""32-true"", ""strategy"": ""ddp_find_unused_parameters_true"", ""sync_batchnorm"": true}}"
tibcya0u,SHP-gdn_s42_L1000_slc_buf512_Compound_lr0.0001_b4_10000p,finished,https://wandb.ai/cedric-leonard/MAYA_DC/runs/tibcya0u,2026-03-23T08:41:30Z,cedric-leonard,MAYA_DC,42.0,1000.0,slc,512.0,src.models.components.scale_hyperprior.ScaleHyperprior,ScaleHyperprior,SHyp,gdn,GDN,src.data.maya4_dir_datamodule.MAYA4DirDataModule,MAYA4DirDataModule,MAYA4DirDataModule,src.models.components.losses.CompoundCompressionLoss,Compound,/lustre/projects/1001/rdelprete/MAYA_DC/logs/default/runs/2026-03-23_09-34-31,,False,,"[""maya4"", ""rcmc_compression"", ""scale_hyperprior""]",SHyp-GDN | MAYA4DirDataModule | slc | sq,"{""_runtime"": 14668, ""_step"": 500001, ""_timestamp"": 1774269538.5273736, ""epoch"": 100, ""fixed_patch/reconstruction"": {""_type"": ""image-file"", ""format"": ""png"", ""height"": 600, ""path"": ""media/images/fixed_patch/reconstruction_500000_621f026d705291bbfa66.png"", ""sha256"": ""621f026d705291bbfa66eb827df2b66b6e7505fe80869a9f170f2669744577c2"", ""size"": 1442349, ""width"": 2000}, ""test/aux"": 12.053874015808104, ""test/coherence"": 0.027279047295451164, ""test/complex_corr_mean"": 0.9727211594581604, ""test/complex_corr_std"": ""NaN"", ""test/distortion"": 0.0639275312423706, ""test/kde"": 0.017110172659158707, ""test/loss"": 67.96977996826172, ""test/mse"": 0.01953830197453499, ""test/phase_err_mean"": 0.027404936030507088, ""test/phase_err_std"": ""NaN"", ""test/psnr_amp"": 28.214359283447266, ""test/rate"": 4.042237281799316, ""test/ssim_amp"": 0.847950279712677, ""train/aux"": 11.927618026733398, ""train/coherence"": 0.03447861969470978, ""train/distortion"": 0.07211150228977203, ""train/grad_norm_g_a"": 298.90032958984375, ""train/grad_norm_g_s"": 521.7579345703125, ""train/grad_norm_h_a"": 0.22805097699165344, ""train/grad_norm_h_s"": 0.01721317693591118, ""train/kde"": 0.007826062850654125, ""train/loss"": 76.12080383300781, ""train/lr"": 9.999999747378752e-05, ""train/mse"": 0.029806822538375854, ""train/rate"": 4.009302139282227, ""trainer/global_step"": 250000, ""val_batch/coherence_loss"": 0.009103000164031982, ""val_batch/correlation_metric_mean"": 0.990896999835968, ""val_batch/correlation_metric_std"": ""NaN"", ""val_batch/kde_loss"": 0.008685559034347534, ""val_batch/phase_error"": 0.00537562370300293, ""val_batch/psnr_slc"": 23.24193000793457, ""val_batch/reconstructions"": {""_type"": ""image-file"", ""format"": ""png"", ""height"": 1700, ""path"": ""media/images/val_batch/reconstructions_490101_e83c1a1a6279ed34311b.png"", ""sha256"": ""e83c1a1a6279ed34311bac2f4fef668e9461191b381cebf6bb84b0eca8885ab7"", ""size"": 1633050, ""width"": 500}, ""val_batch/ssim_slc"": 0.8577978014945984, ""val_batch/x_hat_histogram"": {""_type"": ""histogram""}, ""valid/aux"": 12.053874015808104, ""valid/coherence"": 0.038170672953128815, ""valid/complex_corr_mean"": 0.961829423904419, ""valid/complex_corr_std"": ""NaN"", ""valid/distortion"": 0.09638835489749908, ""valid/kde"": 0.014983010478317738, ""valid/loss"": 100.60130310058594, ""valid/mse"": 0.04323465004563331, ""valid/phase_err_mean"": 0.04431810230016709, ""valid/phase_err_std"": ""NaN"", ""valid/psnr_amp"": 31.1126651763916, ""valid/rate"": 4.212981700897217, ""valid/rd_scatter_table"": {""_latest_artifact_path"": ""wandb-client-artifact://s3p1fo2mydlzukw025amara60igbz80a6ufubu7euyox3v34htw4510zi8mt6707uk2f3uwm97vjzlfa64g00bcucbnatc86aet76fz7v8huqaub0jdy1s3u2v97cd9d:latest/valid/rd_scatter_table.table.json"", ""_type"": ""table-file"", ""artifact_path"": ""wandb-client-artifact://mv3yfa7ehvnavqgm9yma90av5mxegdhf07pk1sblarv19quic5s8xcm88pakhdeb1quwo5tpyi33ywq4cd0x4udqay6c9dbypo91c4gzoiau0b4sz0y554ztd2j3r6av/valid/rd_scatter_table.table.json"", ""log_mode"": ""IMMUTABLE"", ""ncols"": 3, ""nrows"": 51, ""path"": ""media/table/valid/rd_scatter_table_500000_4b891a8e7e5aafb50d51.table.json"", ""sha256"": ""4b891a8e7e5aafb50d51d4df3d3612c1870116f66bba46b3d4243eb9d3a77e0b"", ""size"": 2403}, ""valid/ssim_amp"": 0.8329240679740906}","{""azimuth_buffer"": 512, ""callbacks"": {""early_stopping"": {""_target_"": ""lightning.pytorch.callbacks.EarlyStopping"", ""check_finite"": true, ""check_on_train_epoch_end"": false, ""divergence_threshold"": null, ""min_delta"": 0, ""mode"": ""min"", ""monitor"": ""valid/loss"", ""patience"": 10, ""stopping_threshold"": null, ""strict"": true, ""verbose"": false}, ""model_checkpoint"": {""_target_"": ""lightning.pytorch.callbacks.ModelCheckpoint"", ""auto_insert_metric_name"": false, ""dirpath"": ""/lustre/projects/1001/rdelprete/MAYA_DC/logs/default/runs/2026-03-23_09-34-31/checkpoints"", ""every_n_epochs"": null, ""every_n_train_steps"": null, ""filename"": ""epoch_{epoch:03d}_loss_{valid/loss:.4f}"", ""mode"": ""min"", ""monitor"": ""valid/loss"", ""save_last"": true, ""save_on_train_epoch_end"": null, ""save_top_k"": 1, ""save_weights_only"": false, ""train_time_interval"": null, ""verbose"": false}, ""model_summary"": {""_target_"": ""lightning.pytorch.callbacks.RichModelSummary"", ""max_depth"": 2}, ""monitor_fix_patch"": {""verbose"": true}, ""monitor_fixed_patch"": {""_target_"": ""src.callbacks.monitor_fixed_patch.MonitorFixedPatch"", ""clip_factor"": 3, ""log_every_n_epochs"": 1, ""patch_json"": ""data/fixed_patches/s1c-s6-raw-s-vv-20250422t061414-20250422t061446-002002-0040d4.json"", ""verbose"": false}, ""monitor_val_recon"": {""_target_"": ""src.callbacks.monitor_val_reconstruction.MonitorValReconstruction"", ""clip_factor"": 3, ""log_every_n_epochs"": 1, ""num_images"": 3, ""verbose"": true}, ""rich_progress_bar"": {""_target_"": ""lightning.pytorch.callbacks.RichProgressBar""}, ""wandb_osh"": {""_target_"": ""wandb_osh.lightning_hooks.TriggerWandbSyncLightningCallback""}}, ""ckpt_path"": null, ""data"": {""_target_"": ""src.data.maya4_dir_datamodule.MAYA4DirDataModule"", ""azimuth_buffer"": 512, ""batch_size"": 4, ""max_products_test"": 2, ""max_products_train"": 10, ""max_products_val"": 2, ""num_workers"": 4, ""online"": false, ""patch_size"": [512, 512], ""pin_memory"": true, ""samples_per_prod"": 1000, ""test_dir"": ""/lustre/projects/1001/rdelprete/SSM/data/ssm_dataset/focused/PT3"", ""train_dir"": ""/lustre/projects/1001/rdelprete/SSM/data/ssm_dataset/focused/PT1"", ""val_dir"": ""/lustre/projects/1001/rdelprete/SSM/data/ssm_dataset/focused/PT2""}, ""determinism"": true, ""experiment_name"": ""rcmc_compress_baseline"", ""extras"": {""enforce_tags"": true, ""ignore_warnings"": false, ""print_config"": true}, ""logger"": {""wandb"": {""_target_"": ""lightning.pytorch.loggers.wandb.WandbLogger"", ""anonymous"": null, ""entity"": ""cedric-leonard"", ""group"": """", ""id"": null, ""job_type"": """", ""log_model"": false, ""offline"": true, ""prefix"": """", ""project"": ""MAYA_DC"", ""save_dir"": ""/lustre/projects/1001/rdelprete/MAYA_DC/logs/default/runs/2026-03-23_09-34-31"", ""tags"": []}}, ""model"": {""_target_"": ""src.models.rcmc_compress_module.RCMCDCmodule"", ""aux_optimizer"": {""_partial_"": true, ""_target_"": ""torch.optim.Adam"", ""lr"": 0.001}, ""azimuth_buffer"": 512, ""compile"": false, ""criterion"": {""_target_"": ""src.models.components.losses.CompoundCompressionLoss"", ""azimuth_buffer"": 512, ""delta_coherence"": 1, ""delta_kde"": 1, ""lmbda"": 1000, ""num_kde_bins"": 100, ""patch_size"": [512, 512]}, ""gradient_clip_norm"": 1, ""net"": {""_target_"": ""src.models.components.scale_hyperprior.ScaleHyperprior"", ""activation"": ""gdn"", ""nb_channels_latent"": 256, ""nb_channels_main"": 128, ""nb_input_channels"": 2}, ""net_optimizer"": {""_partial_"": true, ""_target_"": ""torch.optim.Adam"", ""betas"": [0.9, 0.999], ""lr"": 0.0001}, ""scheduler"": {""_partial_"": true, ""_target_"": ""torch.optim.lr_scheduler.ReduceLROnPlateau"", ""factor"": 0.5, ""mode"": ""min"", ""patience"": 5}, ""training_mode"": ""slc""}, ""model/params/non_trainable"": 0, ""model/params/total"": 5626626, ""model/params/trainable"": 5626626, ""patch_size"": [512, 512], ""paths"": {""data_dir"": ""/lustre/projects/1001/rdelprete/MAYA_DC/data/"", ""log_dir"": ""/lustre/projects/1001/rdelprete/MAYA_DC/logs/"", ""output_dir"": ""/lustre/projects/1001/rdelprete/MAYA_DC/logs/default/runs/2026-03-23_09-34-31"", ""root_dir"": ""/lustre/projects/1001/rdelprete/MAYA_DC"", ""work_dir"": ""/lustre/home/u10010007""}, ""seed"": 42, ""tags"": [""rcmc_compression"", ""scale_hyperprior"", ""maya4""], ""task_name"": ""default"", ""test"": true, ""train"": true, ""trainer"": {""_target_"": ""lightning.pytorch.trainer.Trainer"", ""accelerator"": ""gpu"", ""check_val_every_n_epoch"": 2, ""default_root_dir"": ""/lustre/projects/1001/rdelprete/MAYA_DC/logs/default/runs/2026-03-23_09-34-31"", ""deterministic"": false, ""devices"": 4, ""max_epochs"": 100, ""min_epochs"": 1, ""num_nodes"": 1, ""precision"": ""32-true"", ""strategy"": ""ddp_find_unused_parameters_true"", ""sync_batchnorm"": true}}"
