batch_idx,sample_idx,quality,codec,codec_name,representation,eval_domain,bpp,bits_total,encoding_time_s,decoding_time_s,zfile,y,x,psnr_amp,ssim_amp,complex_corr_mean,complex_corr_std,phase_err_mean,phase_err_std
0,0,5,webp,WebP,channels,slc,1.0731608072916667,843968,0.26209471211768687,0.01912242127582431,/lustre/scratch/1001/rdelprete/ssm_dataset/focused/PT3/s1c-s1-raw-s-vv-20250424t170801-20250424t170839-002038-0042df.zarr,0,0,8.085881233215332,0.06307050585746765,0.5961212515830994,,0.44081902503967285,
0,1,5,webp,WebP,channels,slc,0.09224446614583333,72544,0.16412121383473277,0.008519023191183805,/lustre/scratch/1001/rdelprete/ssm_dataset/focused/PT3/s1c-s1-raw-s-vv-20250424t170801-20250424t170839-002038-0042df.zarr,0,512,24.177356719970703,0.15417784452438354,0.8223662376403809,,0.13501453399658203,
0,2,5,webp,WebP,channels,slc,0.18412272135416666,144800,0.16979636205360293,0.010283190989866853,/lustre/scratch/1001/rdelprete/ssm_dataset/focused/PT3/s1c-s1-raw-s-vv-20250424t170801-20250424t170839-002038-0042df.zarr,0,1024,23.552696228027344,0.11723987758159637,0.6236603260040283,,0.3244559168815613,
0,3,5,webp,WebP,channels,slc,0.08144124348958333,64048,0.1597658460959792,0.008211955893784761,/lustre/scratch/1001/rdelprete/ssm_dataset/focused/PT3/s1c-s1-raw-s-vv-20250424t170801-20250424t170839-002038-0042df.zarr,0,1536,29.044174194335938,0.03821638226509094,0.36473312973976135,,0.2660565972328186,
0,0,10,webp,WebP,channels,slc,1.5651652018229167,1230896,0.2292845461051911,0.022512243129312992,/lustre/scratch/1001/rdelprete/ssm_dataset/focused/PT3/s1c-s1-raw-s-vv-20250424t170801-20250424t170839-002038-0042df.zarr,0,0,7.378575801849365,0.07056035846471786,0.5864725708961487,,0.46823441982269287,
0,1,10,webp,WebP,channels,slc,0.17732747395833334,139456,0.1564323389902711,0.010082041146233678,/lustre/scratch/1001/rdelprete/ssm_dataset/focused/PT3/s1c-s1-raw-s-vv-20250424t170801-20250424t170839-002038-0042df.zarr,0,512,22.42319107055664,0.20985238254070282,0.7700579762458801,,0.20274382829666138,
0,2,10,webp,WebP,channels,slc,0.3503011067708333,275488,0.17030754312872887,0.011724319076165557,/lustre/scratch/1001/rdelprete/ssm_dataset/focused/PT3/s1c-s1-raw-s-vv-20250424t170801-20250424t170839-002038-0042df.zarr,0,1024,21.96170997619629,0.13542219996452332,0.5891237854957581,,0.4219017028808594,
0,3,10,webp,WebP,channels,slc,0.12443033854166667,97856,0.15346766193397343,0.008667635032907128,/lustre/scratch/1001/rdelprete/ssm_dataset/focused/PT3/s1c-s1-raw-s-vv-20250424t170801-20250424t170839-002038-0042df.zarr,0,1536,27.675630569458008,0.023919090628623962,0.38672342896461487,,0.29584819078445435,
0,0,20,webp,WebP,channels,slc,2.34906005859375,1847376,0.25153008196502924,0.028574734926223755,/lustre/scratch/1001/rdelprete/ssm_dataset/focused/PT3/s1c-s1-raw-s-vv-20250424t170801-20250424t170839-002038-0042df.zarr,0,0,7.018779754638672,0.07974611222743988,0.589500367641449,,0.4786209464073181,
0,1,20,webp,WebP,channels,slc,0.4543253580729167,357296,0.17629594588652253,0.013135931920260191,/lustre/scratch/1001/rdelprete/ssm_dataset/focused/PT3/s1c-s1-raw-s-vv-20250424t170801-20250424t170839-002038-0042df.zarr,0,512,20.181848526000977,0.25596731901168823,0.7102612257003784,,0.32976841926574707,
0,2,20,webp,WebP,channels,slc,0.7710774739583334,606400,0.1922376579605043,0.015989873791113496,/lustre/scratch/1001/rdelprete/ssm_dataset/focused/PT3/s1c-s1-raw-s-vv-20250424t170801-20250424t170839-002038-0042df.zarr,0,1024,19.712751388549805,0.14185728132724762,0.5918203592300415,,0.4988134503364563,
0,3,20,webp,WebP,channels,slc,0.2913614908854167,229136,0.16350813186727464,0.011447166092693806,/lustre/scratch/1001/rdelprete/ssm_dataset/focused/PT3/s1c-s1-raw-s-vv-20250424t170801-20250424t170839-002038-0042df.zarr,0,1536,25.928958892822266,-0.016563033685088158,0.4268924593925476,,0.41010063886642456,
0,0,30,webp,WebP,channels,slc,3.0807902018229165,2422832,0.265568268019706,0.03445899183861911,/lustre/scratch/1001/rdelprete/ssm_dataset/focused/PT3/s1c-s1-raw-s-vv-20250424t170801-20250424t170839-002038-0042df.zarr,0,0,7.070012092590332,0.08558901399374008,0.5983287692070007,,0.4745648503303528,
0,1,30,webp,WebP,channels,slc,0.7789306640625,612576,0.19417431391775608,0.016176651930436492,/lustre/scratch/1001/rdelprete/ssm_dataset/focused/PT3/s1c-s1-raw-s-vv-20250424t170801-20250424t170839-002038-0042df.zarr,0,512,18.522323608398438,0.2606273591518402,0.6927462816238403,,0.3882521390914917,
0,2,30,webp,WebP,channels,slc,1.13140869140625,889776,0.2100105187855661,0.018875593086704612,/lustre/scratch/1001/rdelprete/ssm_dataset/focused/PT3/s1c-s1-raw-s-vv-20250424t170801-20250424t170839-002038-0042df.zarr,0,1024,18.71245002746582,0.14780090749263763,0.6175425052642822,,0.5026149749755859,
0,3,30,webp,WebP,channels,slc,0.5421956380208334,426400,0.17813197197392583,0.013768834993243217,/lustre/scratch/1001/rdelprete/ssm_dataset/focused/PT3/s1c-s1-raw-s-vv-20250424t170801-20250424t170839-002038-0042df.zarr,0,1536,24.84622573852539,-0.023640120401978493,0.46697816252708435,,0.5598965287208557,
0,0,40,webp,WebP,channels,slc,3.5332845052083335,2778688,0.27350702695548534,0.0379745711106807,/lustre/scratch/1001/rdelprete/ssm_dataset/focused/PT3/s1c-s1-raw-s-vv-20250424t170801-20250424t170839-002038-0042df.zarr,0,0,7.069550514221191,0.08798372745513916,0.6013940572738647,,0.47278982400894165,
0,1,40,webp,WebP,channels,slc,1.0568440755208333,831136,0.20670316112227738,0.018218415789306164,/lustre/scratch/1001/rdelprete/ssm_dataset/focused/PT3/s1c-s1-raw-s-vv-20250424t170801-20250424t170839-002038-0042df.zarr,0,512,17.770790100097656,0.2667694687843323,0.6956493854522705,,0.4038383364677429,
0,2,40,webp,WebP,channels,slc,1.4943644205729167,1175216,0.22482813708484173,0.021554125007241964,/lustre/scratch/1001/rdelprete/ssm_dataset/focused/PT3/s1c-s1-raw-s-vv-20250424t170801-20250424t170839-002038-0042df.zarr,0,1024,18.153581619262695,0.1561950445175171,0.6403909921646118,,0.49561095237731934,
0,3,40,webp,WebP,channels,slc,0.7698567708333334,605440,0.18773800390772521,0.015632932074368,/lustre/scratch/1001/rdelprete/ssm_dataset/focused/PT3/s1c-s1-raw-s-vv-20250424t170801-20250424t170839-002038-0042df.zarr,0,1536,24.322956085205078,-0.021901465952396393,0.5063119530677795,,0.6313674449920654,
0,0,50,webp,WebP,channels,slc,3.9365234375,3095808,0.28037368692457676,0.041025497019290924,/lustre/scratch/1001/rdelprete/ssm_dataset/focused/PT3/s1c-s1-raw-s-vv-20250424t170801-20250424t170839-002038-0042df.zarr,0,0,7.11484956741333,0.0901007279753685,0.6047590970993042,,0.47063153982162476,
0,1,50,webp,WebP,channels,slc,1.3344523111979167,1049456,0.21901030908338726,0.020437220111489296,/lustre/scratch/1001/rdelprete/ssm_dataset/focused/PT3/s1c-s1-raw-s-vv-20250424t170801-20250424t170839-002038-0042df.zarr,0,512,17.54102325439453,0.2786533236503601,0.7053152918815613,,0.4048762917518616,
0,2,50,webp,WebP,channels,slc,1.8207600911458333,1431904,0.23545045498758554,0.02402438595890999,/lustre/scratch/1001/rdelprete/ssm_dataset/focused/PT3/s1c-s1-raw-s-vv-20250424t170801-20250424t170839-002038-0042df.zarr,0,1024,17.99620819091797,0.16606304049491882,0.6567306518554688,,0.48626959323883057,
0,3,50,webp,WebP,channels,slc,1.0199381510416667,802112,0.20453556114807725,0.017908162204548717,/lustre/scratch/1001/rdelprete/ssm_dataset/focused/PT3/s1c-s1-raw-s-vv-20250424t170801-20250424t170839-002038-0042df.zarr,0,1536,23.976402282714844,-0.014937304891645908,0.5383366942405701,,0.6630510091781616,
0,0,60,webp,WebP,channels,slc,4.340718587239583,3413680,0.2873243228532374,0.04421568918041885,/lustre/scratch/1001/rdelprete/ssm_dataset/focused/PT3/s1c-s1-raw-s-vv-20250424t170801-20250424t170839-002038-0042df.zarr,0,0,7.150878429412842,0.09177085757255554,0.6071359515190125,,0.4697049856185913,
0,1,60,webp,WebP,channels,slc,1.666015625,1310208,0.2310208328999579,0.022990856086835265,/lustre/scratch/1001/rdelprete/ssm_dataset/focused/PT3/s1c-s1-raw-s-vv-20250424t170801-20250424t170839-002038-0042df.zarr,0,512,17.14521598815918,0.2839285135269165,0.7125031352043152,,0.4092746376991272,
0,2,60,webp,WebP,channels,slc,2.1309611002604165,1675856,0.24410975584760308,0.026501406216993928,/lustre/scratch/1001/rdelprete/ssm_dataset/focused/PT3/s1c-s1-raw-s-vv-20250424t170801-20250424t170839-002038-0042df.zarr,0,1024,17.981704711914062,0.17704357206821442,0.670261025428772,,0.47442173957824707,
0,3,60,webp,WebP,channels,slc,1.3017374674479167,1023728,0.21331924898549914,0.020114860264584422,/lustre/scratch/1001/rdelprete/ssm_dataset/focused/PT3/s1c-s1-raw-s-vv-20250424t170801-20250424t170839-002038-0042df.zarr,0,1536,23.64168930053711,-0.011011241003870964,0.5562844276428223,,0.6824496984481812,
0,0,70,webp,WebP,channels,slc,4.754659016927083,3739216,0.294344685273245,0.04737733118236065,/lustre/scratch/1001/rdelprete/ssm_dataset/focused/PT3/s1c-s1-raw-s-vv-20250424t170801-20250424t170839-002038-0042df.zarr,0,0,7.128266334533691,0.09263657033443451,0.6079450249671936,,0.46941614151000977,
0,1,70,webp,WebP,channels,slc,2.0706990559895835,1628464,0.24285956309176981,0.02613488002680242,/lustre/scratch/1001/rdelprete/ssm_dataset/focused/PT3/s1c-s1-raw-s-vv-20250424t170801-20250424t170839-002038-0042df.zarr,0,512,16.99032211303711,0.29602617025375366,0.7240956425666809,,0.40588927268981934,
0,2,70,webp,WebP,channels,slc,2.5745849609375,2024736,0.25504370708949864,0.030136731918901205,/lustre/scratch/1001/rdelprete/ssm_dataset/focused/PT3/s1c-s1-raw-s-vv-20250424t170801-20250424t170839-002038-0042df.zarr,0,1024,17.95380210876465,0.1885731816291809,0.6842566728591919,,0.4628777503967285,
0,3,70,webp,WebP,channels,slc,1.6716105143229167,1314608,0.23002732312306762,0.023021841887384653,/lustre/scratch/1001/rdelprete/ssm_dataset/focused/PT3/s1c-s1-raw-s-vv-20250424t170801-20250424t170839-002038-0042df.zarr,0,1536,23.527429580688477,-0.01008317805826664,0.5719157457351685,,0.6853927373886108,
0,0,80,webp,WebP,channels,slc,5.652994791666667,4445696,0.3104306519962847,0.05453865113668144,/lustre/scratch/1001/rdelprete/ssm_dataset/focused/PT3/s1c-s1-raw-s-vv-20250424t170801-20250424t170839-002038-0042df.zarr,0,0,7.129234313964844,0.09432824701070786,0.6096082925796509,,0.4695022702217102,
0,1,80,webp,WebP,channels,slc,2.9423828125,2313984,0.2632335100788623,0.03332970989868045,/lustre/scratch/1001/rdelprete/ssm_dataset/focused/PT3/s1c-s1-raw-s-vv-20250424t170801-20250424t170839-002038-0042df.zarr,0,512,17.10559844970703,0.3247373700141907,0.7447549700737,,0.39234745502471924,
0,2,80,webp,WebP,channels,slc,3.50494384765625,2756400,0.2731270310468972,0.03779866895638406,/lustre/scratch/1001/rdelprete/ssm_dataset/focused/PT3/s1c-s1-raw-s-vv-20250424t170801-20250424t170839-002038-0042df.zarr,0,1024,17.85190773010254,0.2135867476463318,0.7039468884468079,,0.4418594241142273,
0,3,80,webp,WebP,channels,slc,2.4446614583333335,1922560,0.2519013748969883,0.029202710837125778,/lustre/scratch/1001/rdelprete/ssm_dataset/focused/PT3/s1c-s1-raw-s-vv-20250424t170801-20250424t170839-002038-0042df.zarr,0,1536,23.337953567504883,-0.015059244818985462,0.5949645638465881,,0.6718226671218872,
0,0,90,webp,WebP,channels,slc,7.553243001302083,5940112,0.3400678199250251,0.06956380908377469,/lustre/scratch/1001/rdelprete/ssm_dataset/focused/PT3/s1c-s1-raw-s-vv-20250424t170801-20250424t170839-002038-0042df.zarr,0,0,7.148996353149414,0.09570617973804474,0.6117738485336304,,0.4679521918296814,
0,1,90,webp,WebP,channels,slc,4.8258056640625,3795168,0.296025118092075,0.046305292984470725,/lustre/scratch/1001/rdelprete/ssm_dataset/focused/PT3/s1c-s1-raw-s-vv-20250424t170801-20250424t170839-002038-0042df.zarr,0,512,17.364145278930664,0.36187857389450073,0.7685651183128357,,0.3734384775161743,
0,2,90,webp,WebP,channels,slc,5.310465494791667,4176320,0.3043619890231639,0.051205744966864586,/lustre/scratch/1001/rdelprete/ssm_dataset/focused/PT3/s1c-s1-raw-s-vv-20250424t170801-20250424t170839-002038-0042df.zarr,0,1024,17.97829818725586,0.24448955059051514,0.7225341796875,,0.41462916135787964,
0,3,90,webp,WebP,channels,slc,4.343241373697917,3415664,0.28849756182171404,0.04221448884345591,/lustre/scratch/1001/rdelprete/ssm_dataset/focused/PT3/s1c-s1-raw-s-vv-20250424t170801-20250424t170839-002038-0042df.zarr,0,1536,23.260589599609375,-0.02905367873609066,0.6179049611091614,,0.6457599401473999,
0,0,95,webp,WebP,channels,slc,8.991048177083334,7070848,0.363059668103233,0.0833268731366843,/lustre/scratch/1001/rdelprete/ssm_dataset/focused/PT3/s1c-s1-raw-s-vv-20250424t170801-20250424t170839-002038-0042df.zarr,0,0,7.092548370361328,0.09551919996738434,0.6107466220855713,,0.4697725176811218,
0,1,95,webp,WebP,channels,slc,6.350301106770833,4994080,0.3219929588958621,0.057951906928792596,/lustre/scratch/1001/rdelprete/ssm_dataset/focused/PT3/s1c-s1-raw-s-vv-20250424t170801-20250424t170839-002038-0042df.zarr,0,512,17.237089157104492,0.3645622432231903,0.7707884907722473,,0.3743780255317688,
0,2,95,webp,WebP,channels,slc,6.730875651041667,5293376,0.32666628202423453,0.06103907711803913,/lustre/scratch/1001/rdelprete/ssm_dataset/focused/PT3/s1c-s1-raw-s-vv-20250424t170801-20250424t170839-002038-0042df.zarr,0,1024,17.865337371826172,0.24981331825256348,0.7256806492805481,,0.4108823537826538,
0,3,95,webp,WebP,channels,slc,5.944681803385417,4675088,0.31354117719456553,0.054505140986293554,/lustre/scratch/1001/rdelprete/ssm_dataset/focused/PT3/s1c-s1-raw-s-vv-20250424t170801-20250424t170839-002038-0042df.zarr,0,1536,23.06795883178711,-0.03477426990866661,0.6255857348442078,,0.6406964063644409,
1,4,5,webp,WebP,channels,slc,0.52581787109375,413520,0.17670999304391444,0.013616597978398204,/lustre/scratch/1001/rdelprete/ssm_dataset/focused/PT3/s1c-s1-raw-s-vv-20250424t170801-20250424t170839-002038-0042df.zarr,0,2048,19.815143585205078,-0.14361217617988586,0.28340524435043335,,0.5229800939559937,
1,5,5,webp,WebP,channels,slc,0.08518473307291667,66992,0.15268574701622128,0.008857897017151117,/lustre/scratch/1001/rdelprete/ssm_dataset/focused/PT3/s1c-s1-raw-s-vv-20250424t170801-20250424t170839-002038-0042df.zarr,0,2560,32.55213165283203,0.0020836908370256424,0.5260223150253296,,0.18775594234466553,
1,6,5,webp,WebP,channels,slc,0.08966064453125,70512,0.1520054331049323,0.008418424054980278,/lustre/scratch/1001/rdelprete/ssm_dataset/focused/PT3/s1c-s1-raw-s-vv-20250424t170801-20250424t170839-002038-0042df.zarr,0,3072,31.88739776611328,0.07311086356639862,0.607830822467804,,0.26808232069015503,
1,7,5,webp,WebP,channels,slc,0.23583984375,185472,0.16305021988227963,0.010777137242257595,/lustre/scratch/1001/rdelprete/ssm_dataset/focused/PT3/s1c-s1-raw-s-vv-20250424t170801-20250424t170839-002038-0042df.zarr,0,3584,25.802875518798828,0.14506950974464417,0.5825011134147644,,0.439552366733551,
1,4,10,webp,WebP,channels,slc,0.90069580078125,708336,0.20010572206228971,0.017046749126166105,/lustre/scratch/1001/rdelprete/ssm_dataset/focused/PT3/s1c-s1-raw-s-vv-20250424t170801-20250424t170839-002038-0042df.zarr,0,2048,18.398067474365234,-0.13779819011688232,0.1654130518436432,,0.629285991191864,
1,5,10,webp,WebP,channels,slc,0.16864013671875,132624,0.15743091725744307,0.010162821970880032,/lustre/scratch/1001/rdelprete/ssm_dataset/focused/PT3/s1c-s1-raw-s-vv-20250424t170801-20250424t170839-002038-0042df.zarr,0,2560,31.141830444335938,-0.034129220992326736,0.43303537368774414,,0.3009355068206787,
1,6,10,webp,WebP,channels,slc,0.16518147786458334,129904,0.15645915805362165,0.010071205906569958,/lustre/scratch/1001/rdelprete/ssm_dataset/focused/PT3/s1c-s1-raw-s-vv-20250424t170801-20250424t170839-002038-0042df.zarr,0,3072,30.200040817260742,0.10464569926261902,0.60259610414505,,0.3291250467300415,
1,7,10,webp,WebP,channels,slc,0.4697265625,369408,0.17292755702510476,0.013160808943212032,/lustre/scratch/1001/rdelprete/ssm_dataset/focused/PT3/s1c-s1-raw-s-vv-20250424t170801-20250424t170839-002038-0042df.zarr,0,3584,23.682273864746094,0.16065847873687744,0.5975565314292908,,0.503011167049408,
1,4,20,webp,WebP,channels,slc,1.4739786783854167,1159184,0.22374420193955302,0.021620204206556082,/lustre/scratch/1001/rdelprete/ssm_dataset/focused/PT3/s1c-s1-raw-s-vv-20250424t170801-20250424t170839-002038-0042df.zarr,0,2048,17.180885314941406,-0.13538838922977448,0.06463540345430374,,0.7043768763542175,
1,5,20,webp,WebP,channels,slc,0.45440673828125,357360,0.17686536419205368,0.013084155041724443,/lustre/scratch/1001/rdelprete/ssm_dataset/focused/PT3/s1c-s1-raw-s-vv-20250424t170801-20250424t170839-002038-0042df.zarr,0,2560,29.20688247680664,-0.03911055997014046,0.3590666651725769,,0.5009080171585083,
1,6,20,webp,WebP,channels,slc,0.4571126302083333,359488,0.17485963506624103,0.013175621163100004,/lustre/scratch/1001/rdelprete/ssm_dataset/focused/PT3/s1c-s1-raw-s-vv-20250424t170801-20250424t170839-002038-0042df.zarr,0,3072,27.876506805419922,0.1346164494752884,0.6029638648033142,,0.4657594561576843,
1,7,20,webp,WebP,channels,slc,0.92913818359375,730704,0.19844545680098236,0.017320647137239575,/lustre/scratch/1001/rdelprete/ssm_dataset/focused/PT3/s1c-s1-raw-s-vv-20250424t170801-20250424t170839-002038-0042df.zarr,0,3584,21.608869552612305,0.1683187037706375,0.6504612565040588,,0.5113321542739868,
1,4,30,webp,WebP,channels,slc,1.9790242513020833,1556368,0.23969711968675256,0.02559106913395226,/lustre/scratch/1001/rdelprete/ssm_dataset/focused/PT3/s1c-s1-raw-s-vv-20250424t170801-20250424t170839-002038-0042df.zarr,0,2048,16.713808059692383,-0.13995367288589478,0.017307627946138382,,0.7314227819442749,
1,5,30,webp,WebP,channels,slc,0.7855428059895834,617776,0.1886807580012828,0.01618108991533518,/lustre/scratch/1001/rdelprete/ssm_dataset/focused/PT3/s1c-s1-raw-s-vv-20250424t170801-20250424t170839-002038-0042df.zarr,0,2560,27.911977767944336,-0.03092052787542343,0.35594409704208374,,0.5928449630737305,
1,6,30,webp,WebP,channels,slc,0.7756551106770834,610000,0.18913602689281106,0.0161190761718899,/lustre/scratch/1001/rdelprete/ssm_dataset/focused/PT3/s1c-s1-raw-s-vv-20250424t170801-20250424t170839-002038-0042df.zarr,0,3072,26.661712646484375,0.1405041217803955,0.6233353614807129,,0.5069170594215393,
1,7,30,webp,WebP,channels,slc,1.3734334309895833,1080112,0.21569925406947732,0.020746910711750388,/lustre/scratch/1001/rdelprete/ssm_dataset/focused/PT3/s1c-s1-raw-s-vv-20250424t170801-20250424t170839-002038-0042df.zarr,0,3584,20.453720092773438,0.1747678816318512,0.6974862813949585,,0.4913836717605591,
1,4,40,webp,WebP,channels,slc,2.43341064453125,1913712,0.25261123408563435,0.02913155360147357,/lustre/scratch/1001/rdelprete/ssm_dataset/focused/PT3/s1c-s1-raw-s-vv-20250424t170801-20250424t170839-002038-0042df.zarr,0,2048,16.524627685546875,-0.1523035317659378,0.006250913720577955,,0.7365008592605591,
1,5,40,webp,WebP,channels,slc,1.0868733723958333,854752,0.20577793312259018,0.018606863915920258,/lustre/scratch/1001/rdelprete/ssm_dataset/focused/PT3/s1c-s1-raw-s-vv-20250424t170801-20250424t170839-002038-0042df.zarr,0,2560,27.22599220275879,-0.02678518369793892,0.36985599994659424,,0.6243082284927368,
1,6,40,webp,WebP,channels,slc,1.05987548828125,833520,0.20063972636125982,0.018358803121373057,/lustre/scratch/1001/rdelprete/ssm_dataset/focused/PT3/s1c-s1-raw-s-vv-20250424t170801-20250424t170839-002038-0042df.zarr,0,3072,26.034652709960938,0.14536188542842865,0.6426096558570862,,0.5195785760879517,
1,7,40,webp,WebP,channels,slc,1.7806803385416667,1400384,0.23590382002294064,0.02396581810899079,/lustre/scratch/1001/rdelprete/ssm_dataset/focused/PT3/s1c-s1-raw-s-vv-20250424t170801-20250424t170839-002038-0042df.zarr,0,3584,20.102909088134766,0.1908402442932129,0.732657253742218,,0.46463972330093384,
1,4,50,webp,WebP,channels,slc,2.88104248046875,2265744,0.26229586312547326,0.032713693799450994,/lustre/scratch/1001/rdelprete/ssm_dataset/focused/PT3/s1c-s1-raw-s-vv-20250424t170801-20250424t170839-002038-0042df.zarr,0,2048,16.456148147583008,-0.1641319841146469,0.020481551066040993,,0.7382135391235352,
1,5,50,webp,WebP,channels,slc,1.39794921875,1099392,0.2235366830136627,0.021073790034279227,/lustre/scratch/1001/rdelprete/ssm_dataset/focused/PT3/s1c-s1-raw-s-vv-20250424t170801-20250424t170839-002038-0042df.zarr,0,2560,26.833980560302734,-0.023961689323186874,0.3856489658355713,,0.633965253829956,
1,6,50,webp,WebP,channels,slc,1.4150797526041667,1112864,0.21845518122427166,0.02113178581930697,/lustre/scratch/1001/rdelprete/ssm_dataset/focused/PT3/s1c-s1-raw-s-vv-20250424t170801-20250424t170839-002038-0042df.zarr,0,3072,25.462310791015625,0.1495177447795868,0.6618775129318237,,0.520886242389679,
1,7,50,webp,WebP,channels,slc,2.17718505859375,1712208,0.24672990990802646,0.027119607897475362,/lustre/scratch/1001/rdelprete/ssm_dataset/focused/PT3/s1c-s1-raw-s-vv-20250424t170801-20250424t170839-002038-0042df.zarr,0,3584,19.877498626708984,0.2032863199710846,0.7532800436019897,,0.44770461320877075,
1,4,60,webp,WebP,channels,slc,3.3117268880208335,2604448,0.2695536760147661,0.036044896114617586,/lustre/scratch/1001/rdelprete/ssm_dataset/focused/PT3/s1c-s1-raw-s-vv-20250424t170801-20250424t170839-002038-0042df.zarr,0,2048,16.44664192199707,-0.17515724897384644,0.029780970886349678,,0.7367751598358154,
1,5,60,webp,WebP,channels,slc,1.75494384765625,1380144,0.23534703999757767,0.023822275223210454,/lustre/scratch/1001/rdelprete/ssm_dataset/focused/PT3/s1c-s1-raw-s-vv-20250424t170801-20250424t170839-002038-0042df.zarr,0,2560,26.57334327697754,-0.023786114528775215,0.39966025948524475,,0.6410910487174988,
1,6,60,webp,WebP,channels,slc,1.7679646809895833,1390384,0.23570908908732235,0.023923074128106236,/lustre/scratch/1001/rdelprete/ssm_dataset/focused/PT3/s1c-s1-raw-s-vv-20250424t170801-20250424t170839-002038-0042df.zarr,0,3072,25.218603134155273,0.15845637023448944,0.6804441213607788,,0.5104265213012695,
1,7,60,webp,WebP,channels,slc,2.5722249348958335,2022880,0.25549305602908134,0.030195499770343304,/lustre/scratch/1001/rdelprete/ssm_dataset/focused/PT3/s1c-s1-raw-s-vv-20250424t170801-20250424t170839-002038-0042df.zarr,0,3584,19.86823844909668,0.21801981329917908,0.7694019675254822,,0.43133026361465454,
1,4,70,webp,WebP,channels,slc,3.69873046875,2908800,0.2760543723125011,0.03903347905725241,/lustre/scratch/1001/rdelprete/ssm_dataset/focused/PT3/s1c-s1-raw-s-vv-20250424t170801-20250424t170839-002038-0042df.zarr,0,2048,16.52776336669922,-0.1880459040403366,0.033836498856544495,,0.7326543927192688,
1,5,70,webp,WebP,channels,slc,2.1881306966145835,1720816,0.2471326100639999,0.02724619605578482,/lustre/scratch/1001/rdelprete/ssm_dataset/focused/PT3/s1c-s1-raw-s-vv-20250424t170801-20250424t170839-002038-0042df.zarr,0,2560,26.36941146850586,-0.023820145055651665,0.41212376952171326,,0.6461100578308105,
1,6,70,webp,WebP,channels,slc,2.0956827799479165,1648112,0.24482601298950613,0.026469259057193995,/lustre/scratch/1001/rdelprete/ssm_dataset/focused/PT3/s1c-s1-raw-s-vv-20250424t170801-20250424t170839-002038-0042df.zarr,0,3072,25.229297637939453,0.17138618230819702,0.6973701119422913,,0.49588412046432495,
1,7,70,webp,WebP,channels,slc,2.94683837890625,2317488,0.2636387140955776,0.03317219624295831,/lustre/scratch/1001/rdelprete/ssm_dataset/focused/PT3/s1c-s1-raw-s-vv-20250424t170801-20250424t170839-002038-0042df.zarr,0,3584,19.967798233032227,0.23334912955760956,0.7827152013778687,,0.41595953702926636,
1,4,80,webp,WebP,channels,slc,4.647420247395833,3654880,0.291791939875111,0.046015941770747304,/lustre/scratch/1001/rdelprete/ssm_dataset/focused/PT3/s1c-s1-raw-s-vv-20250424t170801-20250424t170839-002038-0042df.zarr,0,2048,16.584245681762695,-0.2095644176006317,0.04098588973283768,,0.7241628170013428,
1,5,80,webp,WebP,channels,slc,3.0513509114583335,2399680,0.264738482888788,0.03424287214875221,/lustre/scratch/1001/rdelprete/ssm_dataset/focused/PT3/s1c-s1-raw-s-vv-20250424t170801-20250424t170839-002038-0042df.zarr,0,2560,26.4888858795166,-0.03217947110533714,0.43120503425598145,,0.6297352313995361,
1,6,80,webp,WebP,channels,slc,3.0340372721354165,2386064,0.2650429750792682,0.034054060000926256,/lustre/scratch/1001/rdelprete/ssm_dataset/focused/PT3/s1c-s1-raw-s-vv-20250424t170801-20250424t170839-002038-0042df.zarr,0,3072,25.143901824951172,0.19535046815872192,0.7250338792800903,,0.46951615810394287,
1,7,80,webp,WebP,channels,slc,3.873291015625,3046080,0.2797029879875481,0.04041257407516241,/lustre/scratch/1001/rdelprete/ssm_dataset/focused/PT3/s1c-s1-raw-s-vv-20250424t170801-20250424t170839-002038-0042df.zarr,0,3584,19.98855209350586,0.2618209719657898,0.8029415011405945,,0.3927801847457886,
1,4,90,webp,WebP,channels,slc,6.517720540364583,5125744,0.3223851341754198,0.060406164964661,/lustre/scratch/1001/rdelprete/ssm_dataset/focused/PT3/s1c-s1-raw-s-vv-20250424t170801-20250424t170839-002038-0042df.zarr,0,2048,16.59795570373535,-0.2310073971748352,0.04913749918341637,,0.7190273404121399,
1,5,90,webp,WebP,channels,slc,5.045735677083333,3968128,0.2987151260022074,0.04862231505103409,/lustre/scratch/1001/rdelprete/ssm_dataset/focused/PT3/s1c-s1-raw-s-vv-20250424t170801-20250424t170839-002038-0042df.zarr,0,2560,26.60670280456543,-0.04587826505303383,0.45139074325561523,,0.6063821315765381,
1,6,90,webp,WebP,channels,slc,5.058736165364583,3978352,0.29919131472706795,0.047973599284887314,/lustre/scratch/1001/rdelprete/ssm_dataset/focused/PT3/s1c-s1-raw-s-vv-20250424t170801-20250424t170839-002038-0042df.zarr,0,3072,25.258609771728516,0.23248173296451569,0.7511957287788391,,0.4373469352722168,
1,7,90,webp,WebP,channels,slc,5.740071614583333,4514176,0.310149563010782,0.054439203115180135,/lustre/scratch/1001/rdelprete/ssm_dataset/focused/PT3/s1c-s1-raw-s-vv-20250424t170801-20250424t170839-002038-0042df.zarr,0,3584,19.945343017578125,0.28716516494750977,0.8194826245307922,,0.37093019485473633,
1,4,95,webp,WebP,channels,slc,7.866861979166667,6186752,0.3416205430403352,0.07096076989546418,/lustre/scratch/1001/rdelprete/ssm_dataset/focused/PT3/s1c-s1-raw-s-vv-20250424t170801-20250424t170839-002038-0042df.zarr,0,2048,16.53265380859375,-0.2328479290008545,0.05358264595270157,,0.7206142544746399,
1,5,95,webp,WebP,channels,slc,6.498881022135417,5110928,0.32201445009559393,0.05922278994694352,/lustre/scratch/1001/rdelprete/ssm_dataset/focused/PT3/s1c-s1-raw-s-vv-20250424t170801-20250424t170839-002038-0042df.zarr,0,2560,26.42728614807129,-0.04755139723420143,0.4558296203613281,,0.6078859567642212,
1,6,95,webp,WebP,channels,slc,6.502237955729167,5113568,0.32132956106215715,0.05924315005540848,/lustre/scratch/1001/rdelprete/ssm_dataset/focused/PT3/s1c-s1-raw-s-vv-20250424t170801-20250424t170839-002038-0042df.zarr,0,3072,25.051189422607422,0.23363763093948364,0.7546902894973755,,0.435106098651886,
1,7,95,webp,WebP,channels,slc,7.14569091796875,5619600,0.33135021082125604,0.0644518609624356,/lustre/scratch/1001/rdelprete/ssm_dataset/focused/PT3/s1c-s1-raw-s-vv-20250424t170801-20250424t170839-002038-0042df.zarr,0,3584,19.8906192779541,0.29288291931152344,0.8229586482048035,,0.36590152978897095,
2,8,5,webp,WebP,channels,slc,0.043436686197916664,34160,0.1452501870226115,0.0076822261326014996,/lustre/scratch/1001/rdelprete/ssm_dataset/focused/PT3/s1c-s1-raw-s-vv-20250424t170801-20250424t170839-002038-0042df.zarr,0,4096,27.004566192626953,0.025160573422908783,0.6735681295394897,,0.1919439435005188,
2,9,5,webp,WebP,channels,slc,0.5064493815104166,398288,0.17339621600694954,0.01327977585606277,/lustre/scratch/1001/rdelprete/ssm_dataset/focused/PT3/s1c-s1-raw-s-vv-20250424t170801-20250424t170839-002038-0042df.zarr,0,4608,16.83485984802246,-0.12343882769346237,0.341448038816452,,0.5867725610733032,
2,10,5,webp,WebP,channels,slc,0.84722900390625,666288,0.19996572309173644,0.016790898982435465,/lustre/scratch/1001/rdelprete/ssm_dataset/focused/PT3/s1c-s1-raw-s-vv-20250424t170801-20250424t170839-002038-0042df.zarr,0,5120,13.690901756286621,-0.11446496844291687,0.22605574131011963,,0.7075809240341187,
2,11,5,webp,WebP,channels,slc,1.01239013671875,796176,0.2094930789899081,0.018258375115692616,/lustre/scratch/1001/rdelprete/ssm_dataset/focused/PT3/s1c-s1-raw-s-vv-20250424t170801-20250424t170839-002038-0042df.zarr,0,5632,15.725089073181152,0.05777148902416229,0.4768240451812744,,0.5928255319595337,
2,8,10,webp,WebP,channels,slc,0.051717122395833336,40672,0.14791154488921165,0.007796987192705274,/lustre/scratch/1001/rdelprete/ssm_dataset/focused/PT3/s1c-s1-raw-s-vv-20250424t170801-20250424t170839-002038-0042df.zarr,0,4096,27.06381607055664,0.02672920562326908,0.6465988755226135,,0.19770240783691406,
2,9,10,webp,WebP,channels,slc,0.8646443684895834,679984,0.1982472229283303,0.016636767890304327,/lustre/scratch/1001/rdelprete/ssm_dataset/focused/PT3/s1c-s1-raw-s-vv-20250424t170801-20250424t170839-002038-0042df.zarr,0,4608,15.267646789550781,-0.11184535920619965,0.2413661926984787,,0.6937544941902161,
2,10,10,webp,WebP,channels,slc,1.3204752604166667,1038464,0.21981910290196538,0.020656918874010444,/lustre/scratch/1001/rdelprete/ssm_dataset/focused/PT3/s1c-s1-raw-s-vv-20250424t170801-20250424t170839-002038-0042df.zarr,0,5120,12.263321876525879,-0.09952199459075928,0.18490949273109436,,0.7761553525924683,
2,11,10,webp,WebP,channels,slc,1.4960734049479167,1176560,0.22715849778614938,0.02206929214298725,/lustre/scratch/1001/rdelprete/ssm_dataset/focused/PT3/s1c-s1-raw-s-vv-20250424t170801-20250424t170839-002038-0042df.zarr,0,5632,14.861945152282715,0.06954171508550644,0.4994266629219055,,0.5993810296058655,
2,8,20,webp,WebP,channels,slc,0.07753499348958333,60976,0.15072543686255813,0.008041542023420334,/lustre/scratch/1001/rdelprete/ssm_dataset/focused/PT3/s1c-s1-raw-s-vv-20250424t170801-20250424t170839-002038-0042df.zarr,0,4096,26.537429809570312,0.030665326863527298,0.6244617700576782,,0.22237080335617065,
2,9,20,webp,WebP,channels,slc,1.43743896484375,1130448,0.22200295678339899,0.02125516999512911,/lustre/scratch/1001/rdelprete/ssm_dataset/focused/PT3/s1c-s1-raw-s-vv-20250424t170801-20250424t170839-002038-0042df.zarr,0,4608,13.909046173095703,-0.09940220415592194,0.19609768688678741,,0.7636520862579346,
2,10,20,webp,WebP,channels,slc,2.0261637369791665,1593440,0.24241886683739722,0.026048131054267287,/lustre/scratch/1001/rdelprete/ssm_dataset/focused/PT3/s1c-s1-raw-s-vv-20250424t170801-20250424t170839-002038-0042df.zarr,0,5120,11.517457962036133,-0.09549738466739655,0.19379155337810516,,0.8111759424209595,
2,11,20,webp,WebP,channels,slc,2.2541300455729165,1772720,0.24962926912121475,0.027807872975245118,/lustre/scratch/1001/rdelprete/ssm_dataset/focused/PT3/s1c-s1-raw-s-vv-20250424t170801-20250424t170839-002038-0042df.zarr,0,5632,14.478201866149902,0.08107014000415802,0.5306975841522217,,0.5919268131256104,
2,8,30,webp,WebP,channels,slc,0.14396158854166666,113216,0.15638122311793268,0.009230211842805147,/lustre/scratch/1001/rdelprete/ssm_dataset/focused/PT3/s1c-s1-raw-s-vv-20250424t170801-20250424t170839-002038-0042df.zarr,0,4096,25.12717056274414,0.03180733323097229,0.5963175296783447,,0.26879602670669556,
2,9,30,webp,WebP,channels,slc,1.9483642578125,1532256,0.2387815269175917,0.025530459824949503,/lustre/scratch/1001/rdelprete/ssm_dataset/focused/PT3/s1c-s1-raw-s-vv-20250424t170801-20250424t170839-002038-0042df.zarr,0,4608,13.32063102722168,-0.09599104523658752,0.19729094207286835,,0.7907304167747498,
2,10,30,webp,WebP,channels,slc,2.637939453125,2074560,0.25707315118052065,0.03095427085645497,/lustre/scratch/1001/rdelprete/ssm_dataset/focused/PT3/s1c-s1-raw-s-vv-20250424t170801-20250424t170839-002038-0042df.zarr,0,5120,11.460866928100586,-0.098789282143116,0.21081013977527618,,0.8159745931625366,
2,11,30,webp,WebP,channels,slc,3.0504353841145835,2398960,0.26557861478067935,0.03433261485770345,/lustre/scratch/1001/rdelprete/ssm_dataset/focused/PT3/s1c-s1-raw-s-vv-20250424t170801-20250424t170839-002038-0042df.zarr,0,5632,14.681439399719238,0.09266982972621918,0.5552932024002075,,0.5763182640075684,
2,8,40,webp,WebP,channels,slc,0.23164876302083334,182176,0.1616502539254725,0.010333555052056909,/lustre/scratch/1001/rdelprete/ssm_dataset/focused/PT3/s1c-s1-raw-s-vv-20250424t170801-20250424t170839-002038-0042df.zarr,0,4096,24.342336654663086,0.0369265154004097,0.5723816752433777,,0.31792765855789185,
2,9,40,webp,WebP,channels,slc,2.3589274088541665,1855136,0.24966132687404752,0.028528996976092458,/lustre/scratch/1001/rdelprete/ssm_dataset/focused/PT3/s1c-s1-raw-s-vv-20250424t170801-20250424t170839-002038-0042df.zarr,0,4608,13.154891967773438,-0.09848657250404358,0.20490726828575134,,0.7985078692436218,
2,10,40,webp,WebP,channels,slc,3.18035888671875,2501136,0.2672325780149549,0.03497913805767894,/lustre/scratch/1001/rdelprete/ssm_dataset/focused/PT3/s1c-s1-raw-s-vv-20250424t170801-20250424t170839-002038-0042df.zarr,0,5120,11.475652694702148,-0.1036822721362114,0.21977609395980835,,0.8171710968017578,
2,11,40,webp,WebP,channels,slc,3.4559326171875,2717856,0.2720713880844414,0.03722903900779784,/lustre/scratch/1001/rdelprete/ssm_dataset/focused/PT3/s1c-s1-raw-s-vv-20250424t170801-20250424t170839-002038-0042df.zarr,0,5632,14.720931053161621,0.09664725512266159,0.5635313987731934,,0.5713062882423401,
2,8,50,webp,WebP,channels,slc,0.34991455078125,275184,0.17073324718512595,0.012023383984342217,/lustre/scratch/1001/rdelprete/ssm_dataset/focused/PT3/s1c-s1-raw-s-vv-20250424t170801-20250424t170839-002038-0042df.zarr,0,4096,23.56787109375,0.03870018199086189,0.51079261302948,,0.44229620695114136,
2,9,50,webp,WebP,channels,slc,2.79913330078125,2201328,0.2611392200924456,0.03224489511922002,/lustre/scratch/1001/rdelprete/ssm_dataset/focused/PT3/s1c-s1-raw-s-vv-20250424t170801-20250424t170839-002038-0042df.zarr,0,4608,13.118513107299805,-0.10175012797117233,0.21401777863502502,,0.8019562363624573,
2,10,50,webp,WebP,channels,slc,3.6065470377604165,2836304,0.2760684830136597,0.03841093205846846,/lustre/scratch/1001/rdelprete/ssm_dataset/focused/PT3/s1c-s1-raw-s-vv-20250424t170801-20250424t170839-002038-0042df.zarr,0,5120,11.553359031677246,-0.10828440636396408,0.22547872364521027,,0.8156073093414307,
2,11,50,webp,WebP,channels,slc,3.8834431966145835,3054064,0.2817607547622174,0.04059549584053457,/lustre/scratch/1001/rdelprete/ssm_dataset/focused/PT3/s1c-s1-raw-s-vv-20250424t170801-20250424t170839-002038-0042df.zarr,0,5632,14.855097770690918,0.10221170634031296,0.5730822682380676,,0.5632511377334595,
2,8,60,webp,WebP,channels,slc,0.527587890625,414912,0.18144796206615865,0.013796275947242975,/lustre/scratch/1001/rdelprete/ssm_dataset/focused/PT3/s1c-s1-raw-s-vv-20250424t170801-20250424t170839-002038-0042df.zarr,0,4096,23.36016845703125,0.034029096364974976,0.4397165775299072,,0.5809173583984375,
2,9,60,webp,WebP,channels,slc,3.2137858072916665,2527424,0.2680715180467814,0.03541418700478971,/lustre/scratch/1001/rdelprete/ssm_dataset/focused/PT3/s1c-s1-raw-s-vv-20250424t170801-20250424t170839-002038-0042df.zarr,0,4608,13.144669532775879,-0.10648253560066223,0.22048760950565338,,0.8028057813644409,
2,10,60,webp,WebP,channels,slc,4.05169677734375,3186384,0.28226916189305484,0.0418720378074795,/lustre/scratch/1001/rdelprete/ssm_dataset/focused/PT3/s1c-s1-raw-s-vv-20250424t170801-20250424t170839-002038-0042df.zarr,0,5120,11.697526931762695,-0.11455585807561874,0.22867907583713531,,0.8121986389160156,
2,11,60,webp,WebP,channels,slc,4.330159505208333,3405376,0.28669090010225773,0.044096361147239804,/lustre/scratch/1001/rdelprete/ssm_dataset/focused/PT3/s1c-s1-raw-s-vv-20250424t170801-20250424t170839-002038-0042df.zarr,0,5632,14.843897819519043,0.10336630046367645,0.5772548317909241,,0.5610554218292236,
2,8,70,webp,WebP,channels,slc,0.7752482096354166,609680,0.1964543212670833,0.016341177048161626,/lustre/scratch/1001/rdelprete/ssm_dataset/focused/PT3/s1c-s1-raw-s-vv-20250424t170801-20250424t170839-002038-0042df.zarr,0,4096,22.459274291992188,0.044371455907821655,0.45677250623703003,,0.6160784959793091,
2,9,70,webp,WebP,channels,slc,3.6243896484375,2850336,0.2753996178507805,0.03847441612742841,/lustre/scratch/1001/rdelprete/ssm_dataset/focused/PT3/s1c-s1-raw-s-vv-20250424t170801-20250424t170839-002038-0042df.zarr,0,4608,13.207210540771484,-0.1115482822060585,0.22560323774814606,,0.8002743721008301,
2,10,70,webp,WebP,channels,slc,4.483662923177083,3526096,0.2902775350958109,0.04502149112522602,/lustre/scratch/1001/rdelprete/ssm_dataset/focused/PT3/s1c-s1-raw-s-vv-20250424t170801-20250424t170839-002038-0042df.zarr,0,5120,11.684807777404785,-0.11584620922803879,0.23317882418632507,,0.8127883076667786,
2,11,70,webp,WebP,channels,slc,4.739644368489583,3727408,0.29377900203689933,0.047136812936514616,/lustre/scratch/1001/rdelprete/ssm_dataset/focused/PT3/s1c-s1-raw-s-vv-20250424t170801-20250424t170839-002038-0042df.zarr,0,5632,14.86550521850586,0.10705899447202682,0.5816797614097595,,0.5587049722671509,
2,8,80,webp,WebP,channels,slc,1.3404134114583333,1054144,0.2202098851557821,0.02085537393577397,/lustre/scratch/1001/rdelprete/ssm_dataset/focused/PT3/s1c-s1-raw-s-vv-20250424t170801-20250424t170839-002038-0042df.zarr,0,4096,21.37122917175293,0.06174807623028755,0.5132691264152527,,0.603461742401123,
2,9,80,webp,WebP,channels,slc,4.583882649739583,3604912,0.29105363111011684,0.04556154413148761,/lustre/scratch/1001/rdelprete/ssm_dataset/focused/PT3/s1c-s1-raw-s-vv-20250424t170801-20250424t170839-002038-0042df.zarr,0,4608,13.337960243225098,-0.12050976604223251,0.2334877848625183,,0.7989632487297058,
2,10,80,webp,WebP,channels,slc,5.35345458984375,4210128,0.3034260051790625,0.05183937796391547,/lustre/scratch/1001/rdelprete/ssm_dataset/focused/PT3/s1c-s1-raw-s-vv-20250424t170801-20250424t170839-002038-0042df.zarr,0,5120,11.738070487976074,-0.12057439982891083,0.23801030218601227,,0.812341034412384,
2,11,80,webp,WebP,channels,slc,5.651529947916667,4444544,0.30964553193189204,0.05433759093284607,/lustre/scratch/1001/rdelprete/ssm_dataset/focused/PT3/s1c-s1-raw-s-vv-20250424t170801-20250424t170839-002038-0042df.zarr,0,5632,14.91353988647461,0.11016078293323517,0.5873873233795166,,0.5544605255126953,
2,8,90,webp,WebP,channels,slc,3.26629638671875,2568720,0.26877912296913564,0.033935431856662035,/lustre/scratch/1001/rdelprete/ssm_dataset/focused/PT3/s1c-s1-raw-s-vv-20250424t170801-20250424t170839-002038-0042df.zarr,0,4096,21.1575984954834,0.0953982025384903,0.5862420201301575,,0.5683553218841553,
2,9,90,webp,WebP,channels,slc,6.40484619140625,5036976,0.3204026601742953,0.059484219178557396,/lustre/scratch/1001/rdelprete/ssm_dataset/focused/PT3/s1c-s1-raw-s-vv-20250424t170801-20250424t170839-002038-0042df.zarr,0,4608,13.443611145019531,-0.1295796036720276,0.2401445508003235,,0.796146035194397,
2,10,90,webp,WebP,channels,slc,7.239481608072917,5693360,0.33346080500632524,0.06642998987808824,/lustre/scratch/1001/rdelprete/ssm_dataset/focused/PT3/s1c-s1-raw-s-vv-20250424t170801-20250424t170839-002038-0042df.zarr,0,5120,11.757274627685547,-0.12350711226463318,0.24231410026550293,,0.812344491481781,
2,11,90,webp,WebP,channels,slc,7.517435709635417,5911952,0.3380019832402468,0.06919718207791448,/lustre/scratch/1001/rdelprete/ssm_dataset/focused/PT3/s1c-s1-raw-s-vv-20250424t170801-20250424t170839-002038-0042df.zarr,0,5632,14.997589111328125,0.11357364058494568,0.5927897691726685,,0.5502364635467529,
2,8,95,webp,WebP,channels,slc,4.610921223958333,3626176,0.2920605600811541,0.044264242984354496,/lustre/scratch/1001/rdelprete/ssm_dataset/focused/PT3/s1c-s1-raw-s-vv-20250424t170801-20250424t170839-002038-0042df.zarr,0,4096,21.330785751342773,0.10718360543251038,0.6065630316734314,,0.5535440444946289,
2,9,95,webp,WebP,channels,slc,7.737955729166667,6085376,0.3401351298671216,0.06956816394813359,/lustre/scratch/1001/rdelprete/ssm_dataset/focused/PT3/s1c-s1-raw-s-vv-20250424t170801-20250424t170839-002038-0042df.zarr,0,4608,13.32388687133789,-0.12689241766929626,0.24307510256767273,,0.7993872165679932,
2,10,95,webp,WebP,channels,slc,8.7138671875,6852864,0.3589189078193158,0.08002688782289624,/lustre/scratch/1001/rdelprete/ssm_dataset/focused/PT3/s1c-s1-raw-s-vv-20250424t170801-20250424t170839-002038-0042df.zarr,0,5120,11.714820861816406,-0.12296224385499954,0.243927463889122,,0.813339114189148,
2,11,95,webp,WebP,channels,slc,8.9649658203125,7050336,0.360562426969409,0.08305729296989739,/lustre/scratch/1001/rdelprete/ssm_dataset/focused/PT3/s1c-s1-raw-s-vv-20250424t170801-20250424t170839-002038-0042df.zarr,0,5632,14.932843208312988,0.11339472234249115,0.5931029915809631,,0.5508981943130493,
3,12,5,webp,WebP,channels,slc,1.0564778645833333,830848,0.210523301968351,0.018621206050738692,/lustre/scratch/1001/rdelprete/ssm_dataset/focused/PT3/s1c-s1-raw-s-vv-20250424t170801-20250424t170839-002038-0042df.zarr,0,6144,9.10760498046875,0.20242075622081757,0.6335254311561584,,0.4797537326812744,
3,13,5,webp,WebP,channels,slc,1.2465616861979167,980336,0.21800005296245217,0.020153627963736653,/lustre/scratch/1001/rdelprete/ssm_dataset/focused/PT3/s1c-s1-raw-s-vv-20250424t170801-20250424t170839-002038-0042df.zarr,0,6656,10.245155334472656,0.15382233262062073,0.5968613028526306,,0.5236611366271973,
3,14,5,webp,WebP,channels,slc,0.5597330729166666,440192,0.17901629814878106,0.013860512059181929,/lustre/scratch/1001/rdelprete/ssm_dataset/focused/PT3/s1c-s1-raw-s-vv-20250424t170801-20250424t170839-002038-0042df.zarr,0,7168,11.112757682800293,-0.03808804973959923,0.3956451117992401,,0.5944939851760864,
3,15,5,webp,WebP,channels,slc,0.8721923828125,685920,0.20033462299034,0.01696449681185186,/lustre/scratch/1001/rdelprete/ssm_dataset/focused/PT3/s1c-s1-raw-s-vv-20250424t170801-20250424t170839-002038-0042df.zarr,0,7680,16.99251365661621,-0.10749763250350952,0.061759255826473236,,0.8021100163459778,
3,12,10,webp,WebP,channels,slc,1.541748046875,1212480,0.2290072040632367,0.02253342396579683,/lustre/scratch/1001/rdelprete/ssm_dataset/focused/PT3/s1c-s1-raw-s-vv-20250424t170801-20250424t170839-002038-0042df.zarr,0,6144,8.215154647827148,0.21158547699451447,0.660830020904541,,0.47566795349121094,
3,13,10,webp,WebP,channels,slc,1.7434895833333333,1371136,0.23630825197324157,0.02407386782579124,/lustre/scratch/1001/rdelprete/ssm_dataset/focused/PT3/s1c-s1-raw-s-vv-20250424t170801-20250424t170839-002038-0042df.zarr,0,6656,9.766666412353516,0.16776973009109497,0.6248842477798462,,0.5150759816169739,
3,14,10,webp,WebP,channels,slc,0.93572998046875,735888,0.20212309691123664,0.017290351912379265,/lustre/scratch/1001/rdelprete/ssm_dataset/focused/PT3/s1c-s1-raw-s-vv-20250424t170801-20250424t170839-002038-0042df.zarr,0,7168,9.641600608825684,-0.02432568371295929,0.3536243736743927,,0.6701931953430176,
3,15,10,webp,WebP,channels,slc,1.3377482096354167,1052048,0.22044891095720232,0.02084913500584662,/lustre/scratch/1001/rdelprete/ssm_dataset/focused/PT3/s1c-s1-raw-s-vv-20250424t170801-20250424t170839-002038-0042df.zarr,0,7680,15.709938049316406,-0.09085166454315186,0.046950362622737885,,0.8767225742340088,
3,12,20,webp,WebP,channels,slc,2.3304239908854165,1832720,0.2509766770526767,0.028529548086225986,/lustre/scratch/1001/rdelprete/ssm_dataset/focused/PT3/s1c-s1-raw-s-vv-20250424t170801-20250424t170839-002038-0042df.zarr,0,6144,7.863123893737793,0.2354772686958313,0.6996815800666809,,0.4557584524154663,
3,13,20,webp,WebP,channels,slc,2.6209920247395835,2061232,0.25764899980276823,0.03087103576399386,/lustre/scratch/1001/rdelprete/ssm_dataset/focused/PT3/s1c-s1-raw-s-vv-20250424t170801-20250424t170839-002038-0042df.zarr,0,6656,9.673429489135742,0.19057823717594147,0.6613802909851074,,0.49422717094421387,
3,14,20,webp,WebP,channels,slc,1.517822265625,1193664,0.2254165338817984,0.021933379815891385,/lustre/scratch/1001/rdelprete/ssm_dataset/focused/PT3/s1c-s1-raw-s-vv-20250424t170801-20250424t170839-002038-0042df.zarr,0,7168,8.3604154586792,-0.010148147121071815,0.36294025182724,,0.700643002986908,
3,15,20,webp,WebP,channels,slc,2.0304972330729165,1596848,0.2428680951707065,0.02595013496465981,/lustre/scratch/1001/rdelprete/ssm_dataset/focused/PT3/s1c-s1-raw-s-vv-20250424t170801-20250424t170839-002038-0042df.zarr,0,7680,14.976749420166016,-0.08847595751285553,0.12350820749998093,,0.9211467504501343,
3,12,30,webp,WebP,channels,slc,3.0685017903645835,2413168,0.2654299819841981,0.0343043829780072,/lustre/scratch/1001/rdelprete/ssm_dataset/focused/PT3/s1c-s1-raw-s-vv-20250424t170801-20250424t170839-002038-0042df.zarr,0,6144,8.055547714233398,0.2635164260864258,0.7284523844718933,,0.43367958068847656,
3,13,30,webp,WebP,channels,slc,3.3700764973958335,2650336,0.27064162702299654,0.036868562921881676,/lustre/scratch/1001/rdelprete/ssm_dataset/focused/PT3/s1c-s1-raw-s-vv-20250424t170801-20250424t170839-002038-0042df.zarr,0,6656,9.886076927185059,0.21011334657669067,0.6838226318359375,,0.47752052545547485,
3,14,30,webp,WebP,channels,slc,2.0426432291666665,1606400,0.24133021524176002,0.02620859001763165,/lustre/scratch/1001/rdelprete/ssm_dataset/focused/PT3/s1c-s1-raw-s-vv-20250424t170801-20250424t170839-002038-0042df.zarr,0,7168,7.813661575317383,-0.00376911205239594,0.38355886936187744,,0.7054358720779419,
3,15,30,webp,WebP,channels,slc,2.690673828125,2116032,0.25871325423941016,0.03128891019150615,/lustre/scratch/1001/rdelprete/ssm_dataset/focused/PT3/s1c-s1-raw-s-vv-20250424t170801-20250424t170839-002038-0042df.zarr,0,7680,15.007033348083496,-0.09750566631555557,0.15767550468444824,,0.9348641037940979,
3,12,40,webp,WebP,channels,slc,3.55291748046875,2794128,0.2779181292280555,0.038118435302749276,/lustre/scratch/1001/rdelprete/ssm_dataset/focused/PT3/s1c-s1-raw-s-vv-20250424t170801-20250424t170839-002038-0042df.zarr,0,6144,8.06458568572998,0.2738962173461914,0.739059329032898,,0.4262378215789795,
3,13,40,webp,WebP,channels,slc,3.8898722330729165,3059120,0.2788888057693839,0.040833180071786046,/lustre/scratch/1001/rdelprete/ssm_dataset/focused/PT3/s1c-s1-raw-s-vv-20250424t170801-20250424t170839-002038-0042df.zarr,0,6656,9.84597110748291,0.2158072143793106,0.6913112998008728,,0.4734675884246826,
3,14,40,webp,WebP,channels,slc,2.4959920247395835,1962928,0.25322415586560965,0.029766320949420333,/lustre/scratch/1001/rdelprete/ssm_dataset/focused/PT3/s1c-s1-raw-s-vv-20250424t170801-20250424t170839-002038-0042df.zarr,0,7168,7.621687889099121,-0.0005539822159335017,0.4009561836719513,,0.7028987407684326,
3,15,40,webp,WebP,channels,slc,3.2136433919270835,2527312,0.2684815691318363,0.03534812806174159,/lustre/scratch/1001/rdelprete/ssm_dataset/focused/PT3/s1c-s1-raw-s-vv-20250424t170801-20250424t170839-002038-0042df.zarr,0,7680,15.011785507202148,-0.10407422482967377,0.17260804772377014,,0.9378507137298584,
3,12,50,webp,WebP,channels,slc,3.9276326497395835,3088816,0.28030363377183676,0.04091844684444368,/lustre/scratch/1001/rdelprete/ssm_dataset/focused/PT3/s1c-s1-raw-s-vv-20250424t170801-20250424t170839-002038-0042df.zarr,0,6144,8.25832462310791,0.28769126534461975,0.7489995360374451,,0.41715556383132935,
3,13,50,webp,WebP,channels,slc,4.207763671875,3309120,0.2844478387851268,0.04313574987463653,/lustre/scratch/1001/rdelprete/ssm_dataset/focused/PT3/s1c-s1-raw-s-vv-20250424t170801-20250424t170839-002038-0042df.zarr,0,6656,10.048418045043945,0.22596386075019836,0.6992068886756897,,0.4667079448699951,
3,14,50,webp,WebP,channels,slc,2.933349609375,2306880,0.26229769503697753,0.0331477380823344,/lustre/scratch/1001/rdelprete/ssm_dataset/focused/PT3/s1c-s1-raw-s-vv-20250424t170801-20250424t170839-002038-0042df.zarr,0,7168,7.64332389831543,0.0009162906208075583,0.4138416647911072,,0.6976412534713745,
3,15,50,webp,WebP,channels,slc,3.5838419596354165,2818448,0.27508308505639434,0.03821516898460686,/lustre/scratch/1001/rdelprete/ssm_dataset/focused/PT3/s1c-s1-raw-s-vv-20250424t170801-20250424t170839-002038-0042df.zarr,0,7680,15.06115436553955,-0.10744309425354004,0.1810498833656311,,0.9407129287719727,
3,12,60,webp,WebP,channels,slc,4.35406494140625,3424176,0.28756295097991824,0.044122141087427735,/lustre/scratch/1001/rdelprete/ssm_dataset/focused/PT3/s1c-s1-raw-s-vv-20250424t170801-20250424t170839-002038-0042df.zarr,0,6144,8.385228157043457,0.2987094223499298,0.7568411231040955,,0.41059237718582153,
3,13,60,webp,WebP,channels,slc,4.624593098958333,3636928,0.2911260991822928,0.046243071323260665,/lustre/scratch/1001/rdelprete/ssm_dataset/focused/PT3/s1c-s1-raw-s-vv-20250424t170801-20250424t170839-002038-0042df.zarr,0,6656,10.139644622802734,0.2331039160490036,0.705424964427948,,0.46214759349823,
3,14,60,webp,WebP,channels,slc,3.3315022786458335,2620000,0.26992248627357185,0.036296379985287786,/lustre/scratch/1001/rdelprete/ssm_dataset/focused/PT3/s1c-s1-raw-s-vv-20250424t170801-20250424t170839-002038-0042df.zarr,0,7168,7.682448387145996,-3.877139533869922e-05,0.42159897089004517,,0.6935223340988159,
3,15,60,webp,WebP,channels,slc,4.051228841145833,3186016,0.2822213510517031,0.04182227421551943,/lustre/scratch/1001/rdelprete/ssm_dataset/focused/PT3/s1c-s1-raw-s-vv-20250424t170801-20250424t170839-002038-0042df.zarr,0,7680,15.115860939025879,-0.11212114989757538,0.18792587518692017,,0.9418510794639587,
3,12,70,webp,WebP,channels,slc,4.772908528645833,3753568,0.29344267095439136,0.047247698064893484,/lustre/scratch/1001/rdelprete/ssm_dataset/focused/PT3/s1c-s1-raw-s-vv-20250424t170801-20250424t170839-002038-0042df.zarr,0,6144,8.423945426940918,0.3051481246948242,0.7617185711860657,,0.4067055583000183,
3,13,70,webp,WebP,channels,slc,5.042154947916667,3965312,0.2989331299904734,0.04940070607699454,/lustre/scratch/1001/rdelprete/ssm_dataset/focused/PT3/s1c-s1-raw-s-vv-20250424t170801-20250424t170839-002038-0042df.zarr,0,6656,10.179110527038574,0.23693276941776276,0.709112823009491,,0.4585510492324829,
3,14,70,webp,WebP,channels,slc,3.7613118489583335,2958016,0.27920118090696633,0.03952759504318237,/lustre/scratch/1001/rdelprete/ssm_dataset/focused/PT3/s1c-s1-raw-s-vv-20250424t170801-20250424t170839-002038-0042df.zarr,0,7168,7.757691860198975,0.00015765678836032748,0.429271936416626,,0.6887116432189941,
3,15,70,webp,WebP,channels,slc,4.480936686197917,3523952,0.2889302868861705,0.044916084269061685,/lustre/scratch/1001/rdelprete/ssm_dataset/focused/PT3/s1c-s1-raw-s-vv-20250424t170801-20250424t170839-002038-0042df.zarr,0,7680,15.17825984954834,-0.11670909821987152,0.1920468658208847,,0.9407578706741333,
3,12,80,webp,WebP,channels,slc,5.65350341796875,4446096,0.30900183296762407,0.054447917034849524,/lustre/scratch/1001/rdelprete/ssm_dataset/focused/PT3/s1c-s1-raw-s-vv-20250424t170801-20250424t170839-002038-0042df.zarr,0,6144,8.414119720458984,0.3114299774169922,0.7676934003829956,,0.4026426672935486,
3,13,80,webp,WebP,channels,slc,5.90765380859375,4645968,0.31285217008553445,0.05646482086740434,/lustre/scratch/1001/rdelprete/ssm_dataset/focused/PT3/s1c-s1-raw-s-vv-20250424t170801-20250424t170839-002038-0042df.zarr,0,6656,10.114165306091309,0.23895877599716187,0.7129133939743042,,0.45696884393692017,
3,14,80,webp,WebP,channels,slc,4.718404134114583,3710704,0.29350656596943736,0.04654832510277629,/lustre/scratch/1001/rdelprete/ssm_dataset/focused/PT3/s1c-s1-raw-s-vv-20250424t170801-20250424t170839-002038-0042df.zarr,0,7168,7.887551307678223,-0.00095738610252738,0.4394802451133728,,0.6821284294128418,
3,15,80,webp,WebP,channels,slc,5.375162760416667,4227200,0.3039965748321265,0.05197243788279593,/lustre/scratch/1001/rdelprete/ssm_dataset/focused/PT3/s1c-s1-raw-s-vv-20250424t170801-20250424t170839-002038-0042df.zarr,0,7680,15.244160652160645,-0.12334778159856796,0.1985388994216919,,0.9413896203041077,
3,12,90,webp,WebP,channels,slc,7.567036946614583,5950960,0.3379406810272485,0.0697896839119494,/lustre/scratch/1001/rdelprete/ssm_dataset/focused/PT3/s1c-s1-raw-s-vv-20250424t170801-20250424t170839-002038-0042df.zarr,0,6144,8.49078369140625,0.3200043737888336,0.774193525314331,,0.3968067765235901,
3,13,90,webp,WebP,channels,slc,7.794942220052083,6130192,0.34115981706418097,0.07200424396432936,/lustre/scratch/1001/rdelprete/ssm_dataset/focused/PT3/s1c-s1-raw-s-vv-20250424t170801-20250424t170839-002038-0042df.zarr,0,6656,10.188126564025879,0.2449260801076889,0.7180353999137878,,0.452631413936615,
3,14,90,webp,WebP,channels,slc,6.52960205078125,5135088,0.32246501184999943,0.06066770199686289,/lustre/scratch/1001/rdelprete/ssm_dataset/focused/PT3/s1c-s1-raw-s-vv-20250424t170801-20250424t170839-002038-0042df.zarr,0,7168,7.965292453765869,-0.0024338087532669306,0.4489040672779083,,0.6754631400108337,
3,15,90,webp,WebP,channels,slc,7.24017333984375,5693904,0.3336111898534,0.06675599492155015,/lustre/scratch/1001/rdelprete/ssm_dataset/focused/PT3/s1c-s1-raw-s-vv-20250424t170801-20250424t170839-002038-0042df.zarr,0,7680,15.238808631896973,-0.12719587981700897,0.20579861104488373,,0.9436699151992798,
3,12,95,webp,WebP,channels,slc,9.003804524739584,7080880,0.36294124997220933,0.08352966676466167,/lustre/scratch/1001/rdelprete/ssm_dataset/focused/PT3/s1c-s1-raw-s-vv-20250424t170801-20250424t170839-002038-0042df.zarr,0,6144,8.418227195739746,0.318446546792984,0.774269700050354,,0.3978666067123413,
3,13,95,webp,WebP,channels,slc,9.254353841145834,7277920,0.36574856378138065,0.08623551903292537,/lustre/scratch/1001/rdelprete/ssm_dataset/focused/PT3/s1c-s1-raw-s-vv-20250424t170801-20250424t170839-002038-0042df.zarr,0,6656,10.13033390045166,0.24414314329624176,0.7181600332260132,,0.45328545570373535,
3,14,95,webp,WebP,channels,slc,7.900349934895833,6213088,0.3443608779925853,0.07115472806617618,/lustre/scratch/1001/rdelprete/ssm_dataset/focused/PT3/s1c-s1-raw-s-vv-20250424t170801-20250424t170839-002038-0042df.zarr,0,7168,7.874093055725098,-0.0018821005942299962,0.4510096311569214,,0.6755646467208862,
3,15,95,webp,WebP,channels,slc,8.738993326822916,6872624,0.35820030700415373,0.08028521295636892,/lustre/scratch/1001/rdelprete/ssm_dataset/focused/PT3/s1c-s1-raw-s-vv-20250424t170801-20250424t170839-002038-0042df.zarr,0,7680,15.197290420532227,-0.12717357277870178,0.2084563821554184,,0.9451028108596802,
4,16,5,webp,WebP,channels,slc,0.13218180338541666,103952,0.15406352002173662,0.009479733882471919,/lustre/scratch/1001/rdelprete/ssm_dataset/focused/PT3/s1c-s1-raw-s-vv-20250424t170801-20250424t170839-002038-0042df.zarr,0,8192,25.43991470336914,-0.029975805431604385,0.5267002582550049,,0.32372575998306274,
4,17,5,webp,WebP,channels,slc,0.06923421223958333,54448,0.15137912007048726,0.008057654835283756,/lustre/scratch/1001/rdelprete/ssm_dataset/focused/PT3/s1c-s1-raw-s-vv-20250424t170801-20250424t170839-002038-0042df.zarr,0,8704,33.813255310058594,0.06482450664043427,0.7193755507469177,,0.12880629301071167,
4,18,5,webp,WebP,channels,slc,0.3126627604166667,245888,0.16503384499810636,0.011574584990739822,/lustre/scratch/1001/rdelprete/ssm_dataset/focused/PT3/s1c-s1-raw-s-vv-20250424t170801-20250424t170839-002038-0042df.zarr,0,9216,28.704673767089844,0.16457466781139374,0.6245669722557068,,0.40012460947036743,
4,19,5,webp,WebP,channels,slc,0.2730712890625,214752,0.16250860318541527,0.011107848724350333,/lustre/scratch/1001/rdelprete/ssm_dataset/focused/PT3/s1c-s1-raw-s-vv-20250424t170801-20250424t170839-002038-0042df.zarr,0,9728,29.232995986938477,0.05405481532216072,0.5517928600311279,,0.35190510749816895,
4,16,10,webp,WebP,channels,slc,0.2628987630208333,206752,0.16131326090544462,0.011010864982381463,/lustre/scratch/1001/rdelprete/ssm_dataset/focused/PT3/s1c-s1-raw-s-vv-20250424t170801-20250424t170839-002038-0042df.zarr,0,8192,23.450260162353516,-0.04397270083427429,0.39000919461250305,,0.4902970790863037,
4,17,10,webp,WebP,channels,slc,0.11232503255208333,88336,0.15449565299786627,0.0092667480930686,/lustre/scratch/1001/rdelprete/ssm_dataset/focused/PT3/s1c-s1-raw-s-vv-20250424t170801-20250424t170839-002038-0042df.zarr,0,8704,32.944637298583984,0.0733514353632927,0.6808332800865173,,0.16848891973495483,
4,18,10,webp,WebP,channels,slc,0.6057535807291666,476384,0.1858691186644137,0.014689506031572819,/lustre/scratch/1001/rdelprete/ssm_dataset/focused/PT3/s1c-s1-raw-s-vv-20250424t170801-20250424t170839-002038-0042df.zarr,0,9216,26.87619972229004,0.17663700878620148,0.6238489151000977,,0.4566114544868469,
4,19,10,webp,WebP,channels,slc,0.52655029296875,414096,0.1778546581044793,0.013885437976568937,/lustre/scratch/1001/rdelprete/ssm_dataset/focused/PT3/s1c-s1-raw-s-vv-20250424t170801-20250424t170839-002038-0042df.zarr,0,9728,27.573379516601562,0.05849036946892738,0.5147653818130493,,0.45417582988739014,
4,16,20,webp,WebP,channels,slc,0.660888671875,519744,0.1892417441122234,0.015233416808769107,/lustre/scratch/1001/rdelprete/ssm_dataset/focused/PT3/s1c-s1-raw-s-vv-20250424t170801-20250424t170839-002038-0042df.zarr,0,8192,20.820749282836914,-0.026912620291113853,0.32251161336898804,,0.6589030623435974,
4,17,20,webp,WebP,channels,slc,0.3023478190104167,237776,0.16729678702540696,0.011495638405904174,/lustre/scratch/1001/rdelprete/ssm_dataset/focused/PT3/s1c-s1-raw-s-vv-20250424t170801-20250424t170839-002038-0042df.zarr,0,8704,31.829769134521484,0.09963922202587128,0.6266643404960632,,0.29072338342666626,
4,18,20,webp,WebP,channels,slc,1.13922119140625,895920,0.2125313349533826,0.018955101957544684,/lustre/scratch/1001/rdelprete/ssm_dataset/focused/PT3/s1c-s1-raw-s-vv-20250424t170801-20250424t170839-002038-0042df.zarr,0,9216,24.900592803955078,0.17972132563591003,0.650201678276062,,0.48032617568969727,
4,19,20,webp,WebP,channels,slc,1.0295817057291667,809696,0.20786902797408402,0.01810181117616594,/lustre/scratch/1001/rdelprete/ssm_dataset/focused/PT3/s1c-s1-raw-s-vv-20250424t170801-20250424t170839-002038-0042df.zarr,0,9728,25.84304428100586,0.0644422397017479,0.5146017074584961,,0.5301705598831177,
4,16,30,webp,WebP,channels,slc,1.0318196614583333,811456,0.19898624322377145,0.018100037006661296,/lustre/scratch/1001/rdelprete/ssm_dataset/focused/PT3/s1c-s1-raw-s-vv-20250424t170801-20250424t170839-002038-0042df.zarr,0,8192,19.679906845092773,-0.01773347146809101,0.34203141927719116,,0.6997514367103577,
4,17,30,webp,WebP,channels,slc,0.5611368815104166,441296,0.18178388196974993,0.014134239172562957,/lustre/scratch/1001/rdelprete/ssm_dataset/focused/PT3/s1c-s1-raw-s-vv-20250424t170801-20250424t170839-002038-0042df.zarr,0,8704,30.69242286682129,0.11373046040534973,0.6109718084335327,,0.372239351272583,
4,18,30,webp,WebP,channels,slc,1.5728556315104167,1236944,0.22874092706479132,0.022398633183911443,/lustre/scratch/1001/rdelprete/ssm_dataset/focused/PT3/s1c-s1-raw-s-vv-20250424t170801-20250424t170839-002038-0042df.zarr,0,9216,24.22064971923828,0.1892957091331482,0.6809467077255249,,0.46581941843032837,
4,19,30,webp,WebP,channels,slc,1.4716796875,1157376,0.22479956387542188,0.021534706000238657,/lustre/scratch/1001/rdelprete/ssm_dataset/focused/PT3/s1c-s1-raw-s-vv-20250424t170801-20250424t170839-002038-0042df.zarr,0,9728,25.033458709716797,0.0698401927947998,0.5331159830093384,,0.5426337718963623,
4,16,40,webp,WebP,channels,slc,1.3683675130208333,1076128,0.21489419508725405,0.020907090976834297,/lustre/scratch/1001/rdelprete/ssm_dataset/focused/PT3/s1c-s1-raw-s-vv-20250424t170801-20250424t170839-002038-0042df.zarr,0,8192,19.154918670654297,-0.01151218917220831,0.37143272161483765,,0.7059980630874634,
4,17,40,webp,WebP,channels,slc,0.8122355143229166,638768,0.19334975606761873,0.016343491850420833,/lustre/scratch/1001/rdelprete/ssm_dataset/focused/PT3/s1c-s1-raw-s-vv-20250424t170801-20250424t170839-002038-0042df.zarr,0,8704,30.037954330444336,0.12358451634645462,0.6149712204933167,,0.40608900785446167,
4,18,40,webp,WebP,channels,slc,1.97430419921875,1552656,0.241158229066059,0.025481136050075293,/lustre/scratch/1001/rdelprete/ssm_dataset/focused/PT3/s1c-s1-raw-s-vv-20250424t170801-20250424t170839-002038-0042df.zarr,0,9216,23.92658233642578,0.2057114988565445,0.7065126895904541,,0.4471246600151062,
4,19,40,webp,WebP,channels,slc,1.9159749348958333,1506784,0.23915532394312322,0.025010486133396626,/lustre/scratch/1001/rdelprete/ssm_dataset/focused/PT3/s1c-s1-raw-s-vv-20250424t170801-20250424t170839-002038-0042df.zarr,0,9728,24.634037017822266,0.07411105185747147,0.5504165887832642,,0.5418670177459717,
4,16,50,webp,WebP,channels,slc,1.70849609375,1343616,0.2329267740715295,0.02348003489896655,/lustre/scratch/1001/rdelprete/ssm_dataset/focused/PT3/s1c-s1-raw-s-vv-20250424t170801-20250424t170839-002038-0042df.zarr,0,8192,19.002864837646484,-0.008499128744006157,0.3922749161720276,,0.7013946175575256,
4,17,50,webp,WebP,channels,slc,1.1390177408854167,895760,0.20990373892709613,0.018930105958133936,/lustre/scratch/1001/rdelprete/ssm_dataset/focused/PT3/s1c-s1-raw-s-vv-20250424t170801-20250424t170839-002038-0042df.zarr,0,8704,29.403135299682617,0.13105447590351105,0.6208550333976746,,0.43961960077285767,
4,18,50,webp,WebP,channels,slc,2.4163614908854165,1900304,0.25273260311223567,0.028906399849802256,/lustre/scratch/1001/rdelprete/ssm_dataset/focused/PT3/s1c-s1-raw-s-vv-20250424t170801-20250424t170839-002038-0042df.zarr,0,9216,23.693265914916992,0.21865588426589966,0.7239163517951965,,0.4333032965660095,
4,19,50,webp,WebP,channels,slc,2.3072916666666665,1814528,0.24952854891307652,0.02794280298985541,/lustre/scratch/1001/rdelprete/ssm_dataset/focused/PT3/s1c-s1-raw-s-vv-20250424t170801-20250424t170839-002038-0042df.zarr,0,9728,24.462099075317383,0.07882700115442276,0.5635337829589844,,0.534881591796875,
4,16,60,webp,WebP,channels,slc,2.0685221354166665,1626752,0.24356646719388664,0.02614449500106275,/lustre/scratch/1001/rdelprete/ssm_dataset/focused/PT3/s1c-s1-raw-s-vv-20250424t170801-20250424t170839-002038-0042df.zarr,0,8192,18.949161529541016,-0.010287199169397354,0.4053671658039093,,0.6971749067306519,
4,17,60,webp,WebP,channels,slc,1.4627278645833333,1150336,0.22544072894379497,0.021484411088749766,/lustre/scratch/1001/rdelprete/ssm_dataset/focused/PT3/s1c-s1-raw-s-vv-20250424t170801-20250424t170839-002038-0042df.zarr,0,8704,29.178264617919922,0.14180831611156464,0.6297652125358582,,0.45192211866378784,
4,18,60,webp,WebP,channels,slc,2.8100179036458335,2209888,0.26054237014614046,0.03206502506509423,/lustre/scratch/1001/rdelprete/ssm_dataset/focused/PT3/s1c-s1-raw-s-vv-20250424t170801-20250424t170839-002038-0042df.zarr,0,9216,23.706586837768555,0.23495987057685852,0.7388660311698914,,0.41844552755355835,
4,19,60,webp,WebP,channels,slc,2.7501424153645835,2162800,0.25898487004451454,0.03153378400020301,/lustre/scratch/1001/rdelprete/ssm_dataset/focused/PT3/s1c-s1-raw-s-vv-20250424t170801-20250424t170839-002038-0042df.zarr,0,9728,24.384845733642578,0.08147267252206802,0.5735639333724976,,0.525882363319397,
4,16,70,webp,WebP,channels,slc,2.4476318359375,1924896,0.2536086291074753,0.029408286791294813,/lustre/scratch/1001/rdelprete/ssm_dataset/focused/PT3/s1c-s1-raw-s-vv-20250424t170801-20250424t170839-002038-0042df.zarr,0,8192,18.993932723999023,-0.01185744721442461,0.4178556203842163,,0.6922708749771118,
4,17,70,webp,WebP,channels,slc,1.7765909830729167,1397168,0.2356259359512478,0.02400079113431275,/lustre/scratch/1001/rdelprete/ssm_dataset/focused/PT3/s1c-s1-raw-s-vv-20250424t170801-20250424t170839-002038-0042df.zarr,0,8704,29.130075454711914,0.15253004431724548,0.6415479779243469,,0.4453624486923218,
4,18,70,webp,WebP,channels,slc,3.2815958658854165,2580752,0.26905185892246664,0.03593368991278112,/lustre/scratch/1001/rdelprete/ssm_dataset/focused/PT3/s1c-s1-raw-s-vv-20250424t170801-20250424t170839-002038-0042df.zarr,0,9216,23.813467025756836,0.2543213367462158,0.75160813331604,,0.403813898563385,
4,19,70,webp,WebP,channels,slc,3.1092732747395835,2445232,0.2660203620325774,0.034448347985744476,/lustre/scratch/1001/rdelprete/ssm_dataset/focused/PT3/s1c-s1-raw-s-vv-20250424t170801-20250424t170839-002038-0042df.zarr,0,9728,24.531963348388672,0.08646886050701141,0.5823900699615479,,0.5136976838111877,
4,16,80,webp,WebP,channels,slc,3.3713175455729165,2651312,0.27009303006343544,0.0364778998773545,/lustre/scratch/1001/rdelprete/ssm_dataset/focused/PT3/s1c-s1-raw-s-vv-20250424t170801-20250424t170839-002038-0042df.zarr,0,8192,19.0108642578125,-0.01488419622182846,0.44105321168899536,,0.6784456372261047,
4,17,80,webp,WebP,channels,slc,2.68218994140625,2109360,0.2575358909089118,0.031056822976097465,/lustre/scratch/1001/rdelprete/ssm_dataset/focused/PT3/s1c-s1-raw-s-vv-20250424t170801-20250424t170839-002038-0042df.zarr,0,8704,29.126895904541016,0.18341965973377228,0.6667192578315735,,0.42603784799575806,
4,18,80,webp,WebP,channels,slc,4.187296549479167,3293024,0.2838382099289447,0.04282888397574425,/lustre/scratch/1001/rdelprete/ssm_dataset/focused/PT3/s1c-s1-raw-s-vv-20250424t170801-20250424t170839-002038-0042df.zarr,0,9216,23.93807601928711,0.28839245438575745,0.7706315517425537,,0.37702053785324097,
4,19,80,webp,WebP,channels,slc,4.106343587239583,3229360,0.2825215570628643,0.042168159037828445,/lustre/scratch/1001/rdelprete/ssm_dataset/focused/PT3/s1c-s1-raw-s-vv-20250424t170801-20250424t170839-002038-0042df.zarr,0,9728,24.538164138793945,0.09384006261825562,0.596560001373291,,0.4949139356613159,
4,16,90,webp,WebP,channels,slc,5.2574462890625,4134624,0.30227060290053487,0.0495318709872663,/lustre/scratch/1001/rdelprete/ssm_dataset/focused/PT3/s1c-s1-raw-s-vv-20250424t170801-20250424t170839-002038-0042df.zarr,0,8192,19.152328491210938,-0.020988982170820236,0.46096014976501465,,0.6606606841087341,
4,17,90,webp,WebP,channels,slc,4.626566569010417,3638480,0.29146704683080316,0.04466446000151336,/lustre/scratch/1001/rdelprete/ssm_dataset/focused/PT3/s1c-s1-raw-s-vv-20250424t170801-20250424t170839-002038-0042df.zarr,0,8704,29.42259979248047,0.240693598985672,0.6984856128692627,,0.3818420171737671,
4,18,90,webp,WebP,channels,slc,6.109273274739583,4804528,0.3156098881736398,0.056874662172049284,/lustre/scratch/1001/rdelprete/ssm_dataset/focused/PT3/s1c-s1-raw-s-vv-20250424t170801-20250424t170839-002038-0042df.zarr,0,9216,24.057430267333984,0.3250255286693573,0.7864198684692383,,0.352932333946228,
4,19,90,webp,WebP,channels,slc,5.922444661458333,4657600,0.3126645099837333,0.05565925990231335,/lustre/scratch/1001/rdelprete/ssm_dataset/focused/PT3/s1c-s1-raw-s-vv-20250424t170801-20250424t170839-002038-0042df.zarr,0,9728,24.57221794128418,0.10141775012016296,0.6084081530570984,,0.47694873809814453,
4,16,95,webp,WebP,channels,slc,6.717142740885417,5282576,0.32504941313527524,0.06072086305357516,/lustre/scratch/1001/rdelprete/ssm_dataset/focused/PT3/s1c-s1-raw-s-vv-20250424t170801-20250424t170839-002038-0042df.zarr,0,8192,19.00951385498047,-0.02090855874121189,0.46660977602005005,,0.6593818664550781,
4,17,95,webp,WebP,channels,slc,6.144144694010417,4831952,0.31631548004224896,0.05607107514515519,/lustre/scratch/1001/rdelprete/ssm_dataset/focused/PT3/s1c-s1-raw-s-vv-20250424t170801-20250424t170839-002038-0042df.zarr,0,8704,29.31165313720703,0.2536432147026062,0.7042148113250732,,0.37539368867874146,
4,18,95,webp,WebP,channels,slc,7.46783447265625,5872944,0.3380325068719685,0.06713634077459574,/lustre/scratch/1001/rdelprete/ssm_dataset/focused/PT3/s1c-s1-raw-s-vv-20250424t170801-20250424t170839-002038-0042df.zarr,0,9216,23.937280654907227,0.32964029908180237,0.7883135080337524,,0.3497440218925476,
4,19,95,webp,WebP,channels,slc,7.363301595052083,5790736,0.3348119491711259,0.06587210693396628,/lustre/scratch/1001/rdelprete/ssm_dataset/focused/PT3/s1c-s1-raw-s-vv-20250424t170801-20250424t170839-002038-0042df.zarr,0,9728,24.496517181396484,0.10285123437643051,0.6102593541145325,,0.47295111417770386,
5,20,5,webp,WebP,channels,slc,0.15374755859375,120912,0.1562818461097777,0.00983944977633655,/lustre/scratch/1001/rdelprete/ssm_dataset/focused/PT3/s1c-s1-raw-s-vv-20250424t170801-20250424t170839-002038-0042df.zarr,0,10240,29.714599609375,-0.05299268662929535,0.41373345255851746,,0.2861911654472351,
5,21,5,webp,WebP,channels,slc,0.5555419921875,436896,0.17931997100822628,0.013960840879008174,/lustre/scratch/1001/rdelprete/ssm_dataset/focused/PT3/s1c-s1-raw-s-vv-20250424t170801-20250424t170839-002038-0042df.zarr,0,10752,18.854158401489258,-0.10203516483306885,0.2886244058609009,,0.5919231176376343,
5,22,5,webp,WebP,channels,slc,0.46905517578125,368880,0.17651376989670098,0.013146528042852879,/lustre/scratch/1001/rdelprete/ssm_dataset/focused/PT3/s1c-s1-raw-s-vv-20250424t170801-20250424t170839-002038-0042df.zarr,0,11264,26.050254821777344,0.04810720682144165,0.4537818729877472,,0.5436183214187622,
5,23,5,webp,WebP,channels,slc,0.64837646484375,509904,0.1839420071337372,0.014790458139032125,/lustre/scratch/1001/rdelprete/ssm_dataset/focused/PT3/s1c-s1-raw-s-vv-20250424t170801-20250424t170839-002038-0042df.zarr,0,11776,18.016435623168945,0.17237240076065063,0.6256563067436218,,0.43909186124801636,
5,20,10,webp,WebP,channels,slc,0.2954915364583333,232384,0.16530019184574485,0.011510730255395174,/lustre/scratch/1001/rdelprete/ssm_dataset/focused/PT3/s1c-s1-raw-s-vv-20250424t170801-20250424t170839-002038-0042df.zarr,0,10240,28.18515968322754,-0.07613098621368408,0.3020215630531311,,0.42923128604888916,
5,21,10,webp,WebP,channels,slc,0.9306640625,731904,0.20208007306791842,0.017304282868281007,/lustre/scratch/1001/rdelprete/ssm_dataset/focused/PT3/s1c-s1-raw-s-vv-20250424t170801-20250424t170839-002038-0042df.zarr,0,10752,17.376195907592773,-0.09107711911201477,0.20329663157463074,,0.6829077005386353,
5,22,10,webp,WebP,channels,slc,0.81182861328125,638448,0.19613702921196818,0.016262009041383862,/lustre/scratch/1001/rdelprete/ssm_dataset/focused/PT3/s1c-s1-raw-s-vv-20250424t170801-20250424t170839-002038-0042df.zarr,0,11264,24.300537109375,0.05786769837141037,0.46239426732063293,,0.6024270057678223,
5,23,10,webp,WebP,channels,slc,1.0599365234375,833568,0.20837844791822135,0.018412984674796462,/lustre/scratch/1001/rdelprete/ssm_dataset/focused/PT3/s1c-s1-raw-s-vv-20250424t170801-20250424t170839-002038-0042df.zarr,0,11776,16.511558532714844,0.17692723870277405,0.6366724371910095,,0.4645490050315857,
5,20,20,webp,WebP,channels,slc,0.6975911458333334,548608,0.188019823981449,0.015325423795729876,/lustre/scratch/1001/rdelprete/ssm_dataset/focused/PT3/s1c-s1-raw-s-vv-20250424t170801-20250424t170839-002038-0042df.zarr,0,10240,26.28281593322754,-0.06996230036020279,0.20305360853672028,,0.6186034679412842,
5,21,20,webp,WebP,channels,slc,1.5145467122395833,1191088,0.22506636194884777,0.021934110904112458,/lustre/scratch/1001/rdelprete/ssm_dataset/focused/PT3/s1c-s1-raw-s-vv-20250424t170801-20250424t170839-002038-0042df.zarr,0,10752,15.955771446228027,-0.08495201915502548,0.17846886813640594,,0.7432355880737305,
5,22,20,webp,WebP,channels,slc,1.3853556315104167,1089488,0.2210085359402001,0.020864938152953982,/lustre/scratch/1001/rdelprete/ssm_dataset/focused/PT3/s1c-s1-raw-s-vv-20250424t170801-20250424t170839-002038-0042df.zarr,0,11264,22.702930450439453,0.06886174529790878,0.5129093527793884,,0.6143595576286316,
5,23,20,webp,WebP,channels,slc,1.66058349609375,1305936,0.23025312996469438,0.023148250998929143,/lustre/scratch/1001/rdelprete/ssm_dataset/focused/PT3/s1c-s1-raw-s-vv-20250424t170801-20250424t170839-002038-0042df.zarr,0,11776,15.349472045898438,0.18989118933677673,0.6724276542663574,,0.45541906356811523,
5,20,30,webp,WebP,channels,slc,1.10015869140625,865200,0.205607149284333,0.018702595960348845,/lustre/scratch/1001/rdelprete/ssm_dataset/focused/PT3/s1c-s1-raw-s-vv-20250424t170801-20250424t170839-002038-0042df.zarr,0,10240,25.14316177368164,-0.06276234984397888,0.199004128575325,,0.6870406866073608,
5,21,30,webp,WebP,channels,slc,2.04425048828125,1607664,0.24171339604072273,0.026018655858933926,/lustre/scratch/1001/rdelprete/ssm_dataset/focused/PT3/s1c-s1-raw-s-vv-20250424t170801-20250424t170839-002038-0042df.zarr,0,10752,15.350160598754883,-0.08754172176122665,0.191294327378273,,0.7649229764938354,
5,22,30,webp,WebP,channels,slc,1.8587443033854167,1461776,0.23669465724378824,0.024448165902867913,/lustre/scratch/1001/rdelprete/ssm_dataset/focused/PT3/s1c-s1-raw-s-vv-20250424t170801-20250424t170839-002038-0042df.zarr,0,11264,22.095111846923828,0.07666343450546265,0.5488688349723816,,0.602891206741333,
5,23,30,webp,WebP,channels,slc,2.2070719401041665,1735712,0.24659886490553617,0.02727596089243889,/lustre/scratch/1001/rdelprete/ssm_dataset/focused/PT3/s1c-s1-raw-s-vv-20250424t170801-20250424t170839-002038-0042df.zarr,0,11776,14.951018333435059,0.2085646241903305,0.7012251019477844,,0.4364170432090759,
5,20,40,webp,WebP,channels,slc,1.42950439453125,1124208,0.2237779120914638,0.021193587919697165,/lustre/scratch/1001/rdelprete/ssm_dataset/focused/PT3/s1c-s1-raw-s-vv-20250424t170801-20250424t170839-002038-0042df.zarr,0,10240,24.7269287109375,-0.06592178344726562,0.2151002436876297,,0.7003709077835083,
5,21,40,webp,WebP,channels,slc,2.4964192708333335,1963264,0.25401968182995915,0.029608045937493443,/lustre/scratch/1001/rdelprete/ssm_dataset/focused/PT3/s1c-s1-raw-s-vv-20250424t170801-20250424t170839-002038-0042df.zarr,0,10752,15.171595573425293,-0.09508886933326721,0.20650751888751984,,0.7683453559875488,
5,22,40,webp,WebP,channels,slc,2.3320109049479165,1833968,0.24955115374177694,0.028180737979710102,/lustre/scratch/1001/rdelprete/ssm_dataset/focused/PT3/s1c-s1-raw-s-vv-20250424t170801-20250424t170839-002038-0042df.zarr,0,11264,21.826007843017578,0.08355046808719635,0.5750366449356079,,0.5896785259246826,
5,23,40,webp,WebP,channels,slc,2.7164510091145835,2136304,0.2586320040281862,0.03131383587606251,/lustre/scratch/1001/rdelprete/ssm_dataset/focused/PT3/s1c-s1-raw-s-vv-20250424t170801-20250424t170839-002038-0042df.zarr,0,11776,14.89220142364502,0.2290842980146408,0.7220346331596375,,0.4179134964942932,
5,20,50,webp,WebP,channels,slc,1.79046630859375,1408080,0.2356135561130941,0.024146115873008966,/lustre/scratch/1001/rdelprete/ssm_dataset/focused/PT3/s1c-s1-raw-s-vv-20250424t170801-20250424t170839-002038-0042df.zarr,0,10240,24.50802230834961,-0.07238467782735825,0.22812363505363464,,0.7086505889892578,
5,21,50,webp,WebP,channels,slc,2.93115234375,2305152,0.26278623286634684,0.033136452082544565,/lustre/scratch/1001/rdelprete/ssm_dataset/focused/PT3/s1c-s1-raw-s-vv-20250424t170801-20250424t170839-002038-0042df.zarr,0,10752,15.139568328857422,-0.10466985404491425,0.21655908226966858,,0.7689946293830872,
5,22,50,webp,WebP,channels,slc,2.7578938802083335,2168896,0.2591564548201859,0.03168973606079817,/lustre/scratch/1001/rdelprete/ssm_dataset/focused/PT3/s1c-s1-raw-s-vv-20250424t170801-20250424t170839-002038-0042df.zarr,0,11264,21.753652572631836,0.09006055444478989,0.5927729606628418,,0.5775787830352783,
5,23,50,webp,WebP,channels,slc,3.1430257161458335,2471776,0.2668144260533154,0.03478346602059901,/lustre/scratch/1001/rdelprete/ssm_dataset/focused/PT3/s1c-s1-raw-s-vv-20250424t170801-20250424t170839-002038-0042df.zarr,0,11776,14.91805648803711,0.24748988449573517,0.7352454662322998,,0.4036027193069458,
5,20,60,webp,WebP,channels,slc,2.1021931966145835,1653232,0.24480334925465286,0.02630967111326754,/lustre/scratch/1001/rdelprete/ssm_dataset/focused/PT3/s1c-s1-raw-s-vv-20250424t170801-20250424t170839-002038-0042df.zarr,0,10240,24.48104476928711,-0.08090563863515854,0.2380489706993103,,0.7048888206481934,
5,21,60,webp,WebP,channels,slc,3.3606770833333335,2642944,0.2708812039345503,0.036515075946226716,/lustre/scratch/1001/rdelprete/ssm_dataset/focused/PT3/s1c-s1-raw-s-vv-20250424t170801-20250424t170839-002038-0042df.zarr,0,10752,15.134941101074219,-0.11268243193626404,0.22414100170135498,,0.7649118304252625,
5,22,60,webp,WebP,channels,slc,3.1842041015625,2504160,0.26716074999421835,0.035065747797489166,/lustre/scratch/1001/rdelprete/ssm_dataset/focused/PT3/s1c-s1-raw-s-vv-20250424t170801-20250424t170839-002038-0042df.zarr,0,11264,21.71731185913086,0.09505389630794525,0.6042167544364929,,0.5694542527198792,
5,23,60,webp,WebP,channels,slc,3.5608317057291665,2800352,0.27445866516791284,0.038080859929323196,/lustre/scratch/1001/rdelprete/ssm_dataset/focused/PT3/s1c-s1-raw-s-vv-20250424t170801-20250424t170839-002038-0042df.zarr,0,11776,14.968076705932617,0.2638997435569763,0.7458212375640869,,0.3905561566352844,
5,20,70,webp,WebP,channels,slc,2.5516357421875,2006688,0.2548184811603278,0.029873410938307643,/lustre/scratch/1001/rdelprete/ssm_dataset/focused/PT3/s1c-s1-raw-s-vv-20250424t170801-20250424t170839-002038-0042df.zarr,0,10240,24.454505920410156,-0.08877039700746536,0.2502692937850952,,0.7077508568763733,
5,21,70,webp,WebP,channels,slc,3.7917887369791665,2981984,0.2783382658381015,0.03972815303131938,/lustre/scratch/1001/rdelprete/ssm_dataset/focused/PT3/s1c-s1-raw-s-vv-20250424t170801-20250424t170839-002038-0042df.zarr,0,10752,15.166492462158203,-0.12160151451826096,0.22905699908733368,,0.7615457773208618,
5,22,70,webp,WebP,channels,slc,3.57220458984375,2809296,0.27450500382110476,0.03799736523069441,/lustre/scratch/1001/rdelprete/ssm_dataset/focused/PT3/s1c-s1-raw-s-vv-20250424t170801-20250424t170839-002038-0042df.zarr,0,11264,21.852140426635742,0.10132194310426712,0.6137257218360901,,0.5590370893478394,
5,23,70,webp,WebP,channels,slc,3.9517618815104165,3107792,0.28095181891694665,0.04096229188144207,/lustre/scratch/1001/rdelprete/ssm_dataset/focused/PT3/s1c-s1-raw-s-vv-20250424t170801-20250424t170839-002038-0042df.zarr,0,11776,15.089231491088867,0.27980417013168335,0.7543531656265259,,0.3795548677444458,
5,20,80,webp,WebP,channels,slc,3.51605224609375,2765136,0.27281218208372593,0.0375708092469722,/lustre/scratch/1001/rdelprete/ssm_dataset/focused/PT3/s1c-s1-raw-s-vv-20250424t170801-20250424t170839-002038-0042df.zarr,0,10240,24.448448181152344,-0.11353481560945511,0.26811471581459045,,0.6960487365722656,
5,21,80,webp,WebP,channels,slc,4.727620442708333,3717952,0.293720023939386,0.04641925194300711,/lustre/scratch/1001/rdelprete/ssm_dataset/focused/PT3/s1c-s1-raw-s-vv-20250424t170801-20250424t170839-002038-0042df.zarr,0,10752,15.220623016357422,-0.13754917681217194,0.23655906319618225,,0.7547046542167664,
5,22,80,webp,WebP,channels,slc,4.513773600260417,3549776,0.28943924605846405,0.04484564927406609,/lustre/scratch/1001/rdelprete/ssm_dataset/focused/PT3/s1c-s1-raw-s-vv-20250424t170801-20250424t170839-002038-0042df.zarr,0,11264,21.906883239746094,0.11265464872121811,0.628689706325531,,0.5433970093727112,
5,23,80,webp,WebP,channels,slc,4.921346028645833,3870304,0.29685268201865256,0.04800653806887567,/lustre/scratch/1001/rdelprete/ssm_dataset/focused/PT3/s1c-s1-raw-s-vv-20250424t170801-20250424t170839-002038-0042df.zarr,0,11776,15.163731575012207,0.30543577671051025,0.767214834690094,,0.36058974266052246,
5,20,90,webp,WebP,channels,slc,5.385172526041667,4235072,0.3046928329858929,0.051317872013896704,/lustre/scratch/1001/rdelprete/ssm_dataset/focused/PT3/s1c-s1-raw-s-vv-20250424t170801-20250424t170839-002038-0042df.zarr,0,10240,24.562240600585938,-0.15086083114147186,0.28145137429237366,,0.673202633857727,
5,21,90,webp,WebP,channels,slc,6.5389404296875,5142432,0.3220683119725436,0.06075695622712374,/lustre/scratch/1001/rdelprete/ssm_dataset/focused/PT3/s1c-s1-raw-s-vv-20250424t170801-20250424t170839-002038-0042df.zarr,0,10752,15.302242279052734,-0.15457147359848022,0.2428732067346573,,0.74760901927948,
5,22,90,webp,WebP,channels,slc,6.347798665364583,4992112,0.31904573808424175,0.0592669160105288,/lustre/scratch/1001/rdelprete/ssm_dataset/focused/PT3/s1c-s1-raw-s-vv-20250424t170801-20250424t170839-002038-0042df.zarr,0,11264,21.963634490966797,0.12256523221731186,0.640172004699707,,0.5291980504989624,
5,23,90,webp,WebP,channels,slc,6.706258138020833,5274016,0.3238241570070386,0.062264332082122564,/lustre/scratch/1001/rdelprete/ssm_dataset/focused/PT3/s1c-s1-raw-s-vv-20250424t170801-20250424t170839-002038-0042df.zarr,0,11776,15.197482109069824,0.32882294058799744,0.7763481140136719,,0.3463503122329712,
5,20,95,webp,WebP,channels,slc,6.774515787760417,5327696,0.32604740001261234,0.06117835408076644,/lustre/scratch/1001/rdelprete/ssm_dataset/focused/PT3/s1c-s1-raw-s-vv-20250424t170801-20250424t170839-002038-0042df.zarr,0,10240,24.480117797851562,-0.1609109491109848,0.2868082523345947,,0.6710870265960693,
5,21,95,webp,WebP,channels,slc,7.926493326822917,6233648,0.34234919981099665,0.07120514498092234,/lustre/scratch/1001/rdelprete/ssm_dataset/focused/PT3/s1c-s1-raw-s-vv-20250424t170801-20250424t170839-002038-0042df.zarr,0,10752,15.192230224609375,-0.15537552535533905,0.2462836652994156,,0.7490785121917725,
5,22,95,webp,WebP,channels,slc,7.750264485677083,6095056,0.3413864148315042,0.06962159415706992,/lustre/scratch/1001/rdelprete/ssm_dataset/focused/PT3/s1c-s1-raw-s-vv-20250424t170801-20250424t170839-002038-0042df.zarr,0,11264,21.836091995239258,0.12316039204597473,0.6427140235900879,,0.5272531509399414,
5,23,95,webp,WebP,channels,slc,8.210591634114584,6457072,0.3485641689039767,0.07416568486951292,/lustre/scratch/1001/rdelprete/ssm_dataset/focused/PT3/s1c-s1-raw-s-vv-20250424t170801-20250424t170839-002038-0042df.zarr,0,11776,15.131913185119629,0.33332788944244385,0.7779635787010193,,0.3437962532043457,
6,24,5,webp,WebP,channels,slc,0.48193359375,379008,0.1734259887598455,0.013369930675253272,/lustre/scratch/1001/rdelprete/ssm_dataset/focused/PT3/s1c-s1-raw-s-vv-20250424t170801-20250424t170839-002038-0042df.zarr,0,12288,18.393592834472656,0.13002918660640717,0.6028569340705872,,0.41988658905029297,
6,25,5,webp,WebP,channels,slc,0.6152750651041666,483872,0.17914065322838724,0.014669977826997638,/lustre/scratch/1001/rdelprete/ssm_dataset/focused/PT3/s1c-s1-raw-s-vv-20250424t170801-20250424t170839-002038-0042df.zarr,0,12800,23.32942771911621,-0.010139789432287216,0.3718740940093994,,0.5891057848930359,
6,26,5,webp,WebP,channels,slc,0.8914998372395834,701104,0.20213392283767462,0.017190543236210942,/lustre/scratch/1001/rdelprete/ssm_dataset/focused/PT3/s1c-s1-raw-s-vv-20250424t170801-20250424t170839-002038-0042df.zarr,0,13312,12.876152992248535,-0.0915212631225586,0.07358232885599136,,0.7583913803100586,
6,27,5,webp,WebP,channels,slc,0.9176025390625,721632,0.20369969517923892,0.0173616879619658,/lustre/scratch/1001/rdelprete/ssm_dataset/focused/PT3/s1c-s1-raw-s-vv-20250424t170801-20250424t170839-002038-0042df.zarr,0,13824,12.995490074157715,-0.020560625940561295,0.32380878925323486,,0.6890711784362793,
6,24,10,webp,WebP,channels,slc,0.82470703125,648576,0.19628429785370827,0.016408958937972784,/lustre/scratch/1001/rdelprete/ssm_dataset/focused/PT3/s1c-s1-raw-s-vv-20250424t170801-20250424t170839-002038-0042df.zarr,0,12288,16.72723388671875,0.13693438470363617,0.5906111001968384,,0.4761289358139038,
6,25,10,webp,WebP,channels,slc,1.0167236328125,799584,0.20712101296521723,0.018064537085592747,/lustre/scratch/1001/rdelprete/ssm_dataset/focused/PT3/s1c-s1-raw-s-vv-20250424t170801-20250424t170839-002038-0042df.zarr,0,12800,21.80680274963379,-0.0037775253877043724,0.3578633666038513,,0.6395523548126221,
6,26,10,webp,WebP,channels,slc,1.358154296875,1068096,0.22161544999107718,0.02092854306101799,/lustre/scratch/1001/rdelprete/ssm_dataset/focused/PT3/s1c-s1-raw-s-vv-20250424t170801-20250424t170839-002038-0042df.zarr,0,13312,11.70082950592041,-0.08374523371458054,0.02881510928273201,,0.8159111738204956,
6,27,10,webp,WebP,channels,slc,1.4038899739583333,1104064,0.22407488292083144,0.021277574123814702,/lustre/scratch/1001/rdelprete/ssm_dataset/focused/PT3/s1c-s1-raw-s-vv-20250424t170801-20250424t170839-002038-0042df.zarr,0,13824,11.75483512878418,-0.012803349643945694,0.336421936750412,,0.718456506729126,
6,24,20,webp,WebP,channels,slc,1.3925577799479167,1095152,0.22134299390017986,0.02115219715051353,/lustre/scratch/1001/rdelprete/ssm_dataset/focused/PT3/s1c-s1-raw-s-vv-20250424t170801-20250424t170839-002038-0042df.zarr,0,12288,15.166259765625,0.14519578218460083,0.6106854677200317,,0.4933360815048218,
6,25,20,webp,WebP,channels,slc,1.6086018880208333,1265056,0.22964724688790739,0.0228484442923218,/lustre/scratch/1001/rdelprete/ssm_dataset/focused/PT3/s1c-s1-raw-s-vv-20250424t170801-20250424t170839-002038-0042df.zarr,0,12800,20.63550567626953,-0.0001987176074180752,0.37967202067375183,,0.6626315116882324,
6,26,20,webp,WebP,channels,slc,2.0434977213541665,1607072,0.2432553730905056,0.02624752721749246,/lustre/scratch/1001/rdelprete/ssm_dataset/focused/PT3/s1c-s1-raw-s-vv-20250424t170801-20250424t170839-002038-0042df.zarr,0,13312,11.026344299316406,-0.091502845287323,0.10178103297948837,,0.8476900458335876,
6,27,20,webp,WebP,channels,slc,2.1011555989583335,1652416,0.2451241670642048,0.026675675995647907,/lustre/scratch/1001/rdelprete/ssm_dataset/focused/PT3/s1c-s1-raw-s-vv-20250424t170801-20250424t170839-002038-0042df.zarr,0,13824,11.193438529968262,-0.010510104708373547,0.3673483431339264,,0.7243422269821167,
6,24,30,webp,WebP,channels,slc,1.89117431640625,1487280,0.23782976903021336,0.02490990492515266,/lustre/scratch/1001/rdelprete/ssm_dataset/focused/PT3/s1c-s1-raw-s-vv-20250424t170801-20250424t170839-002038-0042df.zarr,0,12288,14.542765617370605,0.15718823671340942,0.6364046335220337,,0.4828355312347412,
6,25,30,webp,WebP,channels,slc,2.1605224609375,1699104,0.24579051998443902,0.026964736869558692,/lustre/scratch/1001/rdelprete/ssm_dataset/focused/PT3/s1c-s1-raw-s-vv-20250424t170801-20250424t170839-002038-0042df.zarr,0,12800,20.165401458740234,0.0008160658180713654,0.40505412220954895,,0.6598494052886963,
6,26,30,webp,WebP,channels,slc,2.6690673828125,2099040,0.25843504909425974,0.03096229280345142,/lustre/scratch/1001/rdelprete/ssm_dataset/focused/PT3/s1c-s1-raw-s-vv-20250424t170801-20250424t170839-002038-0042df.zarr,0,13312,10.888130187988281,-0.10693877190351486,0.13370823860168457,,0.8536004424095154,
6,27,30,webp,WebP,channels,slc,2.8085734049479165,2208752,0.261330584064126,0.03209764510393143,/lustre/scratch/1001/rdelprete/ssm_dataset/focused/PT3/s1c-s1-raw-s-vv-20250424t170801-20250424t170839-002038-0042df.zarr,0,13824,11.331343650817871,-0.014049029909074306,0.3931938409805298,,0.7144110202789307,
6,24,40,webp,WebP,channels,slc,2.3254191080729165,1828784,0.249869077000767,0.02822923962958157,/lustre/scratch/1001/rdelprete/ssm_dataset/focused/PT3/s1c-s1-raw-s-vv-20250424t170801-20250424t170839-002038-0042df.zarr,0,12288,14.33703327178955,0.17097194492816925,0.6566216945648193,,0.46898382902145386,
6,25,40,webp,WebP,channels,slc,2.651611328125,2085312,0.25758545380085707,0.030791077995672822,/lustre/scratch/1001/rdelprete/ssm_dataset/focused/PT3/s1c-s1-raw-s-vv-20250424t170801-20250424t170839-002038-0042df.zarr,0,12800,20.135438919067383,-0.0018996590515598655,0.4232396185398102,,0.6486371755599976,
6,26,40,webp,WebP,channels,slc,3.2121175130208335,2526112,0.2688270329963416,0.035238734213635325,/lustre/scratch/1001/rdelprete/ssm_dataset/focused/PT3/s1c-s1-raw-s-vv-20250424t170801-20250424t170839-002038-0042df.zarr,0,13312,10.888867378234863,-0.12013416737318039,0.14899027347564697,,0.8519755601882935,
6,27,40,webp,WebP,channels,slc,3.30859375,2601984,0.2706458340398967,0.03603384899906814,/lustre/scratch/1001/rdelprete/ssm_dataset/focused/PT3/s1c-s1-raw-s-vv-20250424t170801-20250424t170839-002038-0042df.zarr,0,13824,11.38941764831543,-0.017134517431259155,0.4056684076786041,,0.7071640491485596,
6,24,50,webp,WebP,channels,slc,2.7657267252604165,2175056,0.2596863841172308,0.03172082407400012,/lustre/scratch/1001/rdelprete/ssm_dataset/focused/PT3/s1c-s1-raw-s-vv-20250424t170801-20250424t170839-002038-0042df.zarr,0,12288,14.294968605041504,0.18514449894428253,0.6723356246948242,,0.4552164673805237,
6,25,50,webp,WebP,channels,slc,3.0716756184895835,2415664,0.26613871892914176,0.03406828106380999,/lustre/scratch/1001/rdelprete/ssm_dataset/focused/PT3/s1c-s1-raw-s-vv-20250424t170801-20250424t170839-002038-0042df.zarr,0,12800,20.13016128540039,-0.003484465181827545,0.4337446391582489,,0.6394399404525757,
6,26,50,webp,WebP,channels,slc,3.6496175130208335,2870176,0.27613974874839187,0.03870346606709063,/lustre/scratch/1001/rdelprete/ssm_dataset/focused/PT3/s1c-s1-raw-s-vv-20250424t170801-20250424t170839-002038-0042df.zarr,0,13312,10.890289306640625,-0.12988770008087158,0.15757381916046143,,0.850043535232544,
6,27,50,webp,WebP,channels,slc,3.70672607421875,2915088,0.2765780121553689,0.03907495108433068,/lustre/scratch/1001/rdelprete/ssm_dataset/focused/PT3/s1c-s1-raw-s-vv-20250424t170801-20250424t170839-002038-0042df.zarr,0,13824,11.49716567993164,-0.020931914448738098,0.41290679574012756,,0.7013757228851318,
6,24,60,webp,WebP,channels,slc,3.1620686848958335,2486752,0.2674674999434501,0.03476855414919555,/lustre/scratch/1001/rdelprete/ssm_dataset/focused/PT3/s1c-s1-raw-s-vv-20250424t170801-20250424t170839-002038-0042df.zarr,0,12288,14.272054672241211,0.19680075347423553,0.6824686527252197,,0.44497060775756836,
6,25,60,webp,WebP,channels,slc,3.494873046875,2748480,0.2736701301764697,0.03738802717998624,/lustre/scratch/1001/rdelprete/ssm_dataset/focused/PT3/s1c-s1-raw-s-vv-20250424t170801-20250424t170839-002038-0042df.zarr,0,12800,20.18071937561035,-0.00548329995945096,0.44139257073402405,,0.6309744119644165,
6,26,60,webp,WebP,channels,slc,4.05389404296875,3188112,0.2819693519268185,0.041660693008452654,/lustre/scratch/1001/rdelprete/ssm_dataset/focused/PT3/s1c-s1-raw-s-vv-20250424t170801-20250424t170839-002038-0042df.zarr,0,13312,10.972955703735352,-0.14041507244110107,0.16185198724269867,,0.845431387424469,
6,27,60,webp,WebP,channels,slc,4.1531982421875,3266208,0.28322892915457487,0.04256560071371496,/lustre/scratch/1001/rdelprete/ssm_dataset/focused/PT3/s1c-s1-raw-s-vv-20250424t170801-20250424t170839-002038-0042df.zarr,0,13824,11.563620567321777,-0.02285848930478096,0.41858699917793274,,0.6993157863616943,
6,24,70,webp,WebP,channels,slc,3.5981648763020835,2829712,0.27439064416103065,0.03827901417389512,/lustre/scratch/1001/rdelprete/ssm_dataset/focused/PT3/s1c-s1-raw-s-vv-20250424t170801-20250424t170839-002038-0042df.zarr,0,12288,14.355286598205566,0.2111959010362625,0.6936047077178955,,0.43134593963623047,
6,25,70,webp,WebP,channels,slc,3.93499755859375,3094608,0.2798618341330439,0.040856173960492015,/lustre/scratch/1001/rdelprete/ssm_dataset/focused/PT3/s1c-s1-raw-s-vv-20250424t170801-20250424t170839-002038-0042df.zarr,0,12800,20.19527244567871,-0.008645773865282536,0.44793832302093506,,0.6230151653289795,
6,26,70,webp,WebP,channels,slc,4.497456868489583,3536944,0.28868917375802994,0.045179473934695125,/lustre/scratch/1001/rdelprete/ssm_dataset/focused/PT3/s1c-s1-raw-s-vv-20250424t170801-20250424t170839-002038-0042df.zarr,0,13312,10.961390495300293,-0.1485995650291443,0.16693274676799774,,0.8435245752334595,
6,27,70,webp,WebP,channels,slc,4.566141764322917,3590960,0.2904094150289893,0.04578935308381915,/lustre/scratch/1001/rdelprete/ssm_dataset/focused/PT3/s1c-s1-raw-s-vv-20250424t170801-20250424t170839-002038-0042df.zarr,0,13824,11.621768951416016,-0.025508582592010498,0.4237944185733795,,0.6945964694023132,
6,24,80,webp,WebP,channels,slc,4.538594563802083,3569296,0.28934051492251456,0.045185012044385076,/lustre/scratch/1001/rdelprete/ssm_dataset/focused/PT3/s1c-s1-raw-s-vv-20250424t170801-20250424t170839-002038-0042df.zarr,0,12288,14.479856491088867,0.2361925095319748,0.7092699408531189,,0.4104289412498474,
6,25,80,webp,WebP,channels,slc,4.861735026041667,3823424,0.2951711290515959,0.04784461599774659,/lustre/scratch/1001/rdelprete/ssm_dataset/focused/PT3/s1c-s1-raw-s-vv-20250424t170801-20250424t170839-002038-0042df.zarr,0,12800,20.24310874938965,-0.013053140603005886,0.45758599042892456,,0.6114040613174438,
6,26,80,webp,WebP,channels,slc,5.416829427083333,4259968,0.3056647020857781,0.05231251008808613,/lustre/scratch/1001/rdelprete/ssm_dataset/focused/PT3/s1c-s1-raw-s-vv-20250424t170801-20250424t170839-002038-0042df.zarr,0,13312,10.998200416564941,-0.1640022248029709,0.1727609634399414,,0.8382247686386108,
6,27,80,webp,WebP,channels,slc,5.456298828125,4291008,0.30489977402612567,0.05277670221403241,/lustre/scratch/1001/rdelprete/ssm_dataset/focused/PT3/s1c-s1-raw-s-vv-20250424t170801-20250424t170839-002038-0042df.zarr,0,13824,11.649381637573242,-0.030642660334706306,0.4301694929599762,,0.6908501386642456,
6,24,90,webp,WebP,channels,slc,6.394755045572917,5029040,0.32135656964965165,0.05937341880053282,/lustre/scratch/1001/rdelprete/ssm_dataset/focused/PT3/s1c-s1-raw-s-vv-20250424t170801-20250424t170839-002038-0042df.zarr,0,12288,14.585206985473633,0.26190727949142456,0.7222145199775696,,0.39031553268432617,
6,25,90,webp,WebP,channels,slc,6.71240234375,5278848,0.323570738080889,0.06217124708928168,/lustre/scratch/1001/rdelprete/ssm_dataset/focused/PT3/s1c-s1-raw-s-vv-20250424t170801-20250424t170839-002038-0042df.zarr,0,12800,20.258180618286133,-0.018819672986865044,0.46478694677352905,,0.6017604470252991,
6,26,90,webp,WebP,channels,slc,7.20257568359375,5664336,0.33309049997478724,0.06594950682483613,/lustre/scratch/1001/rdelprete/ssm_dataset/focused/PT3/s1c-s1-raw-s-vv-20250424t170801-20250424t170839-002038-0042df.zarr,0,13312,10.962310791015625,-0.17432257533073425,0.17953699827194214,,0.8362092971801758,
6,27,90,webp,WebP,channels,slc,7.43048095703125,5843568,0.3363025840371847,0.06835007318295538,/lustre/scratch/1001/rdelprete/ssm_dataset/focused/PT3/s1c-s1-raw-s-vv-20250424t170801-20250424t170839-002038-0042df.zarr,0,13824,11.684762001037598,-0.03516619652509689,0.4358408749103546,,0.6871545314788818,
6,24,95,webp,WebP,channels,slc,7.702392578125,6057408,0.3392390280496329,0.0693887600209564,/lustre/scratch/1001/rdelprete/ssm_dataset/focused/PT3/s1c-s1-raw-s-vv-20250424t170801-20250424t170839-002038-0042df.zarr,0,12288,14.449804306030273,0.2648315131664276,0.7229174375534058,,0.3895406126976013,
6,25,95,webp,WebP,channels,slc,8.113688151041666,6380864,0.3470426828134805,0.07325983582995832,/lustre/scratch/1001/rdelprete/ssm_dataset/focused/PT3/s1c-s1-raw-s-vv-20250424t170801-20250424t170839-002038-0042df.zarr,0,12800,20.238771438598633,-0.020202340558171272,0.46665990352630615,,0.5993270874023438,
6,26,95,webp,WebP,channels,slc,8.689860026041666,6833984,0.35731565789319575,0.07946018222719431,/lustre/scratch/1001/rdelprete/ssm_dataset/focused/PT3/s1c-s1-raw-s-vv-20250424t170801-20250424t170839-002038-0042df.zarr,0,13312,10.95833683013916,-0.17787626385688782,0.18076202273368835,,0.8349528908729553,
6,27,95,webp,WebP,channels,slc,8.837158203125,6949824,0.3599313839804381,0.08133610780350864,/lustre/scratch/1001/rdelprete/ssm_dataset/focused/PT3/s1c-s1-raw-s-vv-20250424t170801-20250424t170839-002038-0042df.zarr,0,13824,11.620844841003418,-0.03546837344765663,0.43715721368789673,,0.6876387596130371,
7,28,5,webp,WebP,channels,slc,0.6160685221354166,484496,0.18557726591825485,0.014421815052628517,/lustre/scratch/1001/rdelprete/ssm_dataset/focused/PT3/s1c-s1-raw-s-vv-20250424t170801-20250424t170839-002038-0042df.zarr,0,14336,27.814308166503906,0.13272009789943695,0.5693372488021851,,0.49391764402389526,
7,29,5,webp,WebP,channels,slc,0.7038370768229166,553520,0.18466602894477546,0.015126392943784595,/lustre/scratch/1001/rdelprete/ssm_dataset/focused/PT3/s1c-s1-raw-s-vv-20250424t170801-20250424t170839-002038-0042df.zarr,0,14848,21.46523666381836,0.18843653798103333,0.6342424154281616,,0.43890589475631714,
7,30,5,webp,WebP,channels,slc,1.0048014322916667,790208,0.2084043831564486,0.0181622460950166,/lustre/scratch/1001/rdelprete/ssm_dataset/focused/PT3/s1c-s1-raw-s-vv-20250424t170801-20250424t170839-002038-0042df.zarr,0,15360,12.68014144897461,0.0638849288225174,0.49048492312431335,,0.5743916034698486,
7,31,5,webp,WebP,channels,slc,0.09676106770833333,76096,0.15320743480697274,0.009042010176926851,/lustre/scratch/1001/rdelprete/ssm_dataset/focused/PT3/s1c-s1-raw-s-vv-20250424t170801-20250424t170839-002038-0042df.zarr,0,15872,28.54254913330078,-0.02633761800825596,0.46819618344306946,,0.2628439664840698,
7,28,10,webp,WebP,channels,slc,1.0267333984375,807456,0.20679740887135267,0.01804732484742999,/lustre/scratch/1001/rdelprete/ssm_dataset/focused/PT3/s1c-s1-raw-s-vv-20250424t170801-20250424t170839-002038-0042df.zarr,0,14336,26.20950698852539,0.14141526818275452,0.579133927822113,,0.521670937538147,
7,29,10,webp,WebP,channels,slc,1.1258138020833333,885376,0.21121941599994898,0.018949768971651793,/lustre/scratch/1001/rdelprete/ssm_dataset/focused/PT3/s1c-s1-raw-s-vv-20250424t170801-20250424t170839-002038-0042df.zarr,0,14848,20.039289474487305,0.19439809024333954,0.6439453363418579,,0.46098995208740234,
7,30,10,webp,WebP,channels,slc,1.4974365234375,1177632,0.2272618047427386,0.021861928049474955,/lustre/scratch/1001/rdelprete/ssm_dataset/focused/PT3/s1c-s1-raw-s-vv-20250424t170801-20250424t170839-002038-0042df.zarr,0,15360,11.703554153442383,0.07327842712402344,0.5108436346054077,,0.5809140205383301,
7,31,10,webp,WebP,channels,slc,0.17262776692708334,135760,0.1567088000010699,0.009835049975663424,/lustre/scratch/1001/rdelprete/ssm_dataset/focused/PT3/s1c-s1-raw-s-vv-20250424t170801-20250424t170839-002038-0042df.zarr,0,15872,27.560157775878906,-0.057640619575977325,0.33300334215164185,,0.3951985836029053,
7,28,20,webp,WebP,channels,slc,1.6186726888020833,1272976,0.22908143512904644,0.022700917907059193,/lustre/scratch/1001/rdelprete/ssm_dataset/focused/PT3/s1c-s1-raw-s-vv-20250424t170801-20250424t170839-002038-0042df.zarr,0,14336,25.04793357849121,0.152330681681633,0.6116231679916382,,0.5199775099754333,
7,29,20,webp,WebP,channels,slc,1.74774169921875,1374480,0.23329255892895162,0.023716620868071914,/lustre/scratch/1001/rdelprete/ssm_dataset/focused/PT3/s1c-s1-raw-s-vv-20250424t170801-20250424t170839-002038-0042df.zarr,0,14848,19.02643585205078,0.21051935851573944,0.6736611723899841,,0.45708703994750977,
7,30,20,webp,WebP,channels,slc,2.2864176432291665,1798112,0.2500440028961748,0.02794353710487485,/lustre/scratch/1001/rdelprete/ssm_dataset/focused/PT3/s1c-s1-raw-s-vv-20250424t170801-20250424t170839-002038-0042df.zarr,0,15360,11.268499374389648,0.08321622759103775,0.540997326374054,,0.5705378651618958,
7,31,20,webp,WebP,channels,slc,0.46588134765625,366384,0.1783908719662577,0.012996150879189372,/lustre/scratch/1001/rdelprete/ssm_dataset/focused/PT3/s1c-s1-raw-s-vv-20250424t170801-20250424t170839-002038-0042df.zarr,0,15872,24.9532470703125,-0.06333019584417343,0.19279344379901886,,0.6330267190933228,
7,28,30,webp,WebP,channels,slc,2.1942952473958335,1725664,0.24647102085873485,0.027327751042321324,/lustre/scratch/1001/rdelprete/ssm_dataset/focused/PT3/s1c-s1-raw-s-vv-20250424t170801-20250424t170839-002038-0042df.zarr,0,14336,24.530344009399414,0.1648782342672348,0.6405559778213501,,0.5065509676933289,
7,29,30,webp,WebP,channels,slc,2.3222859700520835,1826320,0.25015559094026685,0.028426497243344784,/lustre/scratch/1001/rdelprete/ssm_dataset/focused/PT3/s1c-s1-raw-s-vv-20250424t170801-20250424t170839-002038-0042df.zarr,0,14848,18.663599014282227,0.22930805385112762,0.7011440396308899,,0.43994444608688354,
7,30,30,webp,WebP,channels,slc,3.0312296549479165,2383856,0.26607570610940456,0.03411911800503731,/lustre/scratch/1001/rdelprete/ssm_dataset/focused/PT3/s1c-s1-raw-s-vv-20250424t170801-20250424t170839-002038-0042df.zarr,0,15360,11.484758377075195,0.09670750796794891,0.5669458508491516,,0.5481280088424683,
7,31,30,webp,WebP,channels,slc,0.8047892252604166,632912,0.19632315495982766,0.016388334101065993,/lustre/scratch/1001/rdelprete/ssm_dataset/focused/PT3/s1c-s1-raw-s-vv-20250424t170801-20250424t170839-002038-0042df.zarr,0,15872,23.56340789794922,-0.054232627153396606,0.19692011177539825,,0.7305693030357361,
7,28,40,webp,WebP,channels,slc,2.7021280924479165,2125040,0.25882838014513254,0.03128891182132065,/lustre/scratch/1001/rdelprete/ssm_dataset/focused/PT3/s1c-s1-raw-s-vv-20250424t170801-20250424t170839-002038-0042df.zarr,0,14336,24.551469802856445,0.1791297346353531,0.6623956561088562,,0.4910200238227844,
7,29,40,webp,WebP,channels,slc,2.84075927734375,2234064,0.2611545859836042,0.0323270580265671,/lustre/scratch/1001/rdelprete/ssm_dataset/focused/PT3/s1c-s1-raw-s-vv-20250424t170801-20250424t170839-002038-0042df.zarr,0,14848,18.73499298095703,0.25272542238235474,0.722553551197052,,0.421889066696167,
7,30,40,webp,WebP,channels,slc,3.4636027018229165,2723888,0.2718162680976093,0.037242711056023836,/lustre/scratch/1001/rdelprete/ssm_dataset/focused/PT3/s1c-s1-raw-s-vv-20250424t170801-20250424t170839-002038-0042df.zarr,0,15360,11.481653213500977,0.10140738636255264,0.5756326913833618,,0.541873574256897,
7,31,40,webp,WebP,channels,slc,1.1017862955729167,866480,0.21065511624328792,0.01870748889632523,/lustre/scratch/1001/rdelprete/ssm_dataset/focused/PT3/s1c-s1-raw-s-vv-20250424t170801-20250424t170839-002038-0042df.zarr,0,15872,22.849323272705078,-0.05307472497224808,0.22656822204589844,,0.7613447904586792,
7,28,50,webp,WebP,channels,slc,3.1171875,2451456,0.26683613890782,0.03454175824299455,/lustre/scratch/1001/rdelprete/ssm_dataset/focused/PT3/s1c-s1-raw-s-vv-20250424t170801-20250424t170839-002038-0042df.zarr,0,14336,24.564409255981445,0.1883048117160797,0.6744210720062256,,0.4818921685218811,
7,29,50,webp,WebP,channels,slc,3.2883504231770835,2586064,0.2692692638374865,0.03595279878936708,/lustre/scratch/1001/rdelprete/ssm_dataset/focused/PT3/s1c-s1-raw-s-vv-20250424t170801-20250424t170839-002038-0042df.zarr,0,14848,18.73727798461914,0.2671828866004944,0.7340927720069885,,0.41097408533096313,
7,30,50,webp,WebP,channels,slc,3.8565266927083335,3032896,0.27858227700926363,0.040352542884647846,/lustre/scratch/1001/rdelprete/ssm_dataset/focused/PT3/s1c-s1-raw-s-vv-20250424t170801-20250424t170839-002038-0042df.zarr,0,15360,11.681489944458008,0.10659871250391006,0.5838391780853271,,0.5317692756652832,
7,31,50,webp,WebP,channels,slc,1.4168701171875,1114272,0.2229641219601035,0.021183839067816734,/lustre/scratch/1001/rdelprete/ssm_dataset/focused/PT3/s1c-s1-raw-s-vv-20250424t170801-20250424t170839-002038-0042df.zarr,0,15872,22.405181884765625,-0.05352669209241867,0.25219160318374634,,0.7743492126464844,
7,28,60,webp,WebP,channels,slc,3.5246988932291665,2771936,0.2735845521092415,0.03780150390230119,/lustre/scratch/1001/rdelprete/ssm_dataset/focused/PT3/s1c-s1-raw-s-vv-20250424t170801-20250424t170839-002038-0042df.zarr,0,14336,24.690629959106445,0.1999746859073639,0.6851176619529724,,0.4725233316421509,
7,29,60,webp,WebP,channels,slc,3.69464111328125,2905584,0.276222973363474,0.03911499911919236,/lustre/scratch/1001/rdelprete/ssm_dataset/focused/PT3/s1c-s1-raw-s-vv-20250424t170801-20250424t170839-002038-0042df.zarr,0,14848,18.862478256225586,0.28296375274658203,0.7445333003997803,,0.4001760482788086,
7,30,60,webp,WebP,channels,slc,4.344685872395833,3416800,0.2867025639861822,0.044152304995805025,/lustre/scratch/1001/rdelprete/ssm_dataset/focused/PT3/s1c-s1-raw-s-vv-20250424t170801-20250424t170839-002038-0042df.zarr,0,15360,11.620087623596191,0.10992814600467682,0.5898127555847168,,0.5264595150947571,
7,31,60,webp,WebP,channels,slc,1.7732340494791667,1394528,0.23554118885658681,0.02401528600603342,/lustre/scratch/1001/rdelprete/ssm_dataset/focused/PT3/s1c-s1-raw-s-vv-20250424t170801-20250424t170839-002038-0042df.zarr,0,15872,22.10918426513672,-0.05442612245678902,0.2765207290649414,,0.7882762551307678,
7,28,70,webp,WebP,channels,slc,3.9473876953125,3104352,0.28041468700394034,0.04097133385948837,/lustre/scratch/1001/rdelprete/ssm_dataset/focused/PT3/s1c-s1-raw-s-vv-20250424t170801-20250424t170839-002038-0042df.zarr,0,14336,24.806215286254883,0.2096426784992218,0.6937469244003296,,0.4644487500190735,
7,29,70,webp,WebP,channels,slc,4.153076171875,3266112,0.2841053958982229,0.04256544029340148,/lustre/scratch/1001/rdelprete/ssm_dataset/focused/PT3/s1c-s1-raw-s-vv-20250424t170801-20250424t170839-002038-0042df.zarr,0,14848,18.93476104736328,0.2971906065940857,0.7529438138008118,,0.3910596966743469,
7,30,70,webp,WebP,channels,slc,4.762797037760417,3745616,0.29410644294694066,0.04722467088140547,/lustre/scratch/1001/rdelprete/ssm_dataset/focused/PT3/s1c-s1-raw-s-vv-20250424t170801-20250424t170839-002038-0042df.zarr,0,15360,11.632843971252441,0.11358657479286194,0.5936288237571716,,0.5230206251144409,
7,31,70,webp,WebP,channels,slc,2.1894124348958335,1721824,0.24751260108314455,0.027276294073089957,/lustre/scratch/1001/rdelprete/ssm_dataset/focused/PT3/s1c-s1-raw-s-vv-20250424t170801-20250424t170839-002038-0042df.zarr,0,15872,22.010744094848633,-0.05778326466679573,0.30072081089019775,,0.7955914735794067,
7,28,80,webp,WebP,channels,slc,4.864013671875,3825216,0.2955966640729457,0.04782365309074521,/lustre/scratch/1001/rdelprete/ssm_dataset/focused/PT3/s1c-s1-raw-s-vv-20250424t170801-20250424t170839-002038-0042df.zarr,0,14336,24.868606567382812,0.22370798885822296,0.7053465843200684,,0.4555022120475769,
7,29,80,webp,WebP,channels,slc,5.04608154296875,3968400,0.2987438722047955,0.04917284310795367,/lustre/scratch/1001/rdelprete/ssm_dataset/focused/PT3/s1c-s1-raw-s-vv-20250424t170801-20250424t170839-002038-0042df.zarr,0,14848,19.035917282104492,0.31792640686035156,0.7641677260398865,,0.37852227687835693,
7,30,80,webp,WebP,channels,slc,5.665181477864583,4455280,0.30806439789012074,0.05435315007343888,/lustre/scratch/1001/rdelprete/ssm_dataset/focused/PT3/s1c-s1-raw-s-vv-20250424t170801-20250424t170839-002038-0042df.zarr,0,15360,11.679512023925781,0.11765097081661224,0.5998695492744446,,0.5166507959365845,
7,31,80,webp,WebP,channels,slc,3.09295654296875,2432400,0.2656443230807781,0.03436914016492665,/lustre/scratch/1001/rdelprete/ssm_dataset/focused/PT3/s1c-s1-raw-s-vv-20250424t170801-20250424t170839-002038-0042df.zarr,0,15872,22.076284408569336,-0.07407760620117188,0.32948219776153564,,0.79219651222229,
7,28,90,webp,WebP,channels,slc,6.759745279947917,5316080,0.3249638711567968,0.06245260615833104,/lustre/scratch/1001/rdelprete/ssm_dataset/focused/PT3/s1c-s1-raw-s-vv-20250424t170801-20250424t170839-002038-0042df.zarr,0,14336,24.84897804260254,0.23252913355827332,0.7140768766403198,,0.4469258785247803,
7,29,90,webp,WebP,channels,slc,6.876057942708333,5407552,0.32670159195549786,0.06317247892729938,/lustre/scratch/1001/rdelprete/ssm_dataset/focused/PT3/s1c-s1-raw-s-vv-20250424t170801-20250424t170839-002038-0042df.zarr,0,14848,19.105316162109375,0.337106317281723,0.7737925052642822,,0.3669236898422241,
7,30,90,webp,WebP,channels,slc,7.52728271484375,5919696,0.33744790009222925,0.06904298276640475,/lustre/scratch/1001/rdelprete/ssm_dataset/focused/PT3/s1c-s1-raw-s-vv-20250424t170801-20250424t170839-002038-0042df.zarr,0,15360,11.761333465576172,0.12204886227846146,0.6054848432540894,,0.5094103813171387,
7,31,90,webp,WebP,channels,slc,5.0579833984375,3977760,0.29880732693709433,0.047893888084217906,/lustre/scratch/1001/rdelprete/ssm_dataset/focused/PT3/s1c-s1-raw-s-vv-20250424t170801-20250424t170839-002038-0042df.zarr,0,15872,22.315122604370117,-0.10749812424182892,0.35313186049461365,,0.7740554809570312,
7,28,95,webp,WebP,channels,slc,8.157857259114584,6415600,0.3468014339450747,0.07377677480690181,/lustre/scratch/1001/rdelprete/ssm_dataset/focused/PT3/s1c-s1-raw-s-vv-20250424t170801-20250424t170839-002038-0042df.zarr,0,14336,24.8499755859375,0.23503150045871735,0.71601802110672,,0.44545745849609375,
7,29,95,webp,WebP,channels,slc,8.310078938802084,6535312,0.3497570778708905,0.07531402609311044,/lustre/scratch/1001/rdelprete/ssm_dataset/focused/PT3/s1c-s1-raw-s-vv-20250424t170801-20250424t170839-002038-0042df.zarr,0,14848,19.108293533325195,0.3418298661708832,0.7762914299964905,,0.36324191093444824,
7,30,95,webp,WebP,channels,slc,8.964457194010416,7049936,0.3608195160049945,0.08274091128259897,/lustre/scratch/1001/rdelprete/ssm_dataset/focused/PT3/s1c-s1-raw-s-vv-20250424t170801-20250424t170839-002038-0042df.zarr,0,15360,11.692924499511719,0.1220175102353096,0.6057385802268982,,0.5099784135818481,
7,31,95,webp,WebP,channels,slc,6.493123372395833,5106400,0.3211980229243636,0.0590210638474673,/lustre/scratch/1001/rdelprete/ssm_dataset/focused/PT3/s1c-s1-raw-s-vv-20250424t170801-20250424t170839-002038-0042df.zarr,0,15872,22.15359878540039,-0.11289331316947937,0.362094521522522,,0.7761273980140686,
